<?xml version="1.0" encoding="UTF-8"?>
<XMI xmlns:UML="//org.omg/UML/1.3" xmi.version="1.1">
    <XMI.header>
        <XMI.documentation>
            <XMI.exporter>ocle 2.0</XMI.exporter>
            <XMI.exporterVersion>1.0</XMI.exporterVersion>
        </XMI.documentation>
        <XMI.metamodel xmi.name="UML" xmi.version="1.3"/>
    </XMI.header>
    <XMI.content>
        <UML:Model xmi.id="S.1" name="NewModel" isRoot="true" isLeaf="true" isAbstract="false" visibility="1" isSpecification="false">
            <UML:Namespace.ownedElement>
                <UML:Stereotype xmi.id="S.2" baseClass="AssociationEnd" isRoot="false" isLeaf="false" isAbstract="false" name="global" namespace="S.1" visibility="1" isSpecification="false"/>
                <UML:Stereotype xmi.id="S.3" baseClass="Abstraction" isRoot="false" isLeaf="false" isAbstract="false" name="file" namespace="S.1" visibility="1" isSpecification="false"/>
                <UML:Stereotype xmi.id="S.4" baseClass="Package" isRoot="false" isLeaf="false" isAbstract="false" name="facade" namespace="S.1" visibility="1" isSpecification="false"/>
                <UML:DataType xmi.id="S.5" isRoot="false" isLeaf="false" isAbstract="false" name="undefined" namespace="S.1" visibility="1" isSpecification="false"/>
                <UML:Stereotype xmi.id="S.6" baseClass="Package" isRoot="false" isLeaf="false" isAbstract="false" name="systemModel" namespace="S.1" visibility="1" isSpecification="false"/>
                <UML:Stereotype xmi.id="S.7" baseClass="Package" isRoot="false" isLeaf="false" isAbstract="false" name="framework" namespace="S.1" visibility="1" isSpecification="false"/>
                <UML:Stereotype xmi.id="S.8" baseClass="Classifier" isRoot="false" isLeaf="false" isAbstract="false" name="enumeration" namespace="S.1" visibility="1" isSpecification="false"/>
                <UML:Stereotype xmi.id="S.9" baseClass="AssociationEnd" isRoot="false" isLeaf="false" isAbstract="false" name="association" namespace="S.1" visibility="1" isSpecification="false"/>
                <UML:Stereotype xmi.id="S.10" baseClass="Constraint" isRoot="false" isLeaf="false" isAbstract="false" name="precondition" namespace="S.1" visibility="1" isSpecification="false"/>
                <UML:Stereotype xmi.id="S.11" baseClass="Constraint" isRoot="false" isLeaf="false" isAbstract="false" name="invariant" namespace="S.1" visibility="1" isSpecification="false"/>
                <UML:Stereotype xmi.id="S.12" baseClass="Abstraction" isRoot="false" isLeaf="false" isAbstract="false" name="executable" namespace="S.1" visibility="1" isSpecification="false"/>
                <UML:Stereotype xmi.id="S.13" baseClass="Package" isRoot="false" isLeaf="false" isAbstract="false" name="profile" namespace="S.1" visibility="1" isSpecification="false"/>
                <UML:DataType xmi.id="S.14" isRoot="false" isLeaf="false" isAbstract="false" name="Integer" namespace="S.1" visibility="1" isSpecification="false"/>
                <UML:Stereotype xmi.id="S.15" baseClass="Class" isRoot="false" isLeaf="false" isAbstract="false" name="powertype" namespace="S.1" visibility="1" isSpecification="false"/>
                <UML:Stereotype xmi.id="S.16" baseClass="Abstraction" isRoot="false" isLeaf="false" isAbstract="false" name="document" namespace="S.1" visibility="1" isSpecification="false"/>
                <UML:Stereotype xmi.id="S.17" baseClass="Abstraction" isRoot="false" isLeaf="false" isAbstract="false" name="trace" namespace="S.1" visibility="1" isSpecification="false"/>
                <UML:Stereotype xmi.id="S.18" baseClass="AssociationEnd" isRoot="false" isLeaf="false" isAbstract="false" name="self" namespace="S.1" visibility="1" isSpecification="false"/>
                <UML:Stereotype xmi.id="S.19" baseClass="AssociationEnd" isRoot="false" isLeaf="false" isAbstract="false" name="local" namespace="S.1" visibility="1" isSpecification="false"/>
                <UML:Stereotype xmi.id="S.20" baseClass="Permission" isRoot="false" isLeaf="false" isAbstract="false" name="import" namespace="S.1" visibility="1" isSpecification="false"/>
                <UML:Stereotype xmi.id="S.21" baseClass="AssociationEnd" isRoot="false" isLeaf="false" isAbstract="false" name="parameter" namespace="S.1" visibility="1" isSpecification="false"/>
                <UML:Stereotype xmi.id="S.22" baseClass="Comment" isRoot="false" isLeaf="false" isAbstract="false" name="requirement" namespace="S.1" visibility="1" isSpecification="false"/>
                <UML:Stereotype xmi.id="S.23" baseClass="Comment" isRoot="false" isLeaf="false" isAbstract="false" name="responsibility" namespace="S.1" visibility="1" isSpecification="false"/>
                <UML:Stereotype xmi.id="S.24" baseClass="BehavioralFeature CallEvent" isRoot="false" isLeaf="false" isAbstract="false" name="destroy" namespace="S.1" visibility="1" isSpecification="false"/>
                <UML:Stereotype xmi.id="S.25" baseClass="Class Generalization" isRoot="false" isLeaf="false" isAbstract="false" name="implementation" namespace="S.1" visibility="1" isSpecification="false"/>
                <UML:Stereotype xmi.id="S.26" baseClass="Usage" isRoot="false" isLeaf="false" isAbstract="false" name="call" namespace="S.1" visibility="1" isSpecification="false"/>
                <UML:Stereotype xmi.id="S.27" baseClass="Package" isRoot="false" isLeaf="false" isAbstract="false" name="appliedProfile" namespace="S.1" visibility="1" isSpecification="false"/>
                <UML:Stereotype xmi.id="S.28" baseClass="Class" isRoot="false" isLeaf="false" isAbstract="false" name="type" namespace="S.1" visibility="1" isSpecification="false"/>
                <UML:Stereotype xmi.id="S.29" baseClass="Class" isRoot="false" isLeaf="false" isAbstract="false" name="focus" namespace="S.1" visibility="1" isSpecification="false"/>
                <UML:DataType xmi.id="S.30" isRoot="false" isLeaf="false" isAbstract="false" name="Real" namespace="S.1" visibility="1" isSpecification="false"/>
                <UML:Stereotype xmi.id="S.31" baseClass="Usage" isRoot="false" isLeaf="false" isAbstract="false" name="send" namespace="S.1" visibility="1" isSpecification="false"/>
                <UML:Stereotype xmi.id="S.32" baseClass="Classifier" isRoot="false" isLeaf="false" isAbstract="false" name="process" namespace="S.1" visibility="1" isSpecification="false"/>
                <UML:Stereotype xmi.id="S.33" baseClass="Permission" isRoot="false" isLeaf="false" isAbstract="false" name="access" namespace="S.1" visibility="1" isSpecification="false"/>
                <UML:Stereotype xmi.id="S.34" baseClass="BehavioralFeature CallEvent Usage" isRoot="false" isLeaf="false" isAbstract="false" name="create" namespace="S.1" visibility="1" isSpecification="false"/>
                <UML:Stereotype xmi.id="S.35" baseClass="Abstraction" isRoot="false" isLeaf="false" isAbstract="false" name="refine" namespace="S.1" visibility="1" isSpecification="false"/>
                <UML:Stereotype xmi.id="S.36" baseClass="Abstraction" isRoot="false" isLeaf="false" isAbstract="false" name="source" namespace="S.1" visibility="1" isSpecification="false"/>
                <UML:DataType xmi.id="S.37" isRoot="false" isLeaf="false" isAbstract="false" name="UnlimitedInteger" namespace="S.1" visibility="1" isSpecification="false"/>
                <UML:Stereotype xmi.id="S.38" baseClass="Abstraction" isRoot="false" isLeaf="false" isAbstract="false" name="table" namespace="S.1" visibility="1" isSpecification="false"/>
                <UML:Stereotype xmi.id="S.39" baseClass="Package" isRoot="false" isLeaf="false" isAbstract="false" name="stub" namespace="S.1" visibility="1" isSpecification="false"/>
                <UML:Stereotype xmi.id="S.40" baseClass="Abstraction" isRoot="false" isLeaf="false" isAbstract="false" name="library" namespace="S.1" visibility="1" isSpecification="false"/>
                <UML:Stereotype xmi.id="S.41" baseClass="Abstraction" isRoot="false" isLeaf="false" isAbstract="false" name="realize" namespace="S.1" visibility="1" isSpecification="false"/>
                <UML:Stereotype xmi.id="S.42" baseClass="Abstraction" isRoot="false" isLeaf="false" isAbstract="false" name="derive" namespace="S.1" visibility="1" isSpecification="false"/>
                <UML:Stereotype xmi.id="S.43" baseClass="Flow" isRoot="false" isLeaf="false" isAbstract="false" name="copy" namespace="S.1" visibility="1" isSpecification="false"/>
                <UML:Stereotype xmi.id="S.44" baseClass="Class" isRoot="false" isLeaf="false" isAbstract="false" name="auxiliary" namespace="S.1" visibility="1" isSpecification="false"/>
                <UML:Stereotype xmi.id="S.45" baseClass="Flow" isRoot="false" isLeaf="false" isAbstract="false" name="become" namespace="S.1" visibility="1" isSpecification="false"/>
                <UML:Stereotype xmi.id="S.46" baseClass="ObjectFlowState" isRoot="false" isLeaf="false" isAbstract="false" name="signalflow" namespace="S.1" visibility="1" isSpecification="false"/>
                <UML:Stereotype xmi.id="S.47" baseClass="Usage" isRoot="false" isLeaf="false" isAbstract="false" name="instantiate" namespace="S.1" visibility="1" isSpecification="false"/>
                <UML:Stereotype xmi.id="S.48" baseClass="Constraint" isRoot="false" isLeaf="false" isAbstract="false" name="stateInvariant" namespace="S.1" visibility="1" isSpecification="false"/>
                <UML:Stereotype xmi.id="S.49" baseClass="Constraint" isRoot="false" isLeaf="false" isAbstract="false" name="postcondition" namespace="S.1" visibility="1" isSpecification="false"/>
                <UML:Stereotype xmi.id="S.50" baseClass="Classifier" isRoot="false" isLeaf="false" isAbstract="false" name="utility" namespace="S.1" visibility="1" isSpecification="false"/>
                <UML:Stereotype xmi.id="S.51" baseClass="Classifier" isRoot="false" isLeaf="false" isAbstract="false" name="thread" namespace="S.1" visibility="1" isSpecification="false"/>
                <UML:DataType xmi.id="S.52" isRoot="false" isLeaf="false" isAbstract="false" name="String" namespace="S.1" visibility="1" isSpecification="false"/>
                <UML:Stereotype xmi.id="S.53" baseClass="Package" isRoot="false" isLeaf="false" isAbstract="false" name="modelLibrary" namespace="S.1" visibility="1" isSpecification="false"/>
                <UML:Stereotype xmi.id="S.54" baseClass="Package" isRoot="false" isLeaf="false" isAbstract="false" name="metamodel" namespace="S.1" visibility="1" isSpecification="false"/>
                <UML:Stereotype xmi.id="S.55" baseClass="Class" isRoot="false" isLeaf="false" isAbstract="false" name="metaclass" namespace="S.1" visibility="1" isSpecification="false"/>
                <UML:Stereotype xmi.id="S.56" baseClass="Package" isRoot="false" isLeaf="false" isAbstract="false" name="topLevel" namespace="S.1" visibility="1" isSpecification="false"/>
                <UML:DataType xmi.id="S.57" isRoot="false" isLeaf="false" isAbstract="false" name="Boolean" namespace="S.1" visibility="1" isSpecification="false"/>
                <UML:Stereotype xmi.id="S.58" baseClass="Permission" isRoot="false" isLeaf="false" isAbstract="false" name="friend" namespace="S.1" visibility="1" isSpecification="false"/>
            </UML:Namespace.ownedElement>
        </UML:Model>
    </XMI.content>
</XMI>
