<?xml version="1.0" encoding="UTF-8"?>
<XMI xmlns:UML="//org.omg/UML/1.3" xmi.version="1.1">
    <XMI.header>
        <XMI.documentation>
            <XMI.exporter>ocle 2.0</XMI.exporter>
            <XMI.exporterVersion>1.0</XMI.exporterVersion>
        </XMI.documentation>
        <XMI.metamodel xmi.name="UML" xmi.version="1.3"/>
    </XMI.header>
    <XMI.content>
        <UML:Model xmi.id="S.1" name="CarRental2" isRoot="false" isLeaf="false" isAbstract="false" visibility="public" isSpecification="false">
            <UML:Namespace.ownedElement>
                <UML:Stereotype xmi.id="S.2" baseClass="Comment" isRoot="false" isLeaf="false" isAbstract="false" name="responsibility" namespace="S.1" visibility="public" isSpecification="false"/>
                <UML:Stereotype xmi.id="S.3" baseClass="Abstraction" isRoot="false" isLeaf="false" isAbstract="false" name="realize" namespace="S.1" visibility="public" isSpecification="false"/>
                <UML:Stereotype xmi.id="S.4" baseClass="BehavioralFeature CallEvent Usage" isRoot="false" isLeaf="false" isAbstract="false" name="create" namespace="S.1" visibility="public" isSpecification="false"/>
                <UML:Stereotype xmi.id="S.5" baseClass="Package" isRoot="false" isLeaf="false" isAbstract="false" name="systemModel" namespace="S.1" visibility="public" isSpecification="false"/>
                <UML:Stereotype xmi.id="S.6" baseClass="Classifier" isRoot="false" isLeaf="false" isAbstract="false" name="process" namespace="S.1" visibility="public" isSpecification="false"/>
                <UML:Stereotype xmi.id="S.7" baseClass="Constraint" isRoot="false" isLeaf="false" isAbstract="false" name="invariant" namespace="S.1" visibility="public" isSpecification="false"/>
                <UML:Stereotype xmi.id="S.8" baseClass="Abstraction" isRoot="false" isLeaf="false" isAbstract="false" name="refine" namespace="S.1" visibility="public" isSpecification="false"/>
                <UML:Stereotype xmi.id="S.9" baseClass="Package" isRoot="false" isLeaf="false" isAbstract="false" name="framework" namespace="S.1" visibility="public" isSpecification="false"/>
                <UML:Stereotype xmi.id="S.10" baseClass="Constraint" isRoot="false" isLeaf="false" isAbstract="false" name="stateInvariant" namespace="S.1" visibility="public" isSpecification="false"/>
                <UML:Association xmi.id="S.11" name="Management" namespace="S.1" isRoot="false" isLeaf="false" isAbstract="false" visibility="public" isSpecification="false">
                    <UML:Association.connection>
                        <UML:AssociationEnd xmi.id="S.12" association="S.11" visibility="public" isNavigable="true" ordering="unordered" aggregation="none" targetScope="instance" changeability="changeable" type="S.15" name="manager" isSpecification="false">
                            <UML:AssociationEnd.multiplicity>
                                <UML:Multiplicity xmi.id="S.13">
                                    <UML:Multiplicity.range>
                                        <UML:MultiplicityRange xmi.id="S.14" multiplicity="S.13" lower="1" upper="1"/>
                                    </UML:Multiplicity.range>
                                </UML:Multiplicity>
                            </UML:AssociationEnd.multiplicity>
                        </UML:AssociationEnd>
                        <UML:AssociationEnd xmi.id="S.16" association="S.11" visibility="public" isNavigable="true" ordering="unordered" aggregation="none" targetScope="instance" changeability="changeable" type="S.19" name="managedBranch" isSpecification="false">
                            <UML:AssociationEnd.multiplicity>
                                <UML:Multiplicity xmi.id="S.17">
                                    <UML:Multiplicity.range>
                                        <UML:MultiplicityRange xmi.id="S.18" multiplicity="S.17" lower="0" upper="1"/>
                                    </UML:Multiplicity.range>
                                </UML:Multiplicity>
                            </UML:AssociationEnd.multiplicity>
                        </UML:AssociationEnd>
                    </UML:Association.connection>
                </UML:Association>
                <UML:Stereotype xmi.id="S.20" baseClass="Package" isRoot="false" isLeaf="false" isAbstract="false" name="facade" namespace="S.1" visibility="public" isSpecification="false"/>
                <UML:Class xmi.id="S.21" isActive="false" isRoot="true" isLeaf="false" isAbstract="true" specialization="S.46 S.47" name="Person" namespace="S.1" visibility="public" isSpecification="false">
                    <UML:Classifier.feature>
                        <UML:Attribute xmi.id="S.22" type="S.24" ordering="unordered" targetScope="instance" changeability="changeable" owner="S.21" visibility="public" ownerScope="instance" name="firstname" isSpecification="false">
                            <UML:Attribute.initialValue>
                                <UML:Expression xmi.id="S.23" body="" language=""/>
                            </UML:Attribute.initialValue>
                            <UML:StructuralFeature.multiplicity>
                                <UML:Multiplicity xmi.id="S.25">
                                    <UML:Multiplicity.range>
                                        <UML:MultiplicityRange xmi.id="S.26" multiplicity="S.25" lower="1" upper="1"/>
                                    </UML:Multiplicity.range>
                                </UML:Multiplicity>
                            </UML:StructuralFeature.multiplicity>
                        </UML:Attribute>
                        <UML:Attribute xmi.id="S.27" type="S.24" ordering="unordered" targetScope="instance" changeability="changeable" owner="S.21" visibility="public" ownerScope="instance" name="lastName" isSpecification="false">
                            <UML:Attribute.initialValue>
                                <UML:Expression xmi.id="S.28" body="" language=""/>
                            </UML:Attribute.initialValue>
                            <UML:StructuralFeature.multiplicity>
                                <UML:Multiplicity xmi.id="S.29">
                                    <UML:Multiplicity.range>
                                        <UML:MultiplicityRange xmi.id="S.30" multiplicity="S.29" lower="1" upper="1"/>
                                    </UML:Multiplicity.range>
                                </UML:Multiplicity>
                            </UML:StructuralFeature.multiplicity>
                        </UML:Attribute>
                        <UML:Attribute xmi.id="S.31" type="S.33" ordering="unordered" targetScope="instance" changeability="changeable" owner="S.21" visibility="public" ownerScope="instance" name="age" isSpecification="false">
                            <UML:Attribute.initialValue>
                                <UML:Expression xmi.id="S.32" body="" language=""/>
                            </UML:Attribute.initialValue>
                            <UML:StructuralFeature.multiplicity>
                                <UML:Multiplicity xmi.id="S.34">
                                    <UML:Multiplicity.range>
                                        <UML:MultiplicityRange xmi.id="S.35" multiplicity="S.34" lower="1" upper="1"/>
                                    </UML:Multiplicity.range>
                                </UML:Multiplicity>
                            </UML:StructuralFeature.multiplicity>
                        </UML:Attribute>
                        <UML:Attribute xmi.id="S.36" type="S.38" ordering="unordered" targetScope="instance" changeability="changeable" owner="S.21" visibility="public" ownerScope="instance" name="isMarried" isSpecification="false">
                            <UML:Attribute.initialValue>
                                <UML:Expression xmi.id="S.37" body="" language=""/>
                            </UML:Attribute.initialValue>
                            <UML:StructuralFeature.multiplicity>
                                <UML:Multiplicity xmi.id="S.39">
                                    <UML:Multiplicity.range>
                                        <UML:MultiplicityRange xmi.id="S.40" multiplicity="S.39" lower="1" upper="1"/>
                                    </UML:Multiplicity.range>
                                </UML:Multiplicity>
                            </UML:StructuralFeature.multiplicity>
                        </UML:Attribute>
                        <UML:Attribute xmi.id="S.41" type="S.43" ordering="unordered" targetScope="instance" changeability="changeable" owner="S.21" visibility="public" ownerScope="instance" name="email" isSpecification="false">
                            <UML:Attribute.initialValue>
                                <UML:Expression xmi.id="S.42" body="" language=""/>
                            </UML:Attribute.initialValue>
                            <UML:StructuralFeature.multiplicity>
                                <UML:Multiplicity xmi.id="S.44">
                                    <UML:Multiplicity.range>
                                        <UML:MultiplicityRange xmi.id="S.45" multiplicity="S.44" lower="1" upper="1"/>
                                    </UML:Multiplicity.range>
                                </UML:Multiplicity>
                            </UML:StructuralFeature.multiplicity>
                        </UML:Attribute>
                    </UML:Classifier.feature>
                </UML:Class>
                <UML:Stereotype xmi.id="S.48" baseClass="Permission" isRoot="false" isLeaf="false" isAbstract="false" name="access" namespace="S.1" visibility="public" isSpecification="false"/>
                <UML:Stereotype xmi.id="S.49" baseClass="Class" isRoot="false" isLeaf="false" isAbstract="false" name="type" namespace="S.1" visibility="public" isSpecification="false"/>
                <UML:DataType xmi.id="S.38" typedFeature="S.36" isRoot="false" isLeaf="false" isAbstract="false" name="Boolean" namespace="S.1" visibility="public" isSpecification="false"/>
                <UML:Class xmi.id="S.50" isActive="false" isRoot="false" isLeaf="true" isAbstract="false" generalization="S.47" name="Customer" namespace="S.1" visibility="public" isSpecification="false">
                    <UML:Classifier.feature>
                        <UML:Attribute xmi.id="S.51" type="S.24" ordering="unordered" targetScope="instance" changeability="changeable" owner="S.50" visibility="public" ownerScope="instance" name="address" isSpecification="false">
                            <UML:Attribute.initialValue>
                                <UML:Expression xmi.id="S.52" body="" language=""/>
                            </UML:Attribute.initialValue>
                            <UML:StructuralFeature.multiplicity>
                                <UML:Multiplicity xmi.id="S.53">
                                    <UML:Multiplicity.range>
                                        <UML:MultiplicityRange xmi.id="S.54" multiplicity="S.53" lower="1" upper="1"/>
                                    </UML:Multiplicity.range>
                                </UML:Multiplicity>
                            </UML:StructuralFeature.multiplicity>
                        </UML:Attribute>
                    </UML:Classifier.feature>
                    <UML:Namespace.ownedElement>
                        <UML:Generalization xmi.id="S.47" parent="S.21" discriminator="" child="S.50" name="" namespace="S.50" visibility="public" isSpecification="false"/>
                    </UML:Namespace.ownedElement>
                </UML:Class>
                <UML:Stereotype xmi.id="S.55" baseClass="Package" isRoot="false" isLeaf="false" isAbstract="false" name="appliedProfile" namespace="S.1" visibility="public" isSpecification="false"/>
                <UML:Stereotype xmi.id="S.56" baseClass="Abstraction" isRoot="false" isLeaf="false" isAbstract="false" name="file" namespace="S.1" visibility="public" isSpecification="false"/>
                <UML:Stereotype xmi.id="S.57" baseClass="ObjectFlowState" isRoot="false" isLeaf="false" isAbstract="false" name="signalflow" namespace="S.1" visibility="public" isSpecification="false"/>
                <UML:Stereotype xmi.id="S.58" baseClass="AssociationEnd" isRoot="false" isLeaf="false" isAbstract="false" name="association" namespace="S.1" visibility="public" isSpecification="false"/>
                <UML:Class xmi.id="S.59" isActive="false" isRoot="true" isLeaf="true" isAbstract="false" name="CarGroup" namespace="S.1" visibility="public" isSpecification="false">
                    <UML:Classifier.feature>
                        <UML:Attribute xmi.id="S.60" type="S.24" ordering="unordered" targetScope="instance" changeability="changeable" owner="S.59" visibility="public" ownerScope="instance" name="kind" isSpecification="false">
                            <UML:Attribute.initialValue>
                                <UML:Expression xmi.id="S.61" body="" language=""/>
                            </UML:Attribute.initialValue>
                            <UML:StructuralFeature.multiplicity>
                                <UML:Multiplicity xmi.id="S.62">
                                    <UML:Multiplicity.range>
                                        <UML:MultiplicityRange xmi.id="S.63" multiplicity="S.62" lower="1" upper="1"/>
                                    </UML:Multiplicity.range>
                                </UML:Multiplicity>
                            </UML:StructuralFeature.multiplicity>
                        </UML:Attribute>
                    </UML:Classifier.feature>
                </UML:Class>
                <UML:Stereotype xmi.id="S.64" baseClass="Class Generalization" isRoot="false" isLeaf="false" isAbstract="false" name="implementation" namespace="S.1" visibility="public" isSpecification="false"/>
                <UML:Association xmi.id="S.65" name="Classification" namespace="S.1" isRoot="false" isLeaf="false" isAbstract="false" visibility="public" isSpecification="false">
                    <UML:Association.connection>
                        <UML:AssociationEnd xmi.id="S.66" association="S.65" visibility="public" isNavigable="true" ordering="unordered" aggregation="none" targetScope="instance" changeability="changeable" type="S.59" name="carGroup" isSpecification="false">
                            <UML:AssociationEnd.multiplicity>
                                <UML:Multiplicity xmi.id="S.67">
                                    <UML:Multiplicity.range>
                                        <UML:MultiplicityRange xmi.id="S.68" multiplicity="S.67" lower="0" upper="-1"/>
                                    </UML:Multiplicity.range>
                                </UML:Multiplicity>
                            </UML:AssociationEnd.multiplicity>
                        </UML:AssociationEnd>
                        <UML:AssociationEnd xmi.id="S.69" association="S.65" visibility="public" isNavigable="true" ordering="unordered" aggregation="none" targetScope="instance" changeability="changeable" type="S.72" name="car" isSpecification="false">
                            <UML:AssociationEnd.multiplicity>
                                <UML:Multiplicity xmi.id="S.70">
                                    <UML:Multiplicity.range>
                                        <UML:MultiplicityRange xmi.id="S.71" multiplicity="S.70" lower="0" upper="-1"/>
                                    </UML:Multiplicity.range>
                                </UML:Multiplicity>
                            </UML:AssociationEnd.multiplicity>
                        </UML:AssociationEnd>
                    </UML:Association.connection>
                </UML:Association>
                <UML:Class xmi.id="S.72" isActive="false" isRoot="true" isLeaf="true" isAbstract="false" name="Car" namespace="S.1" visibility="public" isSpecification="false">
                    <UML:Classifier.feature>
                        <UML:Attribute xmi.id="S.73" type="S.24" ordering="unordered" targetScope="instance" changeability="changeable" owner="S.72" visibility="public" ownerScope="instance" name="id" isSpecification="false">
                            <UML:Attribute.initialValue>
                                <UML:Expression xmi.id="S.74" body="" language=""/>
                            </UML:Attribute.initialValue>
                            <UML:StructuralFeature.multiplicity>
                                <UML:Multiplicity xmi.id="S.75">
                                    <UML:Multiplicity.range>
                                        <UML:MultiplicityRange xmi.id="S.76" multiplicity="S.75" lower="1" upper="1"/>
                                    </UML:Multiplicity.range>
                                </UML:Multiplicity>
                            </UML:StructuralFeature.multiplicity>
                        </UML:Attribute>
                    </UML:Classifier.feature>
                </UML:Class>
                <UML:Stereotype xmi.id="S.77" baseClass="Permission" isRoot="false" isLeaf="false" isAbstract="false" name="friend" namespace="S.1" visibility="public" isSpecification="false"/>
                <UML:Stereotype xmi.id="S.78" baseClass="AssociationEnd" isRoot="false" isLeaf="false" isAbstract="false" name="local" namespace="S.1" visibility="public" isSpecification="false"/>
                <UML:Association xmi.id="S.79" name="Fleet" namespace="S.1" isRoot="false" isLeaf="false" isAbstract="false" visibility="public" isSpecification="false">
                    <UML:Association.connection>
                        <UML:AssociationEnd xmi.id="S.80" association="S.79" visibility="public" isNavigable="true" ordering="unordered" aggregation="none" targetScope="instance" changeability="changeable" type="S.19" name="branch" isSpecification="false">
                            <UML:AssociationEnd.multiplicity>
                                <UML:Multiplicity xmi.id="S.81">
                                    <UML:Multiplicity.range>
                                        <UML:MultiplicityRange xmi.id="S.82" multiplicity="S.81" lower="1" upper="1"/>
                                    </UML:Multiplicity.range>
                                </UML:Multiplicity>
                            </UML:AssociationEnd.multiplicity>
                        </UML:AssociationEnd>
                        <UML:AssociationEnd xmi.id="S.83" association="S.79" visibility="public" isNavigable="true" ordering="unordered" aggregation="none" targetScope="instance" changeability="changeable" type="S.72" name="car" isSpecification="false">
                            <UML:AssociationEnd.multiplicity>
                                <UML:Multiplicity xmi.id="S.84">
                                    <UML:Multiplicity.range>
                                        <UML:MultiplicityRange xmi.id="S.85" multiplicity="S.84" lower="0" upper="-1"/>
                                    </UML:Multiplicity.range>
                                </UML:Multiplicity>
                            </UML:AssociationEnd.multiplicity>
                        </UML:AssociationEnd>
                    </UML:Association.connection>
                </UML:Association>
                <UML:Stereotype xmi.id="S.86" baseClass="Flow" isRoot="false" isLeaf="false" isAbstract="false" name="become" namespace="S.1" visibility="public" isSpecification="false"/>
                <UML:Stereotype xmi.id="S.87" baseClass="Abstraction" isRoot="false" isLeaf="false" isAbstract="false" name="source" namespace="S.1" visibility="public" isSpecification="false"/>
                <UML:Stereotype xmi.id="S.88" baseClass="Classifier" isRoot="false" isLeaf="false" isAbstract="false" name="utility" namespace="S.1" visibility="public" isSpecification="false"/>
                <UML:Stereotype xmi.id="S.89" baseClass="BehavioralFeature CallEvent" isRoot="false" isLeaf="false" isAbstract="false" name="destroy" namespace="S.1" visibility="public" isSpecification="false"/>
                <UML:Stereotype xmi.id="S.90" baseClass="Abstraction" isRoot="false" isLeaf="false" isAbstract="false" name="executable" namespace="S.1" visibility="public" isSpecification="false"/>
                <UML:Stereotype xmi.id="S.91" baseClass="Permission" isRoot="false" isLeaf="false" isAbstract="false" name="import" namespace="S.1" visibility="public" isSpecification="false"/>
                <UML:Stereotype xmi.id="S.92" baseClass="Comment" isRoot="false" isLeaf="false" isAbstract="false" name="requirement" namespace="S.1" visibility="public" isSpecification="false"/>
                <UML:Stereotype xmi.id="S.93" baseClass="Abstraction" isRoot="false" isLeaf="false" isAbstract="false" name="library" namespace="S.1" visibility="public" isSpecification="false"/>
                <UML:Stereotype xmi.id="S.94" baseClass="Classifier" isRoot="false" isLeaf="false" isAbstract="false" name="enumeration" namespace="S.1" visibility="public" isSpecification="false"/>
                <UML:Class xmi.id="S.95" isActive="false" isRoot="true" isLeaf="true" isAbstract="false" name="Check" namespace="S.1" visibility="public" isSpecification="false">
                    <UML:Classifier.feature>
                        <UML:Attribute xmi.id="S.96" type="S.24" ordering="unordered" targetScope="instance" changeability="changeable" owner="S.95" visibility="public" ownerScope="instance" name="description" isSpecification="false">
                            <UML:Attribute.initialValue>
                                <UML:Expression xmi.id="S.97" body="" language=""/>
                            </UML:Attribute.initialValue>
                            <UML:StructuralFeature.multiplicity>
                                <UML:Multiplicity xmi.id="S.98">
                                    <UML:Multiplicity.range>
                                        <UML:MultiplicityRange xmi.id="S.99" multiplicity="S.98" lower="1" upper="1"/>
                                    </UML:Multiplicity.range>
                                </UML:Multiplicity>
                            </UML:StructuralFeature.multiplicity>
                        </UML:Attribute>
                    </UML:Classifier.feature>
                </UML:Class>
                <UML:Stereotype xmi.id="S.100" baseClass="Abstraction" isRoot="false" isLeaf="false" isAbstract="false" name="derive" namespace="S.1" visibility="public" isSpecification="false"/>
                <UML:Stereotype xmi.id="S.101" baseClass="Usage" isRoot="false" isLeaf="false" isAbstract="false" name="call" namespace="S.1" visibility="public" isSpecification="false"/>
                <UML:Stereotype xmi.id="S.102" baseClass="Package" isRoot="false" isLeaf="false" isAbstract="false" name="topLevel" namespace="S.1" visibility="public" isSpecification="false"/>
                <UML:Stereotype xmi.id="S.103" baseClass="Class" isRoot="false" isLeaf="false" isAbstract="false" name="auxiliary" namespace="S.1" visibility="public" isSpecification="false"/>
                <UML:Stereotype xmi.id="S.104" baseClass="AssociationEnd" isRoot="false" isLeaf="false" isAbstract="false" name="global" namespace="S.1" visibility="public" isSpecification="false"/>
                <UML:Association xmi.id="S.105" name="Employment" namespace="S.1" isRoot="false" isLeaf="false" isAbstract="false" visibility="public" isSpecification="false">
                    <UML:Association.connection>
                        <UML:AssociationEnd xmi.id="S.106" association="S.105" visibility="public" isNavigable="true" ordering="unordered" aggregation="none" targetScope="instance" changeability="changeable" type="S.15" name="employee" isSpecification="false">
                            <UML:AssociationEnd.multiplicity>
                                <UML:Multiplicity xmi.id="S.107">
                                    <UML:Multiplicity.range>
                                        <UML:MultiplicityRange xmi.id="S.108" multiplicity="S.107" lower="0" upper="-1"/>
                                    </UML:Multiplicity.range>
                                </UML:Multiplicity>
                            </UML:AssociationEnd.multiplicity>
                        </UML:AssociationEnd>
                        <UML:AssociationEnd xmi.id="S.109" association="S.105" visibility="public" isNavigable="true" ordering="unordered" aggregation="none" targetScope="instance" changeability="changeable" type="S.19" name="employer" isSpecification="false">
                            <UML:AssociationEnd.multiplicity>
                                <UML:Multiplicity xmi.id="S.110">
                                    <UML:Multiplicity.range>
                                        <UML:MultiplicityRange xmi.id="S.111" multiplicity="S.110" lower="1" upper="1"/>
                                    </UML:Multiplicity.range>
                                </UML:Multiplicity>
                            </UML:AssociationEnd.multiplicity>
                        </UML:AssociationEnd>
                    </UML:Association.connection>
                </UML:Association>
                <UML:Stereotype xmi.id="S.112" baseClass="Package" isRoot="false" isLeaf="false" isAbstract="false" name="metamodel" namespace="S.1" visibility="public" isSpecification="false"/>
                <UML:DataType xmi.id="S.113" isRoot="false" isLeaf="false" isAbstract="false" name="UnlimitedInteger" namespace="S.1" visibility="public" isSpecification="false"/>
                <UML:DataType xmi.id="S.43" typedFeature="S.41" isRoot="false" isLeaf="false" isAbstract="false" name="Set&lt;String&gt;" namespace="S.1" visibility="public" isSpecification="false"/>
                <UML:Association xmi.id="S.114" name="Provider" namespace="S.1" isRoot="false" isLeaf="false" isAbstract="false" visibility="public" isSpecification="false">
                    <UML:Association.connection>
                        <UML:AssociationEnd xmi.id="S.115" association="S.114" visibility="public" isNavigable="true" ordering="unordered" aggregation="none" targetScope="instance" changeability="changeable" type="S.118" name="rental" isSpecification="false">
                            <UML:AssociationEnd.multiplicity>
                                <UML:Multiplicity xmi.id="S.116">
                                    <UML:Multiplicity.range>
                                        <UML:MultiplicityRange xmi.id="S.117" multiplicity="S.116" lower="0" upper="-1"/>
                                    </UML:Multiplicity.range>
                                </UML:Multiplicity>
                            </UML:AssociationEnd.multiplicity>
                        </UML:AssociationEnd>
                        <UML:AssociationEnd xmi.id="S.119" association="S.114" visibility="public" isNavigable="true" ordering="unordered" aggregation="none" targetScope="instance" changeability="changeable" type="S.19" name="branch" isSpecification="false">
                            <UML:AssociationEnd.multiplicity>
                                <UML:Multiplicity xmi.id="S.120">
                                    <UML:Multiplicity.range>
                                        <UML:MultiplicityRange xmi.id="S.121" multiplicity="S.120" lower="1" upper="1"/>
                                    </UML:Multiplicity.range>
                                </UML:Multiplicity>
                            </UML:AssociationEnd.multiplicity>
                        </UML:AssociationEnd>
                    </UML:Association.connection>
                </UML:Association>
                <UML:DataType xmi.id="S.122" typedFeature="S.123" typedParameter="S.124 S.125" isRoot="false" isLeaf="false" isAbstract="false" name="Real" namespace="S.1" visibility="public" isSpecification="false"/>
                <UML:Stereotype xmi.id="S.126" baseClass="Package" isRoot="false" isLeaf="false" isAbstract="false" name="profile" namespace="S.1" visibility="public" isSpecification="false"/>
                <UML:Association xmi.id="S.127" name="Booking" namespace="S.1" isRoot="false" isLeaf="false" isAbstract="false" visibility="public" isSpecification="false">
                    <UML:Association.connection>
                        <UML:AssociationEnd xmi.id="S.128" association="S.127" visibility="public" isNavigable="true" ordering="unordered" aggregation="none" targetScope="instance" changeability="changeable" type="S.118" name="rental" isSpecification="false">
                            <UML:AssociationEnd.multiplicity>
                                <UML:Multiplicity xmi.id="S.129">
                                    <UML:Multiplicity.range>
                                        <UML:MultiplicityRange xmi.id="S.130" multiplicity="S.129" lower="0" upper="-1"/>
                                    </UML:Multiplicity.range>
                                </UML:Multiplicity>
                            </UML:AssociationEnd.multiplicity>
                        </UML:AssociationEnd>
                        <UML:AssociationEnd xmi.id="S.131" association="S.127" visibility="public" isNavigable="true" ordering="unordered" aggregation="none" targetScope="instance" changeability="changeable" type="S.50" name="customer" isSpecification="false">
                            <UML:AssociationEnd.multiplicity>
                                <UML:Multiplicity xmi.id="S.132">
                                    <UML:Multiplicity.range>
                                        <UML:MultiplicityRange xmi.id="S.133" multiplicity="S.132" lower="1" upper="1"/>
                                    </UML:Multiplicity.range>
                                </UML:Multiplicity>
                            </UML:AssociationEnd.multiplicity>
                        </UML:AssociationEnd>
                    </UML:Association.connection>
                </UML:Association>
                <UML:DataType xmi.id="S.24" instance="S.134" typedFeature="S.27 S.22 S.60 S.135 S.136 S.51 S.73 S.137 S.96 S.138" isRoot="false" isLeaf="false" isAbstract="false" name="String" namespace="S.1" visibility="public" isSpecification="false"/>
                <UML:Class xmi.id="S.118" isActive="false" isRoot="true" isLeaf="true" isAbstract="false" name="Rental" namespace="S.1" visibility="public" isSpecification="false">
                    <UML:Classifier.feature>
                        <UML:Attribute xmi.id="S.135" type="S.24" ordering="unordered" targetScope="instance" changeability="changeable" owner="S.118" visibility="public" ownerScope="instance" name="fromDate" isSpecification="false">
                            <UML:Attribute.initialValue>
                                <UML:Expression xmi.id="S.139" body="" language=""/>
                            </UML:Attribute.initialValue>
                            <UML:StructuralFeature.multiplicity>
                                <UML:Multiplicity xmi.id="S.140">
                                    <UML:Multiplicity.range>
                                        <UML:MultiplicityRange xmi.id="S.141" multiplicity="S.140" lower="1" upper="1"/>
                                    </UML:Multiplicity.range>
                                </UML:Multiplicity>
                            </UML:StructuralFeature.multiplicity>
                        </UML:Attribute>
                        <UML:Attribute xmi.id="S.136" type="S.24" ordering="unordered" targetScope="instance" changeability="changeable" owner="S.118" visibility="public" ownerScope="instance" name="untilDate" isSpecification="false">
                            <UML:Attribute.initialValue>
                                <UML:Expression xmi.id="S.142" body="" language=""/>
                            </UML:Attribute.initialValue>
                            <UML:StructuralFeature.multiplicity>
                                <UML:Multiplicity xmi.id="S.143">
                                    <UML:Multiplicity.range>
                                        <UML:MultiplicityRange xmi.id="S.144" multiplicity="S.143" lower="1" upper="1"/>
                                    </UML:Multiplicity.range>
                                </UML:Multiplicity>
                            </UML:StructuralFeature.multiplicity>
                        </UML:Attribute>
                    </UML:Classifier.feature>
                </UML:Class>
                <UML:Stereotype xmi.id="S.145" baseClass="Class" isRoot="false" isLeaf="false" isAbstract="false" name="powertype" namespace="S.1" visibility="public" isSpecification="false"/>
                <UML:Stereotype xmi.id="S.146" baseClass="Abstraction" isRoot="false" isLeaf="false" isAbstract="false" name="table" namespace="S.1" visibility="public" isSpecification="false"/>
                <UML:Stereotype xmi.id="S.147" baseClass="Flow" isRoot="false" isLeaf="false" isAbstract="false" name="copy" namespace="S.1" visibility="public" isSpecification="false"/>
                <UML:Stereotype xmi.id="S.148" baseClass="Abstraction" isRoot="false" isLeaf="false" isAbstract="false" name="document" namespace="S.1" visibility="public" isSpecification="false"/>
                <UML:Stereotype xmi.id="S.149" baseClass="Abstraction" isRoot="false" isLeaf="false" isAbstract="false" name="trace" namespace="S.1" visibility="public" isSpecification="false"/>
                <UML:Stereotype xmi.id="S.150" baseClass="Constraint" isRoot="false" isLeaf="false" isAbstract="false" name="postcondition" namespace="S.1" visibility="public" isSpecification="false"/>
                <UML:Stereotype xmi.id="S.151" baseClass="Package" isRoot="false" isLeaf="false" isAbstract="false" name="modelLibrary" namespace="S.1" visibility="public" isSpecification="false"/>
                <UML:Stereotype xmi.id="S.152" baseClass="Class" isRoot="false" isLeaf="false" isAbstract="false" name="focus" namespace="S.1" visibility="public" isSpecification="false"/>
                <UML:Stereotype xmi.id="S.153" baseClass="Usage" isRoot="false" isLeaf="false" isAbstract="false" name="instantiate" namespace="S.1" visibility="public" isSpecification="false"/>
                <UML:Stereotype xmi.id="S.154" baseClass="AssociationEnd" isRoot="false" isLeaf="false" isAbstract="false" name="self" namespace="S.1" visibility="public" isSpecification="false"/>
                <UML:Class xmi.id="S.19" isActive="false" isRoot="true" isLeaf="true" isAbstract="false" name="Branch" namespace="S.1" visibility="public" isSpecification="false">
                    <UML:Classifier.feature>
                        <UML:Attribute xmi.id="S.137" type="S.24" ordering="unordered" targetScope="instance" changeability="changeable" owner="S.19" visibility="public" ownerScope="instance" name="location" isSpecification="false">
                            <UML:Attribute.initialValue>
                                <UML:Expression xmi.id="S.155" body="" language=""/>
                            </UML:Attribute.initialValue>
                            <UML:StructuralFeature.multiplicity>
                                <UML:Multiplicity xmi.id="S.156">
                                    <UML:Multiplicity.range>
                                        <UML:MultiplicityRange xmi.id="S.157" multiplicity="S.156" lower="1" upper="1"/>
                                    </UML:Multiplicity.range>
                                </UML:Multiplicity>
                            </UML:StructuralFeature.multiplicity>
                        </UML:Attribute>
                    </UML:Classifier.feature>
                </UML:Class>
                <UML:Stereotype xmi.id="S.158" baseClass="Constraint" isRoot="false" isLeaf="false" isAbstract="false" name="precondition" namespace="S.1" visibility="public" isSpecification="false"/>
                <UML:DataType xmi.id="S.33" typedFeature="S.31" isRoot="false" isLeaf="false" isAbstract="false" name="Integer" namespace="S.1" visibility="public" isSpecification="false"/>
                <UML:Association xmi.id="S.159" name="Assignment" namespace="S.1" isRoot="false" isLeaf="false" isAbstract="false" visibility="public" isSpecification="false">
                    <UML:Association.connection>
                        <UML:AssociationEnd xmi.id="S.160" association="S.159" visibility="public" isNavigable="true" ordering="unordered" aggregation="none" targetScope="instance" changeability="changeable" type="S.118" name="rental" isSpecification="false">
                            <UML:AssociationEnd.multiplicity>
                                <UML:Multiplicity xmi.id="S.161">
                                    <UML:Multiplicity.range>
                                        <UML:MultiplicityRange xmi.id="S.162" multiplicity="S.161" lower="0" upper="1"/>
                                    </UML:Multiplicity.range>
                                </UML:Multiplicity>
                            </UML:AssociationEnd.multiplicity>
                        </UML:AssociationEnd>
                        <UML:AssociationEnd xmi.id="S.163" association="S.159" visibility="public" isNavigable="true" ordering="unordered" aggregation="none" targetScope="instance" changeability="changeable" type="S.72" name="car" isSpecification="false">
                            <UML:AssociationEnd.multiplicity>
                                <UML:Multiplicity xmi.id="S.164">
                                    <UML:Multiplicity.range>
                                        <UML:MultiplicityRange xmi.id="S.165" multiplicity="S.164" lower="0" upper="1"/>
                                    </UML:Multiplicity.range>
                                </UML:Multiplicity>
                            </UML:AssociationEnd.multiplicity>
                        </UML:AssociationEnd>
                    </UML:Association.connection>
                </UML:Association>
                <UML:Stereotype xmi.id="S.166" baseClass="AssociationEnd" isRoot="false" isLeaf="false" isAbstract="false" name="parameter" namespace="S.1" visibility="public" isSpecification="false"/>
                <UML:Association xmi.id="S.167" name="Reservation" namespace="S.1" isRoot="false" isLeaf="false" isAbstract="false" visibility="public" isSpecification="false">
                    <UML:Association.connection>
                        <UML:AssociationEnd xmi.id="S.168" association="S.167" visibility="public" isNavigable="true" ordering="unordered" aggregation="none" targetScope="instance" changeability="changeable" type="S.118" name="rental" isSpecification="false">
                            <UML:AssociationEnd.multiplicity>
                                <UML:Multiplicity xmi.id="S.169">
                                    <UML:Multiplicity.range>
                                        <UML:MultiplicityRange xmi.id="S.170" multiplicity="S.169" lower="0" upper="-1"/>
                                    </UML:Multiplicity.range>
                                </UML:Multiplicity>
                            </UML:AssociationEnd.multiplicity>
                        </UML:AssociationEnd>
                        <UML:AssociationEnd xmi.id="S.171" association="S.167" visibility="public" isNavigable="true" ordering="unordered" aggregation="none" targetScope="instance" changeability="changeable" type="S.59" name="carGroup" isSpecification="false">
                            <UML:AssociationEnd.multiplicity>
                                <UML:Multiplicity xmi.id="S.172">
                                    <UML:Multiplicity.range>
                                        <UML:MultiplicityRange xmi.id="S.173" multiplicity="S.172" lower="1" upper="1"/>
                                    </UML:Multiplicity.range>
                                </UML:Multiplicity>
                            </UML:AssociationEnd.multiplicity>
                        </UML:AssociationEnd>
                    </UML:Association.connection>
                </UML:Association>
                <UML:Stereotype xmi.id="S.174" baseClass="Class" isRoot="false" isLeaf="false" isAbstract="false" name="metaclass" namespace="S.1" visibility="public" isSpecification="false"/>
                <UML:Class xmi.id="S.15" isActive="false" isRoot="false" isLeaf="true" isAbstract="false" generalization="S.46" name="Employee" namespace="S.1" visibility="public" isSpecification="false">
                    <UML:Classifier.feature>
                        <UML:Attribute xmi.id="S.123" type="S.122" ordering="unordered" targetScope="instance" changeability="changeable" owner="S.15" visibility="public" ownerScope="instance" name="salary" isSpecification="false">
                            <UML:Attribute.initialValue>
                                <UML:Expression xmi.id="S.175" body="" language=""/>
                            </UML:Attribute.initialValue>
                            <UML:StructuralFeature.multiplicity>
                                <UML:Multiplicity xmi.id="S.176">
                                    <UML:Multiplicity.range>
                                        <UML:MultiplicityRange xmi.id="S.177" multiplicity="S.176" lower="1" upper="1"/>
                                    </UML:Multiplicity.range>
                                </UML:Multiplicity>
                            </UML:StructuralFeature.multiplicity>
                        </UML:Attribute>
                        <UML:Operation xmi.id="S.178" isRoot="false" isLeaf="false" isAbstract="false" concurrency="sequential" isQuery="false" owner="S.15" visibility="public" ownerScope="instance" name="raiseSalary" isSpecification="false">
                            <UML:BehavioralFeature.parameter>
                                <UML:Parameter xmi.id="S.125" type="S.122" kind="inout" behavioralFeature="S.178" name="amount" visibility="public" isSpecification="false">
                                    <UML:Parameter.defaultValue>
                                        <UML:Expression xmi.id="S.179" body="" language=""/>
                                    </UML:Parameter.defaultValue>
                                </UML:Parameter>
                                <UML:Parameter xmi.id="S.124" type="S.122" kind="return" behavioralFeature="S.178" name="raiseSalary.Return" visibility="public" isSpecification="false"/>
                            </UML:BehavioralFeature.parameter>
                        </UML:Operation>
                    </UML:Classifier.feature>
                    <UML:Namespace.ownedElement>
                        <UML:Generalization xmi.id="S.46" parent="S.21" discriminator="" child="S.15" name="" namespace="S.15" visibility="public" isSpecification="false"/>
                    </UML:Namespace.ownedElement>
                </UML:Class>
                <UML:DataType xmi.id="S.180" isRoot="false" isLeaf="false" isAbstract="false" name="undefined" namespace="S.1" visibility="public" isSpecification="false"/>
                <UML:Association xmi.id="S.181" name="Quality" namespace="S.1" isRoot="false" isLeaf="false" isAbstract="false" visibility="public" isSpecification="false">
                    <UML:Association.connection>
                        <UML:AssociationEnd xmi.id="S.182" association="S.181" visibility="public" isNavigable="true" ordering="unordered" aggregation="none" targetScope="instance" changeability="changeable" type="S.59" name="lower" isSpecification="false">
                            <UML:AssociationEnd.multiplicity>
                                <UML:Multiplicity xmi.id="S.183">
                                    <UML:Multiplicity.range>
                                        <UML:MultiplicityRange xmi.id="S.184" multiplicity="S.183" lower="0" upper="1"/>
                                    </UML:Multiplicity.range>
                                </UML:Multiplicity>
                            </UML:AssociationEnd.multiplicity>
                        </UML:AssociationEnd>
                        <UML:AssociationEnd xmi.id="S.185" association="S.181" visibility="public" isNavigable="true" ordering="unordered" aggregation="none" targetScope="instance" changeability="changeable" type="S.59" name="higher" isSpecification="false">
                            <UML:AssociationEnd.multiplicity>
                                <UML:Multiplicity xmi.id="S.186">
                                    <UML:Multiplicity.range>
                                        <UML:MultiplicityRange xmi.id="S.187" multiplicity="S.186" lower="0" upper="1"/>
                                    </UML:Multiplicity.range>
                                </UML:Multiplicity>
                            </UML:AssociationEnd.multiplicity>
                        </UML:AssociationEnd>
                    </UML:Association.connection>
                </UML:Association>
                <UML:Class xmi.id="S.188" isActive="false" isRoot="true" isLeaf="true" isAbstract="false" name="ServiceDepot" namespace="S.1" visibility="public" isSpecification="false">
                    <UML:Classifier.feature>
                        <UML:Attribute xmi.id="S.138" type="S.24" ordering="unordered" targetScope="instance" changeability="changeable" owner="S.188" visibility="public" ownerScope="instance" name="location" isSpecification="false">
                            <UML:Attribute.initialValue>
                                <UML:Expression xmi.id="S.189" body="" language=""/>
                            </UML:Attribute.initialValue>
                            <UML:StructuralFeature.multiplicity>
                                <UML:Multiplicity xmi.id="S.190">
                                    <UML:Multiplicity.range>
                                        <UML:MultiplicityRange xmi.id="S.191" multiplicity="S.190" lower="1" upper="1"/>
                                    </UML:Multiplicity.range>
                                </UML:Multiplicity>
                            </UML:StructuralFeature.multiplicity>
                        </UML:Attribute>
                    </UML:Classifier.feature>
                </UML:Class>
                <UML:Association xmi.id="S.192" name="Maintenance" namespace="S.1" isRoot="false" isLeaf="false" isAbstract="false" visibility="public" isSpecification="false">
                    <UML:Association.connection>
                        <UML:AssociationEnd xmi.id="S.193" association="S.192" visibility="public" isNavigable="true" ordering="unordered" aggregation="none" targetScope="instance" changeability="changeable" type="S.188" name="serviceDepot" isSpecification="false">
                            <UML:AssociationEnd.multiplicity>
                                <UML:Multiplicity xmi.id="S.194">
                                    <UML:Multiplicity.range>
                                        <UML:MultiplicityRange xmi.id="S.195" multiplicity="S.194" lower="0" upper="1"/>
                                    </UML:Multiplicity.range>
                                </UML:Multiplicity>
                            </UML:AssociationEnd.multiplicity>
                        </UML:AssociationEnd>
                        <UML:AssociationEnd xmi.id="S.196" association="S.192" visibility="public" isNavigable="true" ordering="unordered" aggregation="none" targetScope="instance" changeability="changeable" type="S.95" name="check" isSpecification="false">
                            <UML:AssociationEnd.multiplicity>
                                <UML:Multiplicity xmi.id="S.197">
                                    <UML:Multiplicity.range>
                                        <UML:MultiplicityRange xmi.id="S.198" multiplicity="S.197" lower="0" upper="-1"/>
                                    </UML:Multiplicity.range>
                                </UML:Multiplicity>
                            </UML:AssociationEnd.multiplicity>
                        </UML:AssociationEnd>
                        <UML:AssociationEnd xmi.id="S.199" association="S.192" visibility="public" isNavigable="true" ordering="unordered" aggregation="none" targetScope="instance" changeability="changeable" type="S.72" name="car" isSpecification="false">
                            <UML:AssociationEnd.multiplicity>
                                <UML:Multiplicity xmi.id="S.200">
                                    <UML:Multiplicity.range>
                                        <UML:MultiplicityRange xmi.id="S.201" multiplicity="S.200" lower="0" upper="-1"/>
                                    </UML:Multiplicity.range>
                                </UML:Multiplicity>
                            </UML:AssociationEnd.multiplicity>
                        </UML:AssociationEnd>
                    </UML:Association.connection>
                </UML:Association>
                <UML:Stereotype xmi.id="S.202" baseClass="Package" isRoot="false" isLeaf="false" isAbstract="false" name="stub" namespace="S.1" visibility="public" isSpecification="false"/>
                <UML:Stereotype xmi.id="S.203" baseClass="Classifier" isRoot="false" isLeaf="false" isAbstract="false" name="thread" namespace="S.1" visibility="public" isSpecification="false"/>
                <UML:Association xmi.id="S.204" name="Offers" namespace="S.1" isRoot="false" isLeaf="false" isAbstract="false" visibility="public" isSpecification="false">
                    <UML:Association.connection>
                        <UML:AssociationEnd xmi.id="S.205" association="S.204" visibility="public" isNavigable="true" ordering="unordered" aggregation="none" targetScope="instance" changeability="changeable" type="S.19" name="branch" isSpecification="false">
                            <UML:AssociationEnd.multiplicity>
                                <UML:Multiplicity xmi.id="S.206">
                                    <UML:Multiplicity.range>
                                        <UML:MultiplicityRange xmi.id="S.207" multiplicity="S.206" lower="0" upper="-1"/>
                                    </UML:Multiplicity.range>
                                </UML:Multiplicity>
                            </UML:AssociationEnd.multiplicity>
                        </UML:AssociationEnd>
                        <UML:AssociationEnd xmi.id="S.208" association="S.204" visibility="public" isNavigable="true" ordering="unordered" aggregation="none" targetScope="instance" changeability="changeable" type="S.59" name="carGroup" isSpecification="false">
                            <UML:AssociationEnd.multiplicity>
                                <UML:Multiplicity xmi.id="S.209">
                                    <UML:Multiplicity.range>
                                        <UML:MultiplicityRange xmi.id="S.210" multiplicity="S.209" lower="1" upper="1"/>
                                    </UML:Multiplicity.range>
                                </UML:Multiplicity>
                            </UML:AssociationEnd.multiplicity>
                        </UML:AssociationEnd>
                    </UML:Association.connection>
                </UML:Association>
                <UML:Stereotype xmi.id="S.211" baseClass="Usage" isRoot="false" isLeaf="false" isAbstract="false" name="send" namespace="S.1" visibility="public" isSpecification="false"/>
            </UML:Namespace.ownedElement>
        </UML:Model>
        <UML:DataValue xmi.id="S.134" classifier="S.24" name="lila" visibility="public" isSpecification="false"/>
    </XMI.content>
</XMI>
