<?xml version="1.0" encoding="UTF-8"?>
<XMI xmlns:UML="//org.omg/UML/1.3" xmlns:GXML="//lci.cs.ubbcluj.ro/gxml" xmi.version="1.1">
 <XMI.header>
  <XMI.documentation>
   <XMI.exporter>ocle 2.0</XMI.exporter>
   <XMI.exporterVersion>1.0</XMI.exporterVersion>
  </XMI.documentation>
  <XMI.metamodel xmi.name="GXAPI" xmi.version="0.1"/>
 </XMI.header>
 <XMI.content>
  <GXML:ClassDiagram xmi.id="S.1" name="NewClassDiagram" background="java.awt.Color[r=204,g=255,b=255]" gridVisible="false" isLocked="false">
   <GXML:ClassDiagram.owner>
    <UML:Model xml:link="simple" href="../tree_Mencl_Sample.xml|S.1"/>
   </GXML:ClassDiagram.owner>
   <GXML:ClassDiagram.flat>
    <GXML:DefaultGraphCell xmi.id="S.2" userObjectString="0..*" allowsChildren="true">
     <GXML:DefaultGraphCell.attributes>
      <GXML:HashtableStrings xmi.id="S.3" keys="value" values="0..*"/>
     </GXML:DefaultGraphCell.attributes>
    </GXML:DefaultGraphCell>
    <GXML:DefaultGraphCell xmi.id="S.4" userObjectString="0..1" allowsChildren="true">
     <GXML:DefaultGraphCell.attributes>
      <GXML:HashtableStrings xmi.id="S.5" keys="value" values="0..1"/>
     </GXML:DefaultGraphCell.attributes>
    </GXML:DefaultGraphCell>
    <GXML:ClassCell xmi.id="S.6" isInterface="false" isFiltered="false" hasAutoR="true" showPackage="false" children="S.11 S.12" allowsChildren="true">
     <GXML:ClassCell.property>
      <GXML:ClassGProperty xmi.id="S.7" fillColor="java.awt.Color[r=255,g=200,b=0]" titlefontSize="12" bodyfontSize="11" outlineColor="java.awt.Color[r=0,g=0,b=0]" outlineWidth="1" selectionColor="java.awt.Color[r=255,g=0,b=0]"/>
     </GXML:ClassCell.property>
     <GXML:ClassCell.filter>
      <GXML:ClassFilter xmi.id="S.8">
       <GXML:ClassFilter.map>
        <GXML:HashtableStrings xmi.id="S.9" keys="m_pac a_pub stereotype a_pro a_pac a_pri msignature m_pro m_pub m_pri" values="true true true true true true true true true true"/>
       </GXML:ClassFilter.map>
      </GXML:ClassFilter>
     </GXML:ClassCell.filter>
     <GXML:DefaultGraphCell.attributes>
      <GXML:HashtableStrings xmi.id="S.10">
       <GXML:HashtableStrings.value>
        <UML:Class xml:link="simple" href="../tree_Mencl_Sample.xml|S.101"/>
       </GXML:HashtableStrings.value>
      </GXML:HashtableStrings>
     </GXML:DefaultGraphCell.attributes>
     <GXML:DefaultMutableTreeNode.userObject>
      <UML:Class xml:link="simple" href="../tree_Mencl_Sample.xml|S.101"/>
     </GXML:DefaultMutableTreeNode.userObject>
    </GXML:ClassCell>
    <GXML:SpecialPort xmi.id="S.13" parent="S.15" allowsChildren="false">
     <GXML:DefaultGraphCell.attributes>
      <GXML:HashtableStrings xmi.id="S.14"/>
     </GXML:DefaultGraphCell.attributes>
    </GXML:SpecialPort>
    <GXML:DefaultGraphCell xmi.id="S.16" userObjectString="+son" allowsChildren="true">
     <GXML:DefaultGraphCell.attributes>
      <GXML:HashtableStrings xmi.id="S.17" keys="value" values="+son"/>
     </GXML:DefaultGraphCell.attributes>
    </GXML:DefaultGraphCell>
    <GXML:SpecialPort xmi.id="S.12" parent="S.6" allowsChildren="false">
     <GXML:DefaultGraphCell.attributes>
      <GXML:HashtableStrings xmi.id="S.18"/>
     </GXML:DefaultGraphCell.attributes>
    </GXML:SpecialPort>
    <GXML:DefaultGraphCell xmi.id="S.19" userObjectString="+father" allowsChildren="true">
     <GXML:DefaultGraphCell.attributes>
      <GXML:HashtableStrings xmi.id="S.20" keys="value" values="+father"/>
     </GXML:DefaultGraphCell.attributes>
    </GXML:DefaultGraphCell>
    <GXML:SpecialPort xmi.id="S.11" parent="S.6" allowsChildren="false">
     <GXML:DefaultGraphCell.attributes>
      <GXML:HashtableStrings xmi.id="S.21" keys="offset" values="java.awt.Point[x=500,y=0]"/>
     </GXML:DefaultGraphCell.attributes>
    </GXML:SpecialPort>
    <GXML:SpecialEdge xmi.id="S.15" labels="S.2 S.16 S.4 S.19" isRouted="false" source="S.12" target="S.11" children="S.13" allowsChildren="true">
     <GXML:DefaultGraphCell.attributes>
      <GXML:HashtableStrings xmi.id="S.22" keys="lineBegin endsize editable linewidth beginSize lineEnd" values="4 18 false 1.0 18 0">
       <GXML:HashtableStrings.value>
        <UML:Association xml:link="simple" href="../tree_Mencl_Sample.xml|S.116"/>
       </GXML:HashtableStrings.value>
      </GXML:HashtableStrings>
     </GXML:DefaultGraphCell.attributes>
     <GXML:DefaultMutableTreeNode.userObject>
      <UML:Association xml:link="simple" href="../tree_Mencl_Sample.xml|S.116"/>
     </GXML:DefaultMutableTreeNode.userObject>
    </GXML:SpecialEdge>
   </GXML:ClassDiagram.flat>
   <GXML:ClassDiagram.cells>
    <GXML:ClassCell xmi.idref="S.6"/>
    <GXML:SpecialEdge xmi.idref="S.15"/>
    <GXML:DefaultGraphCell xmi.idref="S.2"/>
    <GXML:DefaultGraphCell xmi.idref="S.16"/>
    <GXML:DefaultGraphCell xmi.idref="S.4"/>
    <GXML:DefaultGraphCell xmi.idref="S.19"/>
   </GXML:ClassDiagram.cells>
   <GXML:ClassDiagram.classViews>
    <GXML:ClassCell xmi.idref="S.6"/>
   </GXML:ClassDiagram.classViews>
   <GXML:ClassDiagram.relationViews>
    <GXML:SpecialEdge xmi.idref="S.15"/>
   </GXML:ClassDiagram.relationViews>
   <GXML:ClassDiagram.connectionSet>
    <GXML:ConnectionSet xmi.id="S.23" edges="S.15">
     <GXML:ConnectionSet.connections>
      <GXML:ConnectionSet_GXConnection xmi.id="S.24" edge="S.15" isSource="false" port="S.11"/>
      <GXML:ConnectionSet_GXConnection xmi.id="S.25" edge="S.15" isSource="true" port="S.12"/>
     </GXML:ConnectionSet.connections>
    </GXML:ConnectionSet>
   </GXML:ClassDiagram.connectionSet>
   <GXML:ClassDiagram.viewAttributes>
    <GXML:Hashtable xmi.id="S.26" keys="S.15 S.16 S.13 S.6 S.2 S.12 S.19 S.11 S.4">
     <GXML:Hashtable.values>
      <GXML:HashtableStrings xmi.id="S.27" keys="labelposition endsize beginSize lineEnd lineBegin editable points linewidth" values="java.awt.Point[x=500,y=500] 18 18 0 4 false [java.awt.Point[x=109,y=96],_java.awt.Point[x=238,y=95],_java.awt.Point[x=238,y=11],_java.awt.Point[x=108,y=11],_java.awt.Point[x=108,y=54]] 1.0"/>
      <GXML:HashtableStrings xmi.id="S.28" keys="editable bordercolor bounds opaque" values="true java.awt.Color[r=255,g=255,b=255] java.awt.Rectangle[x=183,y=64,width=33,height=21] false"/>
      <GXML:HashtableStrings xmi.id="S.29"/>
      <GXML:HashtableStrings xmi.id="S.30" keys="bounds opaque" values="java.awt.Rectangle[x=43,y=53,width=130,height=85] true"/>
      <GXML:HashtableStrings xmi.id="S.31" keys="editable bordercolor bounds opaque" values="true java.awt.Color[r=255,g=255,b=255] java.awt.Rectangle[x=183,y=105,width=23,height=21] false"/>
      <GXML:HashtableStrings xmi.id="S.32"/>
      <GXML:HashtableStrings xmi.id="S.33" keys="editable bordercolor bounds opaque" values="true java.awt.Color[r=255,g=255,b=255] java.awt.Rectangle[x=55,y=22,width=43,height=21] false"/>
      <GXML:HashtableStrings xmi.id="S.34" keys="offset" values="java.awt.Point[x=500,y=0]"/>
      <GXML:HashtableStrings xmi.id="S.35" keys="editable bordercolor bounds opaque" values="true java.awt.Color[r=255,g=255,b=255] java.awt.Rectangle[x=118,y=22,width=25,height=21] false"/>
     </GXML:Hashtable.values>
    </GXML:Hashtable>
   </GXML:ClassDiagram.viewAttributes>
   <GXML:ClassDiagram.globalFilter>
    <GXML:ClassFilter xmi.id="S.36">
     <GXML:ClassFilter.map>
      <GXML:HashtableStrings xmi.id="S.37" keys="m_pac a_pub stereotype a_pro a_pac a_pri msignature m_pro m_pub m_pri" values="true true true true true true true true true true"/>
     </GXML:ClassFilter.map>
    </GXML:ClassFilter>
   </GXML:ClassDiagram.globalFilter>
   <GXML:ClassDiagram.classes>
    <UML:Class xml:link="simple" href="../tree_Mencl_Sample.xml|S.101"/>
   </GXML:ClassDiagram.classes>
  </GXML:ClassDiagram>
 </XMI.content>
</XMI>
