<?xml version="1.0" encoding="UTF-8"?>
<XMI xmlns:UML="//org.omg/UML/1.3" xmlns:GXML="//lci.cs.ubbcluj.ro/gxml" xmi.version="1.1">
 <XMI.header>
  <XMI.documentation>
   <XMI.exporter>ocle 2.0</XMI.exporter>
   <XMI.exporterVersion>1.0</XMI.exporterVersion>
  </XMI.documentation>
  <XMI.metamodel xmi.name="GXAPI" xmi.version="0.1"/>
 </XMI.header>
 <XMI.content>
  <GXML:ObjectDiagram xmi.id="S.1" name="NewObjectDiagram" background="java.awt.Color[r=255,g=255,b=204]" gridVisible="false" isLocked="false">
   <GXML:ObjectDiagram.owner>
    <UML:Collaboration xml:link="simple" href="../tree_Mencl_Sample.xml|S.135"/>
   </GXML:ObjectDiagram.owner>
   <GXML:ObjectDiagram.flat>
    <GXML:DefaultPort xmi.id="S.2" parent="S.4" allowsChildren="false">
     <GXML:DefaultGraphCell.attributes>
      <GXML:HashtableStrings xmi.id="S.3"/>
     </GXML:DefaultGraphCell.attributes>
    </GXML:DefaultPort>
    <GXML:DefaultPort xmi.id="S.5" parent="S.7" allowsChildren="false">
     <GXML:DefaultGraphCell.attributes>
      <GXML:HashtableStrings xmi.id="S.6"/>
     </GXML:DefaultGraphCell.attributes>
    </GXML:DefaultPort>
    <GXML:ObjectCell xmi.id="S.8" children="S.11" allowsChildren="true">
     <GXML:ObjectCell.property>
      <GXML:ObjectGProperty xmi.id="S.9" fillColor="java.awt.Color[r=0,g=255,b=0]" titlefontSize="12" bodyfontSize="11" outlineColor="java.awt.Color[r=0,g=0,b=0]" outlineWidth="1" selectionColor="java.awt.Color[r=255,g=0,b=0]"/>
     </GXML:ObjectCell.property>
     <GXML:DefaultGraphCell.attributes>
      <GXML:HashtableStrings xmi.id="S.10">
       <GXML:HashtableStrings.value>
        <UML:Object xml:link="simple" href="../tree_Mencl_Sample.xml|S.105"/>
       </GXML:HashtableStrings.value>
      </GXML:HashtableStrings>
     </GXML:DefaultGraphCell.attributes>
     <GXML:DefaultMutableTreeNode.userObject>
      <UML:Object xml:link="simple" href="../tree_Mencl_Sample.xml|S.105"/>
     </GXML:DefaultMutableTreeNode.userObject>
    </GXML:ObjectCell>
    <GXML:SpecialEdge xmi.id="S.12" isRouted="false" source="S.2" target="S.13" allowsChildren="true">
     <GXML:DefaultGraphCell.attributes>
      <GXML:HashtableStrings xmi.id="S.14" keys="lineBegin editable linewidth lineEnd" values="0 false 1.0 0">
       <GXML:HashtableStrings.value>
        <UML:Link xml:link="simple" href="../tree_Mencl_Sample.xml|S.132"/>
       </GXML:HashtableStrings.value>
      </GXML:HashtableStrings>
     </GXML:DefaultGraphCell.attributes>
     <GXML:DefaultMutableTreeNode.userObject>
      <UML:Link xml:link="simple" href="../tree_Mencl_Sample.xml|S.132"/>
     </GXML:DefaultMutableTreeNode.userObject>
    </GXML:SpecialEdge>
    <GXML:ObjectCell xmi.id="S.15" children="S.13" allowsChildren="true">
     <GXML:ObjectCell.property>
      <GXML:ObjectGProperty xmi.id="S.16" fillColor="java.awt.Color[r=255,g=0,b=0]" titlefontSize="12" bodyfontSize="11" outlineColor="java.awt.Color[r=0,g=0,b=0]" outlineWidth="1" selectionColor="java.awt.Color[r=255,g=0,b=0]"/>
     </GXML:ObjectCell.property>
     <GXML:DefaultGraphCell.attributes>
      <GXML:HashtableStrings xmi.id="S.17">
       <GXML:HashtableStrings.value>
        <UML:Object xml:link="simple" href="../tree_Mencl_Sample.xml|S.106"/>
       </GXML:HashtableStrings.value>
      </GXML:HashtableStrings>
     </GXML:DefaultGraphCell.attributes>
     <GXML:DefaultMutableTreeNode.userObject>
      <UML:Object xml:link="simple" href="../tree_Mencl_Sample.xml|S.106"/>
     </GXML:DefaultMutableTreeNode.userObject>
    </GXML:ObjectCell>
    <GXML:DefaultPort xmi.id="S.13" parent="S.15" allowsChildren="false">
     <GXML:DefaultGraphCell.attributes>
      <GXML:HashtableStrings xmi.id="S.18"/>
     </GXML:DefaultGraphCell.attributes>
    </GXML:DefaultPort>
    <GXML:ObjectCell xmi.id="S.19" children="S.22" allowsChildren="true">
     <GXML:ObjectCell.property>
      <GXML:ObjectGProperty xmi.id="S.20" fillColor="java.awt.Color[r=0,g=255,b=0]" titlefontSize="12" bodyfontSize="11" outlineColor="java.awt.Color[r=0,g=0,b=0]" outlineWidth="1" selectionColor="java.awt.Color[r=255,g=0,b=0]"/>
     </GXML:ObjectCell.property>
     <GXML:DefaultGraphCell.attributes>
      <GXML:HashtableStrings xmi.id="S.21">
       <GXML:HashtableStrings.value>
        <UML:Object xml:link="simple" href="../tree_Mencl_Sample.xml|S.102"/>
       </GXML:HashtableStrings.value>
      </GXML:HashtableStrings>
     </GXML:DefaultGraphCell.attributes>
     <GXML:DefaultMutableTreeNode.userObject>
      <UML:Object xml:link="simple" href="../tree_Mencl_Sample.xml|S.102"/>
     </GXML:DefaultMutableTreeNode.userObject>
    </GXML:ObjectCell>
    <GXML:DefaultPort xmi.id="S.11" parent="S.8" allowsChildren="false">
     <GXML:DefaultGraphCell.attributes>
      <GXML:HashtableStrings xmi.id="S.23"/>
     </GXML:DefaultGraphCell.attributes>
    </GXML:DefaultPort>
    <GXML:DefaultPort xmi.id="S.22" parent="S.19" allowsChildren="false">
     <GXML:DefaultGraphCell.attributes>
      <GXML:HashtableStrings xmi.id="S.24"/>
     </GXML:DefaultGraphCell.attributes>
    </GXML:DefaultPort>
    <GXML:ObjectCell xmi.id="S.7" children="S.5" allowsChildren="true">
     <GXML:ObjectCell.property>
      <GXML:ObjectGProperty xmi.id="S.25" fillColor="java.awt.Color[r=255,g=200,b=0]" titlefontSize="12" bodyfontSize="11" outlineColor="java.awt.Color[r=0,g=0,b=0]" outlineWidth="1" selectionColor="java.awt.Color[r=255,g=0,b=0]"/>
     </GXML:ObjectCell.property>
     <GXML:DefaultGraphCell.attributes>
      <GXML:HashtableStrings xmi.id="S.26">
       <GXML:HashtableStrings.value>
        <UML:Object xml:link="simple" href="../tree_Mencl_Sample.xml|S.103"/>
       </GXML:HashtableStrings.value>
      </GXML:HashtableStrings>
     </GXML:DefaultGraphCell.attributes>
     <GXML:DefaultMutableTreeNode.userObject>
      <UML:Object xml:link="simple" href="../tree_Mencl_Sample.xml|S.103"/>
     </GXML:DefaultMutableTreeNode.userObject>
    </GXML:ObjectCell>
    <GXML:ObjectCell xmi.id="S.4" children="S.2" allowsChildren="true">
     <GXML:ObjectCell.property>
      <GXML:ObjectGProperty xmi.id="S.27" fillColor="java.awt.Color[r=0,g=255,b=0]" titlefontSize="12" bodyfontSize="11" outlineColor="java.awt.Color[r=0,g=0,b=0]" outlineWidth="1" selectionColor="java.awt.Color[r=255,g=0,b=0]"/>
     </GXML:ObjectCell.property>
     <GXML:DefaultGraphCell.attributes>
      <GXML:HashtableStrings xmi.id="S.28">
       <GXML:HashtableStrings.value>
        <UML:Object xml:link="simple" href="../tree_Mencl_Sample.xml|S.104"/>
       </GXML:HashtableStrings.value>
      </GXML:HashtableStrings>
     </GXML:DefaultGraphCell.attributes>
     <GXML:DefaultMutableTreeNode.userObject>
      <UML:Object xml:link="simple" href="../tree_Mencl_Sample.xml|S.104"/>
     </GXML:DefaultMutableTreeNode.userObject>
    </GXML:ObjectCell>
    <GXML:SpecialEdge xmi.id="S.29" isRouted="false" source="S.5" target="S.13" allowsChildren="true">
     <GXML:DefaultGraphCell.attributes>
      <GXML:HashtableStrings xmi.id="S.30" keys="lineBegin editable linewidth lineEnd" values="0 false 1.0 0">
       <GXML:HashtableStrings.value>
        <UML:Link xml:link="simple" href="../tree_Mencl_Sample.xml|S.131"/>
       </GXML:HashtableStrings.value>
      </GXML:HashtableStrings>
     </GXML:DefaultGraphCell.attributes>
     <GXML:DefaultMutableTreeNode.userObject>
      <UML:Link xml:link="simple" href="../tree_Mencl_Sample.xml|S.131"/>
     </GXML:DefaultMutableTreeNode.userObject>
    </GXML:SpecialEdge>
    <GXML:SpecialEdge xmi.id="S.31" isRouted="false" source="S.22" target="S.13" allowsChildren="true">
     <GXML:DefaultGraphCell.attributes>
      <GXML:HashtableStrings xmi.id="S.32" keys="lineBegin editable linewidth lineEnd" values="0 false 1.0 0">
       <GXML:HashtableStrings.value>
        <UML:Link xml:link="simple" href="../tree_Mencl_Sample.xml|S.133"/>
       </GXML:HashtableStrings.value>
      </GXML:HashtableStrings>
     </GXML:DefaultGraphCell.attributes>
     <GXML:DefaultMutableTreeNode.userObject>
      <UML:Link xml:link="simple" href="../tree_Mencl_Sample.xml|S.133"/>
     </GXML:DefaultMutableTreeNode.userObject>
    </GXML:SpecialEdge>
    <GXML:SpecialEdge xmi.id="S.33" isRouted="false" source="S.11" target="S.5" allowsChildren="true">
     <GXML:DefaultGraphCell.attributes>
      <GXML:HashtableStrings xmi.id="S.34" keys="lineBegin editable linewidth lineEnd" values="0 false 1.0 0">
       <GXML:HashtableStrings.value>
        <UML:Link xml:link="simple" href="../tree_Mencl_Sample.xml|S.134"/>
       </GXML:HashtableStrings.value>
      </GXML:HashtableStrings>
     </GXML:DefaultGraphCell.attributes>
     <GXML:DefaultMutableTreeNode.userObject>
      <UML:Link xml:link="simple" href="../tree_Mencl_Sample.xml|S.134"/>
     </GXML:DefaultMutableTreeNode.userObject>
    </GXML:SpecialEdge>
   </GXML:ObjectDiagram.flat>
   <GXML:ObjectDiagram.cells>
    <GXML:SpecialEdge xmi.idref="S.29"/>
    <GXML:SpecialEdge xmi.idref="S.31"/>
    <GXML:SpecialEdge xmi.idref="S.12"/>
    <GXML:SpecialEdge xmi.idref="S.33"/>
    <GXML:ObjectCell xmi.idref="S.19"/>
    <GXML:ObjectCell xmi.idref="S.7"/>
    <GXML:ObjectCell xmi.idref="S.4"/>
    <GXML:ObjectCell xmi.idref="S.8"/>
    <GXML:ObjectCell xmi.idref="S.15"/>
   </GXML:ObjectDiagram.cells>
   <GXML:ObjectDiagram.relationViews>
    <GXML:SpecialEdge xmi.idref="S.29"/>
    <GXML:SpecialEdge xmi.idref="S.33"/>
    <GXML:SpecialEdge xmi.idref="S.31"/>
    <GXML:SpecialEdge xmi.idref="S.12"/>
   </GXML:ObjectDiagram.relationViews>
   <GXML:ObjectDiagram.connectionSet>
    <GXML:ConnectionSet xmi.id="S.35" edges="S.12 S.31 S.29 S.33">
     <GXML:ConnectionSet.connections>
      <GXML:ConnectionSet_GXConnection xmi.id="S.36" edge="S.12" isSource="true" port="S.2"/>
      <GXML:ConnectionSet_GXConnection xmi.id="S.37" edge="S.33" isSource="false" port="S.5"/>
      <GXML:ConnectionSet_GXConnection xmi.id="S.38" edge="S.29" isSource="true" port="S.5"/>
      <GXML:ConnectionSet_GXConnection xmi.id="S.39" edge="S.29" isSource="false" port="S.13"/>
      <GXML:ConnectionSet_GXConnection xmi.id="S.40" edge="S.31" isSource="true" port="S.22"/>
      <GXML:ConnectionSet_GXConnection xmi.id="S.41" edge="S.12" isSource="false" port="S.13"/>
      <GXML:ConnectionSet_GXConnection xmi.id="S.42" edge="S.31" isSource="false" port="S.13"/>
      <GXML:ConnectionSet_GXConnection xmi.id="S.43" edge="S.33" isSource="true" port="S.11"/>
     </GXML:ConnectionSet.connections>
    </GXML:ConnectionSet>
   </GXML:ObjectDiagram.connectionSet>
   <GXML:ObjectDiagram.viewAttributes>
    <GXML:Hashtable xmi.id="S.44" keys="S.19 S.29 S.13 S.31 S.33 S.5 S.7 S.22 S.12 S.4 S.15 S.8 S.11 S.2">
     <GXML:Hashtable.values>
      <GXML:HashtableStrings xmi.id="S.45" keys="bounds opaque" values="java.awt.Rectangle[x=15,y=102,width=115,height=83] true"/>
      <GXML:HashtableStrings xmi.id="S.46" keys="lineEnd linewidth editable points lineBegin labelposition" values="0 1.0 false [java.awt.Point[x=494,y=91],_java.awt.Point[x=250,y=43]] 0 java.awt.Point[x=500,y=500]"/>
      <GXML:HashtableStrings xmi.id="S.47"/>
      <GXML:HashtableStrings xmi.id="S.48" keys="lineEnd linewidth editable points lineBegin labelposition" values="0 1.0 false [java.awt.Point[x=73,y=144],_java.awt.Point[x=250,y=43]] 0 java.awt.Point[x=500,y=500]"/>
      <GXML:HashtableStrings xmi.id="S.49" keys="lineEnd linewidth editable points lineBegin labelposition" values="0 1.0 false [java.awt.Point[x=667,y=108],_java.awt.Point[x=494,y=91]] 0 java.awt.Point[x=500,y=500]"/>
      <GXML:HashtableStrings xmi.id="S.50"/>
      <GXML:HashtableStrings xmi.id="S.51" keys="bounds opaque" values="java.awt.Rectangle[x=436,y=67,width=115,height=47] true"/>
      <GXML:HashtableStrings xmi.id="S.52"/>
      <GXML:HashtableStrings xmi.id="S.53" keys="lineEnd linewidth editable points lineBegin labelposition" values="0 1.0 false [java.awt.Point[x=250,y=157],_java.awt.Point[x=250,y=43]] 0 java.awt.Point[x=500,y=500]"/>
      <GXML:HashtableStrings xmi.id="S.54" keys="bounds opaque" values="java.awt.Rectangle[x=192,y=133,width=115,height=47] true"/>
      <GXML:HashtableStrings xmi.id="S.55" keys="bounds opaque" values="java.awt.Rectangle[x=192,y=19,width=115,height=47] true"/>
      <GXML:HashtableStrings xmi.id="S.56" keys="bounds opaque" values="java.awt.Rectangle[x=608,y=68,width=116,height=79] true"/>
      <GXML:HashtableStrings xmi.id="S.57"/>
      <GXML:HashtableStrings xmi.id="S.58"/>
     </GXML:Hashtable.values>
    </GXML:Hashtable>
   </GXML:ObjectDiagram.viewAttributes>
   <GXML:ObjectDiagram.objectViews>
    <GXML:ObjectCell xmi.idref="S.15"/>
    <GXML:ObjectCell xmi.idref="S.7"/>
    <GXML:ObjectCell xmi.idref="S.8"/>
    <GXML:ObjectCell xmi.idref="S.19"/>
    <GXML:ObjectCell xmi.idref="S.4"/>
   </GXML:ObjectDiagram.objectViews>
   <GXML:ObjectDiagram.objects>
    <UML:Object xml:link="simple" href="../tree_Mencl_Sample.xml|S.106"/>
    <UML:Object xml:link="simple" href="../tree_Mencl_Sample.xml|S.103"/>
    <UML:Object xml:link="simple" href="../tree_Mencl_Sample.xml|S.105"/>
    <UML:Object xml:link="simple" href="../tree_Mencl_Sample.xml|S.102"/>
    <UML:Object xml:link="simple" href="../tree_Mencl_Sample.xml|S.104"/>
   </GXML:ObjectDiagram.objects>
  </GXML:ObjectDiagram>
 </XMI.content>
</XMI>
