<?xml version="1.0" encoding="UTF-8"?>
<XMI xmlns:UML="//org.omg/UML/1.3" xmlns:GXML="//lci.cs.ubbcluj.ro/gxml" xmi.version="1.1">
    <XMI.header>
        <XMI.documentation>
            <XMI.exporter>ocle 2.0</XMI.exporter>
            <XMI.exporterVersion>1.0</XMI.exporterVersion>
        </XMI.documentation>
        <XMI.metamodel xmi.name="GXAPI" xmi.version="0.1"/>
    </XMI.header>
    <XMI.content>
        <GXML:ClassDiagram xmi.id="S.1" name="Package_Relationships" background="java.awt.Color[r=255,g=255,b=204]" gridVisible="false" isLocked="false">
            <GXML:ClassDiagram.owner>
                <UML:Model xml:link="simple" href="../ordersys.xml|S.1"/>
            </GXML:ClassDiagram.owner>
            <GXML:ClassDiagram.flat>
                <GXML:SpecialPort xmi.id="S.2" parent="S.4" allowsChildren="false">
                    <GXML:DefaultGraphCell.attributes>
                        <GXML:HashtableStrings xmi.id="S.3"/>
                    </GXML:DefaultGraphCell.attributes>
                </GXML:SpecialPort>
                <GXML:PackageCell xmi.id="S.5" property="S.6" showPackage="false" children="S.8" allowsChildren="true">
                    <GXML:DefaultGraphCell.attributes>
                        <GXML:HashtableStrings xmi.id="S.7">
                            <GXML:HashtableStrings.value>
                                <UML:Package xml:link="simple" href="../ordersys.xml|S.508"/>
                            </GXML:HashtableStrings.value>
                        </GXML:HashtableStrings>
                    </GXML:DefaultGraphCell.attributes>
                    <GXML:DefaultMutableTreeNode.userObject>
                        <UML:Package xml:link="simple" href="../ordersys.xml|S.508"/>
                    </GXML:DefaultMutableTreeNode.userObject>
                </GXML:PackageCell>
                <GXML:SpecialPort xmi.id="S.9" parent="S.11" allowsChildren="false">
                    <GXML:DefaultGraphCell.attributes>
                        <GXML:HashtableStrings xmi.id="S.10"/>
                    </GXML:DefaultGraphCell.attributes>
                </GXML:SpecialPort>
                <GXML:SpecialPort xmi.id="S.12" parent="S.14" allowsChildren="false">
                    <GXML:DefaultGraphCell.attributes>
                        <GXML:HashtableStrings xmi.id="S.13"/>
                    </GXML:DefaultGraphCell.attributes>
                </GXML:SpecialPort>
                <GXML:PackageCell xmi.id="S.15" property="S.16" showPackage="false" children="S.18" allowsChildren="true">
                    <GXML:DefaultGraphCell.attributes>
                        <GXML:HashtableStrings xmi.id="S.17">
                            <GXML:HashtableStrings.value>
                                <UML:Package xml:link="simple" href="../ordersys.xml|S.538"/>
                            </GXML:HashtableStrings.value>
                        </GXML:HashtableStrings>
                    </GXML:DefaultGraphCell.attributes>
                    <GXML:DefaultMutableTreeNode.userObject>
                        <UML:Package xml:link="simple" href="../ordersys.xml|S.538"/>
                    </GXML:DefaultMutableTreeNode.userObject>
                </GXML:PackageCell>
                <GXML:SpecialPort xmi.id="S.18" parent="S.15" allowsChildren="false">
                    <GXML:DefaultGraphCell.attributes>
                        <GXML:HashtableStrings xmi.id="S.19"/>
                    </GXML:DefaultGraphCell.attributes>
                </GXML:SpecialPort>
                <GXML:SpecialPort xmi.id="S.20" parent="S.22" allowsChildren="false">
                    <GXML:DefaultGraphCell.attributes>
                        <GXML:HashtableStrings xmi.id="S.21"/>
                    </GXML:DefaultGraphCell.attributes>
                </GXML:SpecialPort>
                <GXML:SpecialPort xmi.id="S.23" parent="S.25" allowsChildren="false">
                    <GXML:DefaultGraphCell.attributes>
                        <GXML:HashtableStrings xmi.id="S.24"/>
                    </GXML:DefaultGraphCell.attributes>
                </GXML:SpecialPort>
                <GXML:SpecialEdge xmi.id="S.26" isRouted="false" source="S.20" target="S.8" children="S.28" allowsChildren="true">
                    <GXML:DefaultGraphCell.attributes>
                        <GXML:HashtableStrings xmi.id="S.27" keys="endsize dashPattern editable linewidth beginSize lineEnd" values="18 [3.0,0.0,3.0] false 1.0 18 4">
                            <GXML:HashtableStrings.value>
                                <UML:Dependency xml:link="simple" href="../ordersys.xml|S.637"/>
                            </GXML:HashtableStrings.value>
                        </GXML:HashtableStrings>
                    </GXML:DefaultGraphCell.attributes>
                    <GXML:DefaultMutableTreeNode.userObject>
                        <UML:Dependency xml:link="simple" href="../ordersys.xml|S.637"/>
                    </GXML:DefaultMutableTreeNode.userObject>
                </GXML:SpecialEdge>
                <GXML:SpecialPort xmi.id="S.8" parent="S.5" allowsChildren="false">
                    <GXML:DefaultGraphCell.attributes>
                        <GXML:HashtableStrings xmi.id="S.29"/>
                    </GXML:DefaultGraphCell.attributes>
                </GXML:SpecialPort>
                <GXML:SpecialPort xmi.id="S.28" parent="S.26" allowsChildren="false">
                    <GXML:DefaultGraphCell.attributes>
                        <GXML:HashtableStrings xmi.id="S.30"/>
                    </GXML:DefaultGraphCell.attributes>
                </GXML:SpecialPort>
                <GXML:SpecialPort xmi.id="S.31" parent="S.33" allowsChildren="false">
                    <GXML:DefaultGraphCell.attributes>
                        <GXML:HashtableStrings xmi.id="S.32"/>
                    </GXML:DefaultGraphCell.attributes>
                </GXML:SpecialPort>
                <GXML:PackageCell xmi.id="S.22" property="S.34" showPackage="false" children="S.20" allowsChildren="true">
                    <GXML:DefaultGraphCell.attributes>
                        <GXML:HashtableStrings xmi.id="S.35">
                            <GXML:HashtableStrings.value>
                                <UML:Package xml:link="simple" href="../ordersys.xml|S.510"/>
                            </GXML:HashtableStrings.value>
                        </GXML:HashtableStrings>
                    </GXML:DefaultGraphCell.attributes>
                    <GXML:DefaultMutableTreeNode.userObject>
                        <UML:Package xml:link="simple" href="../ordersys.xml|S.510"/>
                    </GXML:DefaultMutableTreeNode.userObject>
                </GXML:PackageCell>
                <GXML:SpecialEdge xmi.id="S.11" isRouted="false" source="S.18" target="S.8" children="S.9" allowsChildren="true">
                    <GXML:DefaultGraphCell.attributes>
                        <GXML:HashtableStrings xmi.id="S.36" keys="endsize dashPattern editable linewidth beginSize lineEnd" values="18 [3.0,0.0,3.0] false 1.0 18 4">
                            <GXML:HashtableStrings.value>
                                <UML:Dependency xml:link="simple" href="../ordersys.xml|S.639"/>
                            </GXML:HashtableStrings.value>
                        </GXML:HashtableStrings>
                    </GXML:DefaultGraphCell.attributes>
                    <GXML:DefaultMutableTreeNode.userObject>
                        <UML:Dependency xml:link="simple" href="../ordersys.xml|S.639"/>
                    </GXML:DefaultMutableTreeNode.userObject>
                </GXML:SpecialEdge>
                <GXML:SpecialEdge xmi.id="S.14" isRouted="false" source="S.18" target="S.20" children="S.12" allowsChildren="true">
                    <GXML:DefaultGraphCell.attributes>
                        <GXML:HashtableStrings xmi.id="S.37" keys="endsize dashPattern editable linewidth beginSize lineEnd" values="18 [3.0,0.0,3.0] false 1.0 18 4">
                            <GXML:HashtableStrings.value>
                                <UML:Dependency xml:link="simple" href="../ordersys.xml|Q.193"/>
                            </GXML:HashtableStrings.value>
                        </GXML:HashtableStrings>
                    </GXML:DefaultGraphCell.attributes>
                    <GXML:DefaultMutableTreeNode.userObject>
                        <UML:Dependency xml:link="simple" href="../ordersys.xml|Q.193"/>
                    </GXML:DefaultMutableTreeNode.userObject>
                </GXML:SpecialEdge>
                <GXML:SpecialEdge xmi.id="S.33" isRouted="false" source="S.18" target="S.8" children="S.31" allowsChildren="true">
                    <GXML:DefaultGraphCell.attributes>
                        <GXML:HashtableStrings xmi.id="S.38" keys="lineBegin endsize dashPattern editable linewidth beginSize" values="4 18 [3.0,0.0,3.0] false 1.0 18">
                            <GXML:HashtableStrings.value>
                                <UML:Dependency xml:link="simple" href="../ordersys.xml|S.537"/>
                            </GXML:HashtableStrings.value>
                        </GXML:HashtableStrings>
                    </GXML:DefaultGraphCell.attributes>
                    <GXML:DefaultMutableTreeNode.userObject>
                        <UML:Dependency xml:link="simple" href="../ordersys.xml|S.537"/>
                    </GXML:DefaultMutableTreeNode.userObject>
                </GXML:SpecialEdge>
                <GXML:SpecialEdge xmi.id="S.4" isRouted="false" source="S.18" target="S.20" children="S.2" allowsChildren="true">
                    <GXML:DefaultGraphCell.attributes>
                        <GXML:HashtableStrings xmi.id="S.39" keys="lineBegin endsize dashPattern editable linewidth beginSize" values="4 18 [3.0,0.0,3.0] false 1.0 18">
                            <GXML:HashtableStrings.value>
                                <UML:Dependency xml:link="simple" href="../ordersys.xml|Q.188"/>
                            </GXML:HashtableStrings.value>
                        </GXML:HashtableStrings>
                    </GXML:DefaultGraphCell.attributes>
                    <GXML:DefaultMutableTreeNode.userObject>
                        <UML:Dependency xml:link="simple" href="../ordersys.xml|Q.188"/>
                    </GXML:DefaultMutableTreeNode.userObject>
                </GXML:SpecialEdge>
                <GXML:SpecialEdge xmi.id="S.25" isRouted="false" source="S.20" target="S.8" children="S.23" allowsChildren="true">
                    <GXML:DefaultGraphCell.attributes>
                        <GXML:HashtableStrings xmi.id="S.40" keys="lineBegin endsize dashPattern editable linewidth beginSize" values="4 18 [3.0,0.0,3.0] false 1.0 18">
                            <GXML:HashtableStrings.value>
                                <UML:Dependency xml:link="simple" href="../ordersys.xml|S.509"/>
                            </GXML:HashtableStrings.value>
                        </GXML:HashtableStrings>
                    </GXML:DefaultGraphCell.attributes>
                    <GXML:DefaultMutableTreeNode.userObject>
                        <UML:Dependency xml:link="simple" href="../ordersys.xml|S.509"/>
                    </GXML:DefaultMutableTreeNode.userObject>
                </GXML:SpecialEdge>
            </GXML:ClassDiagram.flat>
            <GXML:ClassDiagram.cells>
                <GXML:SpecialEdge xmi.idref="S.26"/>
                <GXML:SpecialEdge xmi.idref="S.25"/>
                <GXML:SpecialEdge xmi.idref="S.11"/>
                <GXML:SpecialEdge xmi.idref="S.33"/>
                <GXML:PackageCell xmi.idref="S.5"/>
                <GXML:PackageCell xmi.idref="S.22"/>
                <GXML:PackageCell xmi.idref="S.15"/>
                <GXML:SpecialEdge xmi.idref="S.4"/>
                <GXML:SpecialEdge xmi.idref="S.14"/>
            </GXML:ClassDiagram.cells>
            <GXML:ClassDiagram.packageViews>
                <GXML:PackageCell xmi.idref="S.5"/>
                <GXML:PackageCell xmi.idref="S.22"/>
                <GXML:PackageCell xmi.idref="S.15"/>
            </GXML:ClassDiagram.packageViews>
            <GXML:ClassDiagram.relationViews>
                <GXML:SpecialEdge xmi.idref="S.26"/>
                <GXML:SpecialEdge xmi.idref="S.25"/>
                <GXML:SpecialEdge xmi.idref="S.11"/>
                <GXML:SpecialEdge xmi.idref="S.14"/>
                <GXML:SpecialEdge xmi.idref="S.33"/>
                <GXML:SpecialEdge xmi.idref="S.4"/>
            </GXML:ClassDiagram.relationViews>
            <GXML:ClassDiagram.connectionSet>
                <GXML:ConnectionSet xmi.id="S.41" edges="S.26 S.25 S.11 S.14 S.4 S.33">
                    <GXML:ConnectionSet.connections>
                        <GXML:ConnectionSet_GXConnection xmi.id="S.42" edge="S.11" isSource="true" port="S.18"/>
                        <GXML:ConnectionSet_GXConnection xmi.id="S.43" edge="S.33" isSource="false" port="S.8"/>
                        <GXML:ConnectionSet_GXConnection xmi.id="S.44" edge="S.14" isSource="false" port="S.20"/>
                        <GXML:ConnectionSet_GXConnection xmi.id="S.45" edge="S.11" isSource="false" port="S.8"/>
                        <GXML:ConnectionSet_GXConnection xmi.id="S.46" edge="S.26" isSource="true" port="S.20"/>
                        <GXML:ConnectionSet_GXConnection xmi.id="S.47" edge="S.25" isSource="false" port="S.8"/>
                        <GXML:ConnectionSet_GXConnection xmi.id="S.48" edge="S.33" isSource="true" port="S.18"/>
                        <GXML:ConnectionSet_GXConnection xmi.id="S.49" edge="S.26" isSource="false" port="S.8"/>
                        <GXML:ConnectionSet_GXConnection xmi.id="S.50" edge="S.4" isSource="true" port="S.18"/>
                        <GXML:ConnectionSet_GXConnection xmi.id="S.51" edge="S.14" isSource="true" port="S.18"/>
                        <GXML:ConnectionSet_GXConnection xmi.id="S.52" edge="S.4" isSource="false" port="S.20"/>
                        <GXML:ConnectionSet_GXConnection xmi.id="S.53" edge="S.25" isSource="true" port="S.20"/>
                    </GXML:ConnectionSet.connections>
                </GXML:ConnectionSet>
            </GXML:ClassDiagram.connectionSet>
            <GXML:ClassDiagram.viewAttributes>
                <GXML:Hashtable xmi.id="S.54" keys="S.9 S.31 S.5 S.20 S.28 S.22 S.2 S.14 S.18 S.26 S.33 S.15 S.8 S.4 S.12 S.11 S.23 S.25">
                    <GXML:Hashtable.values>
                        <GXML:HashtableStrings xmi.id="S.55"/>
                        <GXML:HashtableStrings xmi.id="S.56"/>
                        <GXML:HashtableStrings xmi.id="S.57" keys="bounds opaque" values="java.awt.Rectangle[x=127,y=109,width=164,height=109] true"/>
                        <GXML:HashtableStrings xmi.id="S.58"/>
                        <GXML:HashtableStrings xmi.id="S.59"/>
                        <GXML:HashtableStrings xmi.id="S.60" keys="bounds opaque" values="java.awt.Rectangle[x=763,y=100,width=164,height=109] true"/>
                        <GXML:HashtableStrings xmi.id="S.61"/>
                        <GXML:HashtableStrings xmi.id="S.62" keys="linewidth endsize editable lineEnd dashPattern points labelposition beginSize" values="1.0 18 false 4 [3.0,0.0,3.0] [java.awt.Point[x=530,y=433],_java.awt.Point[x=886,y=465],_java.awt.Point[x=846,y=155]] java.awt.Point[x=500,y=500] 18">
                            <GXML:HashtableStrings.value>
                                <UML:Dependency xml:link="simple" href="../ordersys.xml|Q.193"/>
                            </GXML:HashtableStrings.value>
                        </GXML:HashtableStrings>
                        <GXML:HashtableStrings xmi.id="S.63"/>
                        <GXML:HashtableStrings xmi.id="S.64" keys="linewidth endsize editable lineEnd dashPattern points labelposition beginSize" values="1.0 18 false 4 [3.0,0.0,3.0] [java.awt.Point[x=846,y=155],_java.awt.Point[x=521,y=145],_java.awt.Point[x=210,y=164]] java.awt.Point[x=500,y=500] 18">
                            <GXML:HashtableStrings.value>
                                <UML:Dependency xml:link="simple" href="../ordersys.xml|S.637"/>
                            </GXML:HashtableStrings.value>
                        </GXML:HashtableStrings>
                        <GXML:HashtableStrings xmi.id="S.65" keys="lineBegin linewidth endsize editable dashPattern points labelposition beginSize" values="4 1.0 18 false [3.0,0.0,3.0] [java.awt.Point[x=530,y=433],_java.awt.Point[x=204,y=428],_java.awt.Point[x=210,y=164]] java.awt.Point[x=500,y=500] 18">
                            <GXML:HashtableStrings.value>
                                <UML:Dependency xml:link="simple" href="../ordersys.xml|S.537"/>
                            </GXML:HashtableStrings.value>
                        </GXML:HashtableStrings>
                        <GXML:HashtableStrings xmi.id="S.66" keys="bounds opaque" values="java.awt.Rectangle[x=447,y=378,width=164,height=109] true"/>
                        <GXML:HashtableStrings xmi.id="S.67"/>
                        <GXML:HashtableStrings xmi.id="S.68" keys="lineBegin linewidth endsize editable dashPattern points labelposition beginSize" values="4 1.0 18 false [3.0,0.0,3.0] [java.awt.Point[x=530,y=433],_java.awt.Point[x=836,y=430],_java.awt.Point[x=846,y=155]] java.awt.Point[x=500,y=500] 18">
                            <GXML:HashtableStrings.value>
                                <UML:Dependency xml:link="simple" href="../ordersys.xml|Q.188"/>
                            </GXML:HashtableStrings.value>
                        </GXML:HashtableStrings>
                        <GXML:HashtableStrings xmi.id="S.69"/>
                        <GXML:HashtableStrings xmi.id="S.70" keys="linewidth endsize editable lineEnd dashPattern points labelposition beginSize" values="1.0 18 false 4 [3.0,0.0,3.0] [java.awt.Point[x=530,y=433],_java.awt.Point[x=154,y=462],_java.awt.Point[x=210,y=164]] java.awt.Point[x=500,y=500] 18">
                            <GXML:HashtableStrings.value>
                                <UML:Dependency xml:link="simple" href="../ordersys.xml|S.639"/>
                            </GXML:HashtableStrings.value>
                        </GXML:HashtableStrings>
                        <GXML:HashtableStrings xmi.id="S.71"/>
                        <GXML:HashtableStrings xmi.id="S.72" keys="lineBegin linewidth endsize editable dashPattern points labelposition beginSize" values="4 1.0 18 false [3.0,0.0,3.0] [java.awt.Point[x=846,y=155],_java.awt.Point[x=468,y=173],_java.awt.Point[x=210,y=164]] java.awt.Point[x=500,y=500] 18">
                            <GXML:HashtableStrings.value>
                                <UML:Dependency xml:link="simple" href="../ordersys.xml|S.509"/>
                            </GXML:HashtableStrings.value>
                        </GXML:HashtableStrings>
                    </GXML:Hashtable.values>
                </GXML:Hashtable>
            </GXML:ClassDiagram.viewAttributes>
            <GXML:ClassDiagram.globalFilter>
                <GXML:ClassFilter xmi.id="S.73">
                    <GXML:ClassFilter.map>
                        <GXML:HashtableStrings xmi.id="S.74" keys="m_pac a_pub stereotype a_pro a_pac a_pri msignature m_pro m_pub m_pri" values="true true true true true true true true true true"/>
                    </GXML:ClassFilter.map>
                </GXML:ClassFilter>
            </GXML:ClassDiagram.globalFilter>
            <GXML:ClassDiagram.packages>
                <UML:Package xml:link="simple" href="../ordersys.xml|S.508"/>
                <UML:Package xml:link="simple" href="../ordersys.xml|S.510"/>
                <UML:Package xml:link="simple" href="../ordersys.xml|S.538"/>
            </GXML:ClassDiagram.packages>
        </GXML:ClassDiagram>
        <GXML:PackageGProperty xmi.id="S.6" fillColor="java.awt.Color[r=0,g=255,b=255]" titlefontSize="14" outlineColor="java.awt.Color[r=0,g=0,b=0]" outlineWidth="1" selectionColor="java.awt.Color[r=255,g=0,b=0]"/>
        <GXML:PackageGProperty xmi.id="S.16" fillColor="java.awt.Color[r=0,g=255,b=255]" titlefontSize="14" outlineColor="java.awt.Color[r=0,g=0,b=0]" outlineWidth="1" selectionColor="java.awt.Color[r=255,g=0,b=0]"/>
        <GXML:PackageGProperty xmi.id="S.34" fillColor="java.awt.Color[r=0,g=255,b=255]" titlefontSize="14" outlineColor="java.awt.Color[r=0,g=0,b=0]" outlineWidth="1" selectionColor="java.awt.Color[r=255,g=0,b=0]"/>
    </XMI.content>
</XMI>
