<?xml version="1.0" encoding="UTF-8"?>
<XMI xmlns:UML="//org.omg/UML/1.3" xmi.version="1.1">
 <XMI.header>
  <XMI.documentation>
   <XMI.exporter>ocle 2.0</XMI.exporter>
   <XMI.exporterVersion>1.0</XMI.exporterVersion>
  </XMI.documentation>
  <XMI.metamodel xmi.name="UML" xmi.version="1.3"/>
 </XMI.header>
 <XMI.content>
  <UML:Model xmi.id="S.1" isRoot="false" isLeaf="false" isAbstract="false" name="aspects_neglected_in_OCL" visibility="public" isSpecification="false">
   <UML:Namespace.ownedElement>
    <UML:Class xmi.id="S.2" isActive="false" instance="S.3" name="A" namespace="S.1" isRoot="false" isLeaf="false" isAbstract="false" specialization="S.22 S.23" visibility="private" isSpecification="false">
     <UML:Classifier.feature>
      <UML:Attribute xmi.id="S.4" attributeLink="S.5 S.6 S.7 S.8" type="S.10" ordering="ordered" targetScope="instance" changeability="changeable" owner="S.2" visibility="protected" ownerScope="instance" name="a1" isSpecification="false">
       <UML:Attribute.initialValue>
        <UML:Expression xmi.id="S.9" body="" language=""/>
       </UML:Attribute.initialValue>
       <UML:StructuralFeature.multiplicity>
        <UML:Multiplicity xmi.id="S.11">
         <UML:Multiplicity.range>
          <UML:MultiplicityRange xmi.id="S.12" multiplicity="S.11" lower="1" upper="1"/>
         </UML:Multiplicity.range>
        </UML:Multiplicity>
       </UML:StructuralFeature.multiplicity>
      </UML:Attribute>
      <UML:Attribute xmi.id="S.13" attributeLink="S.14 S.15 S.16 S.17" type="S.19" ordering="unordered" targetScope="instance" changeability="changeable" owner="S.2" visibility="protected" ownerScope="instance" name="a2" isSpecification="false">
       <UML:Attribute.initialValue>
        <UML:Expression xmi.id="S.18" body=""/>
       </UML:Attribute.initialValue>
       <UML:StructuralFeature.multiplicity>
        <UML:Multiplicity xmi.id="S.20">
         <UML:Multiplicity.range>
          <UML:MultiplicityRange xmi.id="S.21" multiplicity="S.20" lower="1" upper="1"/>
         </UML:Multiplicity.range>
        </UML:Multiplicity>
       </UML:StructuralFeature.multiplicity>
      </UML:Attribute>
     </UML:Classifier.feature>
    </UML:Class>
    <UML:Class xmi.id="S.24" isActive="false" instance="S.25" name="B" namespace="S.1" isRoot="false" isLeaf="false" isAbstract="false" generalization="S.22" specialization="S.26" visibility="private" isSpecification="false">
     <UML:Namespace.ownedElement>
      <UML:Generalization xmi.id="S.22" parent="S.2" child="S.24" name="B_is_a_A" namespace="S.24" visibility="private" isSpecification="false"/>
     </UML:Namespace.ownedElement>
    </UML:Class>
    <UML:Class xmi.id="S.27" isActive="false" instance="S.28" name="C" namespace="S.1" isRoot="false" isLeaf="false" isAbstract="false" generalization="S.23" visibility="private" isSpecification="false">
     <UML:Namespace.ownedElement>
      <UML:Generalization xmi.id="S.23" parent="S.2" child="S.27" name="C_is_a_A" namespace="S.27" visibility="private" isSpecification="false"/>
     </UML:Namespace.ownedElement>
    </UML:Class>
    <UML:DataType xmi.id="S.29" name="&lt;undefined&gt;" namespace="S.1" isRoot="false" isLeaf="false" isAbstract="false" visibility="private" isSpecification="false"/>
    <UML:DataType xmi.id="S.10" instance="S.30 S.31" name="Boolean" namespace="S.1" isRoot="false" isLeaf="false" isAbstract="false" visibility="private" isSpecification="false"/>
    <UML:DataType xmi.id="S.19" instance="S.32 S.33 S.34" name="Integer" namespace="S.1" isRoot="false" isLeaf="false" isAbstract="false" visibility="private" isSpecification="false"/>
    <UML:DataType xmi.id="S.35" name="UnlimitedInteger" namespace="S.1" isRoot="false" isLeaf="false" isAbstract="false" visibility="private" isSpecification="false"/>
    <UML:DataType xmi.id="S.36" name="Real" namespace="S.1" isRoot="false" isLeaf="false" isAbstract="false" visibility="private" isSpecification="false"/>
    <UML:DataType xmi.id="S.37" name="String" namespace="S.1" isRoot="false" isLeaf="false" isAbstract="false" visibility="private" isSpecification="false"/>
    <UML:DataType xmi.id="S.38" name="undefined" namespace="S.1" isRoot="false" isLeaf="false" isAbstract="false" visibility="private" isSpecification="false"/>
    <UML:Stereotype xmi.id="S.39" baseClass="Classifier" isRoot="false" isLeaf="false" isAbstract="false" name="enumeration" namespace="S.1" visibility="private" isSpecification="false"/>
    <UML:Stereotype xmi.id="S.40" baseClass="Permission" isRoot="false" isLeaf="false" isAbstract="false" name="access" namespace="S.1" visibility="private" isSpecification="false"/>
    <UML:Stereotype xmi.id="S.41" baseClass="Package" isRoot="false" isLeaf="false" isAbstract="false" name="appliedProfile" namespace="S.1" visibility="private" isSpecification="false"/>
    <UML:Stereotype xmi.id="S.42" baseClass="AssociationEnd" isRoot="false" isLeaf="false" isAbstract="false" name="association" namespace="S.1" visibility="private" isSpecification="false"/>
    <UML:Stereotype xmi.id="S.43" baseClass="Class" isRoot="false" isLeaf="false" isAbstract="false" name="auxiliary" namespace="S.1" visibility="private" isSpecification="false"/>
    <UML:Stereotype xmi.id="S.44" baseClass="Flow" isRoot="false" isLeaf="false" isAbstract="false" name="become" namespace="S.1" visibility="private" isSpecification="false"/>
    <UML:Stereotype xmi.id="S.45" baseClass="Usage" isRoot="false" isLeaf="false" isAbstract="false" name="call" namespace="S.1" visibility="private" isSpecification="false"/>
    <UML:Stereotype xmi.id="S.46" baseClass="Flow" isRoot="false" isLeaf="false" isAbstract="false" name="copy" namespace="S.1" visibility="private" isSpecification="false"/>
    <UML:Stereotype xmi.id="S.47" baseClass="BehavioralFeature CallEvent Usage" isRoot="false" isLeaf="false" isAbstract="false" name="create" namespace="S.1" visibility="private" isSpecification="false"/>
    <UML:Stereotype xmi.id="S.48" baseClass="Abstraction" isRoot="false" isLeaf="false" isAbstract="false" name="derive" namespace="S.1" visibility="private" isSpecification="false"/>
    <UML:Stereotype xmi.id="S.49" baseClass="BehavioralFeature CallEvent" isRoot="false" isLeaf="false" isAbstract="false" name="destroy" namespace="S.1" visibility="private" isSpecification="false"/>
    <UML:Stereotype xmi.id="S.50" baseClass="Abstraction" isRoot="false" isLeaf="false" isAbstract="false" name="document" namespace="S.1" visibility="private" isSpecification="false"/>
    <UML:Stereotype xmi.id="S.51" baseClass="Abstraction" isRoot="false" isLeaf="false" isAbstract="false" name="executable" namespace="S.1" visibility="private" isSpecification="false"/>
    <UML:Stereotype xmi.id="S.52" baseClass="Package" isRoot="false" isLeaf="false" isAbstract="false" name="facade" namespace="S.1" visibility="private" isSpecification="false"/>
    <UML:Stereotype xmi.id="S.53" baseClass="Abstraction" isRoot="false" isLeaf="false" isAbstract="false" name="file" namespace="S.1" visibility="private" isSpecification="false"/>
    <UML:Stereotype xmi.id="S.54" baseClass="Class" isRoot="false" isLeaf="false" isAbstract="false" name="focus" namespace="S.1" visibility="private" isSpecification="false"/>
    <UML:Stereotype xmi.id="S.55" baseClass="Package" isRoot="false" isLeaf="false" isAbstract="false" name="framework" namespace="S.1" visibility="private" isSpecification="false"/>
    <UML:Stereotype xmi.id="S.56" baseClass="Permission" isRoot="false" isLeaf="false" isAbstract="false" name="friend" namespace="S.1" visibility="private" isSpecification="false"/>
    <UML:Stereotype xmi.id="S.57" baseClass="AssociationEnd" isRoot="false" isLeaf="false" isAbstract="false" name="global" namespace="S.1" visibility="private" isSpecification="false"/>
    <UML:Stereotype xmi.id="S.58" baseClass="Class Generalization" isRoot="false" isLeaf="false" isAbstract="false" name="implementation" namespace="S.1" visibility="private" isSpecification="false"/>
    <UML:Stereotype xmi.id="S.59" baseClass="Permission" isRoot="false" isLeaf="false" isAbstract="false" name="import" namespace="S.1" visibility="private" isSpecification="false"/>
    <UML:Stereotype xmi.id="S.60" baseClass="Usage" isRoot="false" isLeaf="false" isAbstract="false" name="instantiate" namespace="S.1" visibility="private" isSpecification="false"/>
    <UML:Stereotype xmi.id="S.61" baseClass="Constraint" isRoot="false" isLeaf="false" isAbstract="false" name="invariant" namespace="S.1" visibility="private" isSpecification="false"/>
    <UML:Stereotype xmi.id="S.62" baseClass="Abstraction" isRoot="false" isLeaf="false" isAbstract="false" name="library" namespace="S.1" visibility="private" isSpecification="false"/>
    <UML:Stereotype xmi.id="S.63" baseClass="AssociationEnd" isRoot="false" isLeaf="false" isAbstract="false" name="local" namespace="S.1" visibility="private" isSpecification="false"/>
    <UML:Stereotype xmi.id="S.64" baseClass="Class" isRoot="false" isLeaf="false" isAbstract="false" name="metaclass" namespace="S.1" visibility="private" isSpecification="false"/>
    <UML:Stereotype xmi.id="S.65" baseClass="Package" isRoot="false" isLeaf="false" isAbstract="false" name="metamodel" namespace="S.1" visibility="private" isSpecification="false"/>
    <UML:Stereotype xmi.id="S.66" baseClass="Package" isRoot="false" isLeaf="false" isAbstract="false" name="modelLibrary" namespace="S.1" visibility="private" isSpecification="false"/>
    <UML:Stereotype xmi.id="S.67" baseClass="AssociationEnd" isRoot="false" isLeaf="false" isAbstract="false" name="parameter" namespace="S.1" visibility="private" isSpecification="false"/>
    <UML:Stereotype xmi.id="S.68" baseClass="Constraint" isRoot="false" isLeaf="false" isAbstract="false" name="postcondition" namespace="S.1" visibility="private" isSpecification="false"/>
    <UML:Stereotype xmi.id="S.69" baseClass="Class" isRoot="false" isLeaf="false" isAbstract="false" name="powertype" namespace="S.1" visibility="private" isSpecification="false"/>
    <UML:Stereotype xmi.id="S.70" baseClass="Constraint" isRoot="false" isLeaf="false" isAbstract="false" name="precondition" namespace="S.1" visibility="private" isSpecification="false"/>
    <UML:Stereotype xmi.id="S.71" baseClass="Classifier" isRoot="false" isLeaf="false" isAbstract="false" name="process" namespace="S.1" visibility="private" isSpecification="false"/>
    <UML:Stereotype xmi.id="S.72" baseClass="Package" isRoot="false" isLeaf="false" isAbstract="false" name="profile" namespace="S.1" visibility="private" isSpecification="false"/>
    <UML:Stereotype xmi.id="S.73" baseClass="Abstraction" isRoot="false" isLeaf="false" isAbstract="false" name="realize" namespace="S.1" visibility="private" isSpecification="false"/>
    <UML:Stereotype xmi.id="S.74" baseClass="Abstraction" isRoot="false" isLeaf="false" isAbstract="false" name="refine" namespace="S.1" visibility="private" isSpecification="false"/>
    <UML:Stereotype xmi.id="S.75" baseClass="Comment" isRoot="false" isLeaf="false" isAbstract="false" name="requirement" namespace="S.1" visibility="private" isSpecification="false"/>
    <UML:Stereotype xmi.id="S.76" baseClass="Comment" isRoot="false" isLeaf="false" isAbstract="false" name="responsibility" namespace="S.1" visibility="private" isSpecification="false"/>
    <UML:Stereotype xmi.id="S.77" baseClass="AssociationEnd" isRoot="false" isLeaf="false" isAbstract="false" name="self" namespace="S.1" visibility="private" isSpecification="false"/>
    <UML:Stereotype xmi.id="S.78" baseClass="Usage" isRoot="false" isLeaf="false" isAbstract="false" name="send" namespace="S.1" visibility="private" isSpecification="false"/>
    <UML:Stereotype xmi.id="S.79" baseClass="ObjectFlowState" isRoot="false" isLeaf="false" isAbstract="false" name="signalflow" namespace="S.1" visibility="private" isSpecification="false"/>
    <UML:Stereotype xmi.id="S.80" baseClass="Abstraction" isRoot="false" isLeaf="false" isAbstract="false" name="source" namespace="S.1" visibility="private" isSpecification="false"/>
    <UML:Stereotype xmi.id="S.81" baseClass="Constraint" isRoot="false" isLeaf="false" isAbstract="false" name="stateInvariant" namespace="S.1" visibility="private" isSpecification="false"/>
    <UML:Stereotype xmi.id="S.82" baseClass="Package" isRoot="false" isLeaf="false" isAbstract="false" name="stub" namespace="S.1" visibility="private" isSpecification="false"/>
    <UML:Stereotype xmi.id="S.83" baseClass="Package" isRoot="false" isLeaf="false" isAbstract="false" name="systemModel" namespace="S.1" visibility="private" isSpecification="false"/>
    <UML:Stereotype xmi.id="S.84" baseClass="Abstraction" isRoot="false" isLeaf="false" isAbstract="false" name="table" namespace="S.1" visibility="private" isSpecification="false"/>
    <UML:Stereotype xmi.id="S.85" baseClass="Classifier" isRoot="false" isLeaf="false" isAbstract="false" name="thread" namespace="S.1" visibility="private" isSpecification="false"/>
    <UML:Stereotype xmi.id="S.86" baseClass="Package" isRoot="false" isLeaf="false" isAbstract="false" name="topLevel" namespace="S.1" visibility="private" isSpecification="false"/>
    <UML:Stereotype xmi.id="S.87" baseClass="Abstraction" isRoot="false" isLeaf="false" isAbstract="false" name="trace" namespace="S.1" visibility="private" isSpecification="false"/>
    <UML:Stereotype xmi.id="S.88" baseClass="Class" isRoot="false" isLeaf="false" isAbstract="false" name="type" namespace="S.1" visibility="private" isSpecification="false"/>
    <UML:Stereotype xmi.id="S.89" baseClass="Classifier" isRoot="false" isLeaf="false" isAbstract="false" name="utility" namespace="S.1" visibility="private" isSpecification="false"/>
    <UML:Stereotype xmi.id="S.90" baseClass="Classifier" isRoot="false" isLeaf="false" isAbstract="false" name="DTDChoice" namespace="S.1" visibility="public" isSpecification="false"/>
    <UML:Stereotype xmi.id="S.91" baseClass="Classifier" isRoot="false" isLeaf="false" isAbstract="false" name="DTDSequence" namespace="S.1" visibility="public" isSpecification="false"/>
    <UML:Stereotype xmi.id="S.92" baseClass="Classifier" isRoot="false" isLeaf="false" isAbstract="false" name="DTDMixed" namespace="S.1" visibility="public" isSpecification="false"/>
    <UML:Stereotype xmi.id="S.93" baseClass="Classifier" isRoot="false" isLeaf="false" isAbstract="false" name="DTDAny" namespace="S.1" visibility="public" isSpecification="false"/>
    <UML:Stereotype xmi.id="S.94" baseClass="Classifier" isRoot="false" isLeaf="false" isAbstract="false" name="DTDAnyElement" namespace="S.1" visibility="public" isSpecification="false"/>
    <UML:Stereotype xmi.id="S.95" baseClass="Classifier" isRoot="false" isLeaf="false" isAbstract="false" name="DTDEmptyElement" namespace="S.1" visibility="public" isSpecification="false"/>
    <UML:Stereotype xmi.id="S.96" baseClass="Classifier" isRoot="false" isLeaf="false" isAbstract="false" name="DTDElement" namespace="S.1" visibility="public" isSpecification="false"/>
    <UML:Stereotype xmi.id="S.97" baseClass="Classifier" isRoot="false" isLeaf="false" isAbstract="false" name="DTDUndefinedElement" namespace="S.1" visibility="public" isSpecification="false"/>
    <UML:Stereotype xmi.id="S.98" baseClass="Attribute" isRoot="false" isLeaf="false" isAbstract="false" name="DTDUndefinedAttribute" namespace="S.1" visibility="public" isSpecification="false"/>
    <UML:Stereotype xmi.id="S.99" baseClass="Association" isRoot="false" isLeaf="false" isAbstract="false" name="DTDUndefinedAssociation" namespace="S.1" visibility="public" isSpecification="false"/>
    <UML:Stereotype xmi.id="S.100" baseClass="Association" isRoot="false" isLeaf="false" isAbstract="false" name="DTDInvalidAssociation" namespace="S.1" visibility="public" isSpecification="false"/>
    <UML:Stereotype xmi.id="S.101" baseClass="Attribute" isRoot="false" isLeaf="false" isAbstract="false" name="CDATA" namespace="S.1" visibility="public" isSpecification="false"/>
    <UML:Stereotype xmi.id="S.102" baseClass="Attribute" isRoot="false" isLeaf="false" isAbstract="false" name="ID" namespace="S.1" visibility="public" isSpecification="false"/>
    <UML:Stereotype xmi.id="S.103" baseClass="Attribute" isRoot="false" isLeaf="false" isAbstract="false" name="IDREF" namespace="S.1" visibility="public" isSpecification="false"/>
    <UML:Stereotype xmi.id="S.104" baseClass="Attribute" isRoot="false" isLeaf="false" isAbstract="false" name="IDREFS" namespace="S.1" visibility="public" isSpecification="false"/>
    <UML:Stereotype xmi.id="S.105" baseClass="Attribute" isRoot="false" isLeaf="false" isAbstract="false" name="NMTOKEN" namespace="S.1" visibility="public" isSpecification="false"/>
    <UML:Stereotype xmi.id="S.106" baseClass="Attribute" isRoot="false" isLeaf="false" isAbstract="false" name="NMTOKENS" namespace="S.1" visibility="public" isSpecification="false"/>
    <UML:Stereotype xmi.id="S.107" baseClass="Attribute" isRoot="false" isLeaf="false" isAbstract="false" name="ENTITY" namespace="S.1" visibility="public" isSpecification="false"/>
    <UML:Stereotype xmi.id="S.108" baseClass="Attribute" isRoot="false" isLeaf="false" isAbstract="false" name="ENTITIES" namespace="S.1" visibility="public" isSpecification="false"/>
    <UML:Stereotype xmi.id="S.109" baseClass="Attribute" isRoot="false" isLeaf="false" isAbstract="false" name="NOTATION" namespace="S.1" visibility="public" isSpecification="false"/>
    <UML:Stereotype xmi.id="S.110" baseClass="Attribute" isRoot="false" isLeaf="false" isAbstract="false" name="REQUIRED" namespace="S.1" visibility="public" isSpecification="false"/>
    <UML:Stereotype xmi.id="S.111" baseClass="Attribute" isRoot="false" isLeaf="false" isAbstract="false" name="IMPLIED" namespace="S.1" visibility="public" isSpecification="false"/>
    <UML:Stereotype xmi.id="S.112" baseClass="Attribute" isRoot="false" isLeaf="false" isAbstract="false" name="FIXED" namespace="S.1" visibility="public" isSpecification="false"/>
    <UML:Stereotype xmi.id="S.113" baseClass="AttributeLink" isRoot="false" isLeaf="false" isAbstract="false" name="XMLMissingAttribute" namespace="S.1" visibility="public" isSpecification="false"/>
    <UML:Stereotype xmi.id="S.114" baseClass="AttributeLink" isRoot="false" isLeaf="false" isAbstract="false" name="XMLUnexpectedAttribute" namespace="S.1" visibility="public" isSpecification="false"/>
    <UML:Stereotype xmi.id="S.115" baseClass="Object" isRoot="false" isLeaf="false" isAbstract="false" name="XMLMissingElement" namespace="S.1" visibility="public" isSpecification="false"/>
    <UML:Stereotype xmi.id="S.116" baseClass="Object" isRoot="false" isLeaf="false" isAbstract="false" name="XMLUnexpectedElement" namespace="S.1" visibility="public" isSpecification="false"/>
    <UML:Stereotype xmi.id="S.117" baseClass="Link" isRoot="false" isLeaf="false" isAbstract="false" name="XMLMissingLink" namespace="S.1" visibility="public" isSpecification="false"/>
    <UML:Stereotype xmi.id="S.118" baseClass="Link" isRoot="false" isLeaf="false" isAbstract="false" name="XMLUnexpectedLink" namespace="S.1" visibility="public" isSpecification="false"/>
    <UML:Stereotype xmi.id="S.119" baseClass="Link" isRoot="false" isLeaf="false" isAbstract="false" name="XMLInvalidLink" namespace="S.1" visibility="public" isSpecification="false"/>
    <UML:Stereotype xmi.id="S.120" baseClass="Collaboration" isRoot="false" isLeaf="false" isAbstract="false" name="XMLObjectsCollaboration" namespace="S.1" visibility="public" isSpecification="false"/>
    <UML:TagDefinition xmi.id="S.121" tagType="Integer" name="sequence" namespace="S.1" visibility="public" isSpecification="false">
     <UML:TagDefinition.multiplicity>
      <UML:Multiplicity xmi.id="S.122">
       <UML:Multiplicity.range>
        <UML:MultiplicityRange xmi.id="S.123" multiplicity="S.122" lower="1" upper="1"/>
       </UML:Multiplicity.range>
      </UML:Multiplicity>
     </UML:TagDefinition.multiplicity>
    </UML:TagDefinition>
    <UML:TagDefinition xmi.id="S.124" tagType="Integer" name="choice" namespace="S.1" visibility="public" isSpecification="false">
     <UML:TagDefinition.multiplicity>
      <UML:Multiplicity xmi.id="S.125">
       <UML:Multiplicity.range>
        <UML:MultiplicityRange xmi.id="S.126" multiplicity="S.125" lower="1" upper="1"/>
       </UML:Multiplicity.range>
      </UML:Multiplicity>
     </UML:TagDefinition.multiplicity>
    </UML:TagDefinition>
    <UML:TagDefinition xmi.id="S.127" tagType="Integer" name="mixed" namespace="S.1" visibility="public" isSpecification="false">
     <UML:TagDefinition.multiplicity>
      <UML:Multiplicity xmi.id="S.128">
       <UML:Multiplicity.range>
        <UML:MultiplicityRange xmi.id="S.129" multiplicity="S.128" lower="1" upper="1"/>
       </UML:Multiplicity.range>
      </UML:Multiplicity>
     </UML:TagDefinition.multiplicity>
    </UML:TagDefinition>
    <UML:TagDefinition xmi.id="S.130" tagType="Integer" name="any" namespace="S.1" visibility="public" isSpecification="false">
     <UML:TagDefinition.multiplicity>
      <UML:Multiplicity xmi.id="S.131">
       <UML:Multiplicity.range>
        <UML:MultiplicityRange xmi.id="S.132" multiplicity="S.131" lower="1" upper="1"/>
       </UML:Multiplicity.range>
      </UML:Multiplicity>
     </UML:TagDefinition.multiplicity>
    </UML:TagDefinition>
    <UML:Class xmi.id="S.133" isActive="true" instance="S.134" name="D" namespace="S.1" isRoot="false" isLeaf="false" isAbstract="false" generalization="S.26" visibility="public" isSpecification="false">
     <UML:Namespace.ownedElement>
      <UML:Generalization xmi.id="S.26" parent="S.24" child="S.133" name="D_is_a_B" namespace="S.133" visibility="public" isSpecification="false"/>
     </UML:Namespace.ownedElement>
    </UML:Class>
    <UML:Collaboration xmi.id="S.135" name="Collaboration" namespace="S.1" isRoot="false" isLeaf="false" isAbstract="false" visibility="public" isSpecification="false">
     <UML:Namespace.ownedElement>
      <UML:Object xmi.id="S.3" classifier="S.2" name="a1" namespace="S.135" visibility="public" isSpecification="false">
       <UML:Instance.slot>
        <UML:AttributeLink xmi.id="S.5" value="S.30" attribute="S.4" instance="S.3" name="a1" visibility="private" isSpecification="false"/>
        <UML:AttributeLink xmi.id="S.14" value="S.32" attribute="S.13" instance="S.3" name="a2" visibility="private" isSpecification="false"/>
       </UML:Instance.slot>
      </UML:Object>
      <UML:Object xmi.id="S.25" classifier="S.24" name="b1" namespace="S.135" visibility="public" isSpecification="false">
       <UML:Instance.slot>
        <UML:AttributeLink xmi.id="S.6" value="S.31" attribute="S.4" instance="S.25" name="a1" visibility="private" isSpecification="false"/>
        <UML:AttributeLink xmi.id="S.15" value="S.33" attribute="S.13" instance="S.25" name="a2" visibility="private" isSpecification="false"/>
       </UML:Instance.slot>
      </UML:Object>
      <UML:Object xmi.id="S.28" classifier="S.27" name="c1" namespace="S.135" visibility="public" isSpecification="false">
       <UML:Instance.slot>
        <UML:AttributeLink xmi.id="S.7" value="S.31" attribute="S.4" instance="S.28" name="a1" visibility="private" isSpecification="false"/>
        <UML:AttributeLink xmi.id="S.16" value="S.34" attribute="S.13" instance="S.28" name="a2" visibility="private" isSpecification="false"/>
       </UML:Instance.slot>
      </UML:Object>
      <UML:Object xmi.id="S.134" classifier="S.133" name="d1" namespace="S.135" visibility="public" isSpecification="false">
       <UML:Instance.slot>
        <UML:AttributeLink xmi.id="S.8" value="S.31" attribute="S.4" instance="S.134" name="a1" visibility="private" isSpecification="false"/>
        <UML:AttributeLink xmi.id="S.17" value="S.33" attribute="S.13" instance="S.134" name="a2" visibility="private" isSpecification="false"/>
       </UML:Instance.slot>
      </UML:Object>
     </UML:Namespace.ownedElement>
    </UML:Collaboration>
    <UML:DataValue xmi.id="S.30" classifier="S.10" attributeLink="S.5" name="true" namespace="S.1" visibility="public" isSpecification="false"/>
    <UML:DataValue xmi.id="S.32" classifier="S.19" attributeLink="S.14" name="13" namespace="S.1" visibility="public" isSpecification="false"/>
    <UML:DataValue xmi.id="S.31" classifier="S.10" attributeLink="S.8 S.7 S.6" name="false" namespace="S.1" visibility="public" isSpecification="false"/>
    <UML:DataValue xmi.id="S.33" classifier="S.19" attributeLink="S.17 S.15" name="7" namespace="S.1" visibility="public" isSpecification="false"/>
    <UML:DataValue xmi.id="S.34" classifier="S.19" attributeLink="S.16" name="9" namespace="S.1" visibility="public" isSpecification="false"/>
   </UML:Namespace.ownedElement>
  </UML:Model>
 </XMI.content>
</XMI>
