<?xml version="1.0" encoding="UTF-8"?>
<XMI xmlns:UML="//org.omg/UML/1.3" xmlns:GXML="//lci.cs.ubbcluj.ro/gxml" xmi.version="1.1">
    <XMI.header>
        <XMI.documentation>
            <XMI.exporter>ocle 2.0</XMI.exporter>
            <XMI.exporterVersion>1.0</XMI.exporterVersion>
        </XMI.documentation>
        <XMI.metamodel xmi.name="GXAPI" xmi.version="0.1"/>
    </XMI.header>
    <XMI.content>
        <GXML:ClassDiagram xmi.id="S.1" name="Finance_Business_ClassDiagram" background="java.awt.Color[r=255,g=255,b=153]" gridVisible="false" isLocked="false">
            <GXML:ClassDiagram.owner>
                <UML:Model xml:link="simple" href="../Finance_Business.xml|S.1"/>
            </GXML:ClassDiagram.owner>
            <GXML:ClassDiagram.flat>
                <GXML:DefaultGraphCell xmi.id="S.2" userObjectString="+refer_to" allowsChildren="true">
                    <GXML:DefaultGraphCell.attributes>
                        <GXML:HashtableStrings xmi.id="S.3" keys="value" values="+refer_to"/>
                    </GXML:DefaultGraphCell.attributes>
                </GXML:DefaultGraphCell>
                <GXML:SpecialPort xmi.id="S.4" parent="S.6" allowsChildren="false">
                    <GXML:DefaultGraphCell.attributes>
                        <GXML:HashtableStrings xmi.id="S.5"/>
                    </GXML:DefaultGraphCell.attributes>
                </GXML:SpecialPort>
                <GXML:DefaultGraphCell xmi.id="S.7" userObjectString="0..*" allowsChildren="true">
                    <GXML:DefaultGraphCell.attributes>
                        <GXML:HashtableStrings xmi.id="S.8" keys="value" values="0..*"/>
                    </GXML:DefaultGraphCell.attributes>
                </GXML:DefaultGraphCell>
                <GXML:ClassCell xmi.id="S.9" isInterface="false" isFiltered="false" hasAutoR="false" showPackage="false" children="S.14" allowsChildren="true">
                    <GXML:ClassCell.property>
                        <GXML:ClassGProperty xmi.id="S.10" fillColor="java.awt.Color[r=0,g=255,b=255]" titlefontSize="14" bodyfontSize="13" outlineColor="java.awt.Color[r=0,g=0,b=0]" outlineWidth="1" selectionColor="java.awt.Color[r=255,g=0,b=0]"/>
                    </GXML:ClassCell.property>
                    <GXML:ClassCell.filter>
                        <GXML:ClassFilter xmi.id="S.11">
                            <GXML:ClassFilter.map>
                                <GXML:HashtableStrings xmi.id="S.12" keys="m_pac a_pub stereotype a_pro a_pac a_pri msignature m_pro m_pub m_pri" values="true true true true true true true true true true"/>
                            </GXML:ClassFilter.map>
                        </GXML:ClassFilter>
                    </GXML:ClassCell.filter>
                    <GXML:DefaultGraphCell.attributes>
                        <GXML:HashtableStrings xmi.id="S.13">
                            <GXML:HashtableStrings.value>
                                <UML:Class xml:link="simple" href="../Finance_Business.xml|S.94"/>
                            </GXML:HashtableStrings.value>
                        </GXML:HashtableStrings>
                    </GXML:DefaultGraphCell.attributes>
                    <GXML:DefaultMutableTreeNode.userObject>
                        <UML:Class xml:link="simple" href="../Finance_Business.xml|S.94"/>
                    </GXML:DefaultMutableTreeNode.userObject>
                </GXML:ClassCell>
                <GXML:DefaultGraphCell xmi.id="S.15" userObjectString="+order" allowsChildren="true">
                    <GXML:DefaultGraphCell.attributes>
                        <GXML:HashtableStrings xmi.id="S.16" keys="value" values="+order"/>
                    </GXML:DefaultGraphCell.attributes>
                </GXML:DefaultGraphCell>
                <GXML:DefaultGraphCell xmi.id="S.17" userObjectString="+possession" allowsChildren="true">
                    <GXML:DefaultGraphCell.attributes>
                        <GXML:HashtableStrings xmi.id="S.18" keys="value" values="+possession"/>
                    </GXML:DefaultGraphCell.attributes>
                </GXML:DefaultGraphCell>
                <GXML:ClassCell xmi.id="S.6" isInterface="false" isFiltered="false" hasAutoR="false" showPackage="false" children="S.4" allowsChildren="true">
                    <GXML:ClassCell.property>
                        <GXML:ClassGProperty xmi.id="S.19" fillColor="java.awt.Color[r=128,g=128,b=128]" titlefontSize="14" bodyfontSize="13" outlineColor="java.awt.Color[r=0,g=0,b=0]" outlineWidth="1" selectionColor="java.awt.Color[r=255,g=0,b=0]"/>
                    </GXML:ClassCell.property>
                    <GXML:ClassCell.filter>
                        <GXML:ClassFilter xmi.id="S.20">
                            <GXML:ClassFilter.map>
                                <GXML:HashtableStrings xmi.id="S.21" keys="m_pac a_pub stereotype a_pro a_pac a_pri msignature m_pro m_pub m_pri" values="true true true true true true true true true true"/>
                            </GXML:ClassFilter.map>
                        </GXML:ClassFilter>
                    </GXML:ClassCell.filter>
                    <GXML:DefaultGraphCell.attributes>
                        <GXML:HashtableStrings xmi.id="S.22">
                            <GXML:HashtableStrings.value>
                                <UML:Class xml:link="simple" href="../Finance_Business.xml|S.53"/>
                            </GXML:HashtableStrings.value>
                        </GXML:HashtableStrings>
                    </GXML:DefaultGraphCell.attributes>
                    <GXML:DefaultMutableTreeNode.userObject>
                        <UML:Class xml:link="simple" href="../Finance_Business.xml|S.53"/>
                    </GXML:DefaultMutableTreeNode.userObject>
                </GXML:ClassCell>
                <GXML:SpecialPort xmi.id="S.23" parent="S.25" allowsChildren="false">
                    <GXML:DefaultGraphCell.attributes>
                        <GXML:HashtableStrings xmi.id="S.24"/>
                    </GXML:DefaultGraphCell.attributes>
                </GXML:SpecialPort>
                <GXML:DefaultGraphCell xmi.id="S.26" userObjectString="+security" allowsChildren="true">
                    <GXML:DefaultGraphCell.attributes>
                        <GXML:HashtableStrings xmi.id="S.27" keys="value" values="+security"/>
                    </GXML:DefaultGraphCell.attributes>
                </GXML:DefaultGraphCell>
                <GXML:DefaultGraphCell xmi.id="S.28" userObjectString="0..*" allowsChildren="true">
                    <GXML:DefaultGraphCell.attributes>
                        <GXML:HashtableStrings xmi.id="S.29" keys="value" values="0..*"/>
                    </GXML:DefaultGraphCell.attributes>
                </GXML:DefaultGraphCell>
                <GXML:SpecialPort xmi.id="S.30" parent="S.32" allowsChildren="false">
                    <GXML:DefaultGraphCell.attributes>
                        <GXML:HashtableStrings xmi.id="S.31"/>
                    </GXML:DefaultGraphCell.attributes>
                </GXML:SpecialPort>
                <GXML:SpecialPort xmi.id="S.33" parent="S.35" allowsChildren="false">
                    <GXML:DefaultGraphCell.attributes>
                        <GXML:HashtableStrings xmi.id="S.34"/>
                    </GXML:DefaultGraphCell.attributes>
                </GXML:SpecialPort>
                <GXML:DefaultGraphCell xmi.id="S.36" userObjectString="+option" allowsChildren="true">
                    <GXML:DefaultGraphCell.attributes>
                        <GXML:HashtableStrings xmi.id="S.37" keys="value" values="+option"/>
                    </GXML:DefaultGraphCell.attributes>
                </GXML:DefaultGraphCell>
                <GXML:SpecialPort xmi.id="S.38" parent="S.40" allowsChildren="false">
                    <GXML:DefaultGraphCell.attributes>
                        <GXML:HashtableStrings xmi.id="S.39"/>
                    </GXML:DefaultGraphCell.attributes>
                </GXML:SpecialPort>
                <GXML:SpecialPort xmi.id="S.41" parent="S.43" allowsChildren="false">
                    <GXML:DefaultGraphCell.attributes>
                        <GXML:HashtableStrings xmi.id="S.42"/>
                    </GXML:DefaultGraphCell.attributes>
                </GXML:SpecialPort>
                <GXML:DefaultGraphCell xmi.id="S.44" userObjectString="0..*" allowsChildren="true">
                    <GXML:DefaultGraphCell.attributes>
                        <GXML:HashtableStrings xmi.id="S.45" keys="value" values="0..*"/>
                    </GXML:DefaultGraphCell.attributes>
                </GXML:DefaultGraphCell>
                <GXML:SpecialPort xmi.id="S.46" parent="S.48" allowsChildren="false">
                    <GXML:DefaultGraphCell.attributes>
                        <GXML:HashtableStrings xmi.id="S.47"/>
                    </GXML:DefaultGraphCell.attributes>
                </GXML:SpecialPort>
                <GXML:SpecialPort xmi.id="S.49" parent="S.51" allowsChildren="false">
                    <GXML:DefaultGraphCell.attributes>
                        <GXML:HashtableStrings xmi.id="S.50"/>
                    </GXML:DefaultGraphCell.attributes>
                </GXML:SpecialPort>
                <GXML:SpecialPort xmi.id="S.52" parent="S.54" allowsChildren="false">
                    <GXML:DefaultGraphCell.attributes>
                        <GXML:HashtableStrings xmi.id="S.53"/>
                    </GXML:DefaultGraphCell.attributes>
                </GXML:SpecialPort>
                <GXML:ClassCell xmi.id="S.55" isInterface="false" isFiltered="false" hasAutoR="false" showPackage="false" children="S.60" allowsChildren="true">
                    <GXML:ClassCell.property>
                        <GXML:ClassGProperty xmi.id="S.56" fillColor="java.awt.Color[r=0,g=255,b=255]" titlefontSize="14" bodyfontSize="13" outlineColor="java.awt.Color[r=0,g=0,b=0]" outlineWidth="1" selectionColor="java.awt.Color[r=255,g=0,b=0]"/>
                    </GXML:ClassCell.property>
                    <GXML:ClassCell.filter>
                        <GXML:ClassFilter xmi.id="S.57">
                            <GXML:ClassFilter.map>
                                <GXML:HashtableStrings xmi.id="S.58" keys="m_pac a_pub stereotype a_pro a_pac a_pri msignature m_pro m_pub m_pri" values="true true true true true true true true true true"/>
                            </GXML:ClassFilter.map>
                        </GXML:ClassFilter>
                    </GXML:ClassCell.filter>
                    <GXML:DefaultGraphCell.attributes>
                        <GXML:HashtableStrings xmi.id="S.59">
                            <GXML:HashtableStrings.value>
                                <UML:Class xml:link="simple" href="../Finance_Business.xml|S.76"/>
                            </GXML:HashtableStrings.value>
                        </GXML:HashtableStrings>
                    </GXML:DefaultGraphCell.attributes>
                    <GXML:DefaultMutableTreeNode.userObject>
                        <UML:Class xml:link="simple" href="../Finance_Business.xml|S.76"/>
                    </GXML:DefaultMutableTreeNode.userObject>
                </GXML:ClassCell>
                <GXML:ClassCell xmi.id="S.61" isInterface="false" isFiltered="false" hasAutoR="false" showPackage="false" children="S.66" allowsChildren="true">
                    <GXML:ClassCell.property>
                        <GXML:ClassGProperty xmi.id="S.62" fillColor="java.awt.Color[r=0,g=255,b=255]" titlefontSize="14" bodyfontSize="13" outlineColor="java.awt.Color[r=0,g=0,b=0]" outlineWidth="1" selectionColor="java.awt.Color[r=255,g=0,b=0]"/>
                    </GXML:ClassCell.property>
                    <GXML:ClassCell.filter>
                        <GXML:ClassFilter xmi.id="S.63">
                            <GXML:ClassFilter.map>
                                <GXML:HashtableStrings xmi.id="S.64" keys="m_pac a_pub stereotype a_pro a_pac a_pri msignature m_pro m_pub m_pri" values="true true true true true true true true true true"/>
                            </GXML:ClassFilter.map>
                        </GXML:ClassFilter>
                    </GXML:ClassCell.filter>
                    <GXML:DefaultGraphCell.attributes>
                        <GXML:HashtableStrings xmi.id="S.65">
                            <GXML:HashtableStrings.value>
                                <UML:Class xml:link="simple" href="../Finance_Business.xml|S.80"/>
                            </GXML:HashtableStrings.value>
                        </GXML:HashtableStrings>
                    </GXML:DefaultGraphCell.attributes>
                    <GXML:DefaultMutableTreeNode.userObject>
                        <UML:Class xml:link="simple" href="../Finance_Business.xml|S.80"/>
                    </GXML:DefaultMutableTreeNode.userObject>
                </GXML:ClassCell>
                <GXML:DefaultGraphCell xmi.id="S.67" userObjectString="1" allowsChildren="true">
                    <GXML:DefaultGraphCell.attributes>
                        <GXML:HashtableStrings xmi.id="S.68" keys="value" values="1"/>
                    </GXML:DefaultGraphCell.attributes>
                </GXML:DefaultGraphCell>
                <GXML:DefaultGraphCell xmi.id="S.69" userObjectString="+portofolio" allowsChildren="true">
                    <GXML:DefaultGraphCell.attributes>
                        <GXML:HashtableStrings xmi.id="S.70" keys="value" values="+portofolio"/>
                    </GXML:DefaultGraphCell.attributes>
                </GXML:DefaultGraphCell>
                <GXML:SpecialPort xmi.id="S.71" parent="S.73" allowsChildren="false">
                    <GXML:DefaultGraphCell.attributes>
                        <GXML:HashtableStrings xmi.id="S.72"/>
                    </GXML:DefaultGraphCell.attributes>
                </GXML:SpecialPort>
                <GXML:SpecialPort xmi.id="S.74" parent="S.76" allowsChildren="false">
                    <GXML:DefaultGraphCell.attributes>
                        <GXML:HashtableStrings xmi.id="S.75"/>
                    </GXML:DefaultGraphCell.attributes>
                </GXML:SpecialPort>
                <GXML:SpecialPort xmi.id="S.60" parent="S.55" allowsChildren="false">
                    <GXML:DefaultGraphCell.attributes>
                        <GXML:HashtableStrings xmi.id="S.77"/>
                    </GXML:DefaultGraphCell.attributes>
                </GXML:SpecialPort>
                <GXML:ClassCell xmi.id="S.78" isInterface="false" isFiltered="false" hasAutoR="false" showPackage="false" children="S.83" allowsChildren="true">
                    <GXML:ClassCell.property>
                        <GXML:ClassGProperty xmi.id="S.79" fillColor="java.awt.Color[r=255,g=175,b=175]" titlefontSize="14" bodyfontSize="13" outlineColor="java.awt.Color[r=0,g=0,b=0]" outlineWidth="1" selectionColor="java.awt.Color[r=255,g=0,b=0]"/>
                    </GXML:ClassCell.property>
                    <GXML:ClassCell.filter>
                        <GXML:ClassFilter xmi.id="S.80">
                            <GXML:ClassFilter.map>
                                <GXML:HashtableStrings xmi.id="S.81" keys="m_pac a_pub stereotype a_pro a_pac a_pri msignature m_pro m_pub m_pri" values="true true true true true true true true true true"/>
                            </GXML:ClassFilter.map>
                        </GXML:ClassFilter>
                    </GXML:ClassCell.filter>
                    <GXML:DefaultGraphCell.attributes>
                        <GXML:HashtableStrings xmi.id="S.82">
                            <GXML:HashtableStrings.value>
                                <UML:Class xml:link="simple" href="../Finance_Business.xml|S.140"/>
                            </GXML:HashtableStrings.value>
                        </GXML:HashtableStrings>
                    </GXML:DefaultGraphCell.attributes>
                    <GXML:DefaultMutableTreeNode.userObject>
                        <UML:Class xml:link="simple" href="../Finance_Business.xml|S.140"/>
                    </GXML:DefaultMutableTreeNode.userObject>
                </GXML:ClassCell>
                <GXML:SpecialPort xmi.id="S.66" parent="S.61" allowsChildren="false">
                    <GXML:DefaultGraphCell.attributes>
                        <GXML:HashtableStrings xmi.id="S.84"/>
                    </GXML:DefaultGraphCell.attributes>
                </GXML:SpecialPort>
                <GXML:DefaultGraphCell xmi.id="S.85" userObjectString="+portofolio" allowsChildren="true">
                    <GXML:DefaultGraphCell.attributes>
                        <GXML:HashtableStrings xmi.id="S.86" keys="value" values="+portofolio"/>
                    </GXML:DefaultGraphCell.attributes>
                </GXML:DefaultGraphCell>
                <GXML:SpecialPort xmi.id="S.87" parent="S.89" allowsChildren="false">
                    <GXML:DefaultGraphCell.attributes>
                        <GXML:HashtableStrings xmi.id="S.88"/>
                    </GXML:DefaultGraphCell.attributes>
                </GXML:SpecialPort>
                <GXML:DefaultGraphCell xmi.id="S.90" userObjectString="+holdings" allowsChildren="true">
                    <GXML:DefaultGraphCell.attributes>
                        <GXML:HashtableStrings xmi.id="S.91" keys="value" values="+holdings"/>
                    </GXML:DefaultGraphCell.attributes>
                </GXML:DefaultGraphCell>
                <GXML:ClassCell xmi.id="S.92" isInterface="false" isFiltered="false" hasAutoR="false" showPackage="false" children="S.97" allowsChildren="true">
                    <GXML:ClassCell.property>
                        <GXML:ClassGProperty xmi.id="S.93" fillColor="java.awt.Color[r=0,g=255,b=255]" titlefontSize="14" bodyfontSize="13" outlineColor="java.awt.Color[r=0,g=0,b=0]" outlineWidth="1" selectionColor="java.awt.Color[r=255,g=0,b=0]"/>
                    </GXML:ClassCell.property>
                    <GXML:ClassCell.filter>
                        <GXML:ClassFilter xmi.id="S.94">
                            <GXML:ClassFilter.map>
                                <GXML:HashtableStrings xmi.id="S.95" keys="m_pac a_pub stereotype a_pro a_pac a_pri msignature m_pro m_pub m_pri" values="true true true true true true true true true true"/>
                            </GXML:ClassFilter.map>
                        </GXML:ClassFilter>
                    </GXML:ClassCell.filter>
                    <GXML:DefaultGraphCell.attributes>
                        <GXML:HashtableStrings xmi.id="S.96">
                            <GXML:HashtableStrings.value>
                                <UML:Class xml:link="simple" href="../Finance_Business.xml|S.14"/>
                            </GXML:HashtableStrings.value>
                        </GXML:HashtableStrings>
                    </GXML:DefaultGraphCell.attributes>
                    <GXML:DefaultMutableTreeNode.userObject>
                        <UML:Class xml:link="simple" href="../Finance_Business.xml|S.14"/>
                    </GXML:DefaultMutableTreeNode.userObject>
                </GXML:ClassCell>
                <GXML:SpecialPort xmi.id="S.14" parent="S.9" allowsChildren="false">
                    <GXML:DefaultGraphCell.attributes>
                        <GXML:HashtableStrings xmi.id="S.98"/>
                    </GXML:DefaultGraphCell.attributes>
                </GXML:SpecialPort>
                <GXML:ClassCell xmi.id="S.99" isInterface="false" isFiltered="false" hasAutoR="false" showPackage="false" children="S.104" allowsChildren="true">
                    <GXML:ClassCell.property>
                        <GXML:ClassGProperty xmi.id="S.100" fillColor="java.awt.Color[r=0,g=255,b=255]" titlefontSize="14" bodyfontSize="13" outlineColor="java.awt.Color[r=0,g=0,b=0]" outlineWidth="1" selectionColor="java.awt.Color[r=255,g=0,b=0]"/>
                    </GXML:ClassCell.property>
                    <GXML:ClassCell.filter>
                        <GXML:ClassFilter xmi.id="S.101">
                            <GXML:ClassFilter.map>
                                <GXML:HashtableStrings xmi.id="S.102" keys="m_pac a_pub stereotype a_pro a_pac a_pri msignature m_pro m_pub m_pri" values="true true true true true true true true true true"/>
                            </GXML:ClassFilter.map>
                        </GXML:ClassFilter>
                    </GXML:ClassCell.filter>
                    <GXML:DefaultGraphCell.attributes>
                        <GXML:HashtableStrings xmi.id="S.103">
                            <GXML:HashtableStrings.value>
                                <UML:Class xml:link="simple" href="../Finance_Business.xml|S.104"/>
                            </GXML:HashtableStrings.value>
                        </GXML:HashtableStrings>
                    </GXML:DefaultGraphCell.attributes>
                    <GXML:DefaultMutableTreeNode.userObject>
                        <UML:Class xml:link="simple" href="../Finance_Business.xml|S.104"/>
                    </GXML:DefaultMutableTreeNode.userObject>
                </GXML:ClassCell>
                <GXML:ClassCell xmi.id="S.51" isInterface="false" isFiltered="false" hasAutoR="false" showPackage="false" children="S.49" allowsChildren="true">
                    <GXML:ClassCell.property>
                        <GXML:ClassGProperty xmi.id="S.105" fillColor="java.awt.Color[r=255,g=175,b=175]" titlefontSize="14" bodyfontSize="13" outlineColor="java.awt.Color[r=0,g=0,b=0]" outlineWidth="1" selectionColor="java.awt.Color[r=255,g=0,b=0]"/>
                    </GXML:ClassCell.property>
                    <GXML:ClassCell.filter>
                        <GXML:ClassFilter xmi.id="S.106">
                            <GXML:ClassFilter.map>
                                <GXML:HashtableStrings xmi.id="S.107" keys="m_pac a_pub stereotype a_pro a_pac a_pri msignature m_pro m_pub m_pri" values="true true true true true true true true true true"/>
                            </GXML:ClassFilter.map>
                        </GXML:ClassFilter>
                    </GXML:ClassCell.filter>
                    <GXML:DefaultGraphCell.attributes>
                        <GXML:HashtableStrings xmi.id="S.108">
                            <GXML:HashtableStrings.value>
                                <UML:Class xml:link="simple" href="../Finance_Business.xml|S.275"/>
                            </GXML:HashtableStrings.value>
                        </GXML:HashtableStrings>
                    </GXML:DefaultGraphCell.attributes>
                    <GXML:DefaultMutableTreeNode.userObject>
                        <UML:Class xml:link="simple" href="../Finance_Business.xml|S.275"/>
                    </GXML:DefaultMutableTreeNode.userObject>
                </GXML:ClassCell>
                <GXML:DefaultGraphCell xmi.id="S.109" userObjectString="+orders" allowsChildren="true">
                    <GXML:DefaultGraphCell.attributes>
                        <GXML:HashtableStrings xmi.id="S.110" keys="value" values="+orders"/>
                    </GXML:DefaultGraphCell.attributes>
                </GXML:DefaultGraphCell>
                <GXML:SpecialPort xmi.id="S.97" parent="S.92" allowsChildren="false">
                    <GXML:DefaultGraphCell.attributes>
                        <GXML:HashtableStrings xmi.id="S.111"/>
                    </GXML:DefaultGraphCell.attributes>
                </GXML:SpecialPort>
                <GXML:SpecialPort xmi.id="S.112" parent="S.114" allowsChildren="false">
                    <GXML:DefaultGraphCell.attributes>
                        <GXML:HashtableStrings xmi.id="S.113"/>
                    </GXML:DefaultGraphCell.attributes>
                </GXML:SpecialPort>
                <GXML:DefaultGraphCell xmi.id="S.115" userObjectString="0..*" allowsChildren="true">
                    <GXML:DefaultGraphCell.attributes>
                        <GXML:HashtableStrings xmi.id="S.116" keys="value" values="0..*"/>
                    </GXML:DefaultGraphCell.attributes>
                </GXML:DefaultGraphCell>
                <GXML:DefaultGraphCell xmi.id="S.117" userObjectString="1" allowsChildren="true">
                    <GXML:DefaultGraphCell.attributes>
                        <GXML:HashtableStrings xmi.id="S.118" keys="value" values="1"/>
                    </GXML:DefaultGraphCell.attributes>
                </GXML:DefaultGraphCell>
                <GXML:DefaultGraphCell xmi.id="S.119" userObjectString="0..*" allowsChildren="true">
                    <GXML:DefaultGraphCell.attributes>
                        <GXML:HashtableStrings xmi.id="S.120" keys="value" values="0..*"/>
                    </GXML:DefaultGraphCell.attributes>
                </GXML:DefaultGraphCell>
                <GXML:DefaultGraphCell xmi.id="S.121" userObjectString="+owner" allowsChildren="true">
                    <GXML:DefaultGraphCell.attributes>
                        <GXML:HashtableStrings xmi.id="S.122" keys="value" values="+owner"/>
                    </GXML:DefaultGraphCell.attributes>
                </GXML:DefaultGraphCell>
                <GXML:ClassCell xmi.id="S.73" isInterface="false" isFiltered="false" hasAutoR="false" showPackage="false" children="S.71" allowsChildren="true">
                    <GXML:ClassCell.property>
                        <GXML:ClassGProperty xmi.id="S.123" fillColor="java.awt.Color[r=255,g=175,b=175]" titlefontSize="14" bodyfontSize="13" outlineColor="java.awt.Color[r=0,g=0,b=0]" outlineWidth="1" selectionColor="java.awt.Color[r=255,g=0,b=0]"/>
                    </GXML:ClassCell.property>
                    <GXML:ClassCell.filter>
                        <GXML:ClassFilter xmi.id="S.124">
                            <GXML:ClassFilter.map>
                                <GXML:HashtableStrings xmi.id="S.125" keys="m_pac a_pub stereotype a_pro a_pac a_pri msignature m_pro m_pub m_pri" values="true true true true true true true true true true"/>
                            </GXML:ClassFilter.map>
                        </GXML:ClassFilter>
                    </GXML:ClassCell.filter>
                    <GXML:DefaultGraphCell.attributes>
                        <GXML:HashtableStrings xmi.id="S.126">
                            <GXML:HashtableStrings.value>
                                <UML:Class xml:link="simple" href="../Finance_Business.xml|S.110"/>
                            </GXML:HashtableStrings.value>
                        </GXML:HashtableStrings>
                    </GXML:DefaultGraphCell.attributes>
                    <GXML:DefaultMutableTreeNode.userObject>
                        <UML:Class xml:link="simple" href="../Finance_Business.xml|S.110"/>
                    </GXML:DefaultMutableTreeNode.userObject>
                </GXML:ClassCell>
                <GXML:SpecialPort xmi.id="S.127" parent="S.129" allowsChildren="false">
                    <GXML:DefaultGraphCell.attributes>
                        <GXML:HashtableStrings xmi.id="S.128"/>
                    </GXML:DefaultGraphCell.attributes>
                </GXML:SpecialPort>
                <GXML:DefaultGraphCell xmi.id="S.130" userObjectString="1" allowsChildren="true">
                    <GXML:DefaultGraphCell.attributes>
                        <GXML:HashtableStrings xmi.id="S.131" keys="value" values="1"/>
                    </GXML:DefaultGraphCell.attributes>
                </GXML:DefaultGraphCell>
                <GXML:DefaultGraphCell xmi.id="S.132" userObjectString="+holding" allowsChildren="true">
                    <GXML:DefaultGraphCell.attributes>
                        <GXML:HashtableStrings xmi.id="S.133" keys="value" values="+holding"/>
                    </GXML:DefaultGraphCell.attributes>
                </GXML:DefaultGraphCell>
                <GXML:DefaultGraphCell xmi.id="S.134" userObjectString="+cash_position" allowsChildren="true">
                    <GXML:DefaultGraphCell.attributes>
                        <GXML:HashtableStrings xmi.id="S.135" keys="value" values="+cash_position"/>
                    </GXML:DefaultGraphCell.attributes>
                </GXML:DefaultGraphCell>
                <GXML:ClassCell xmi.id="S.25" isInterface="false" isFiltered="false" hasAutoR="false" showPackage="false" children="S.23" allowsChildren="true">
                    <GXML:ClassCell.property>
                        <GXML:ClassGProperty xmi.id="S.136" fillColor="java.awt.Color[r=255,g=175,b=175]" titlefontSize="14" bodyfontSize="13" outlineColor="java.awt.Color[r=0,g=0,b=0]" outlineWidth="1" selectionColor="java.awt.Color[r=255,g=0,b=0]"/>
                    </GXML:ClassCell.property>
                    <GXML:ClassCell.filter>
                        <GXML:ClassFilter xmi.id="S.137">
                            <GXML:ClassFilter.map>
                                <GXML:HashtableStrings xmi.id="S.138" keys="m_pac a_pub stereotype a_pro a_pac a_pri msignature m_pro m_pub m_pri" values="true true true true true true true true true true"/>
                            </GXML:ClassFilter.map>
                        </GXML:ClassFilter>
                    </GXML:ClassCell.filter>
                    <GXML:DefaultGraphCell.attributes>
                        <GXML:HashtableStrings xmi.id="S.139">
                            <GXML:HashtableStrings.value>
                                <UML:Class xml:link="simple" href="../Finance_Business.xml|S.35"/>
                            </GXML:HashtableStrings.value>
                        </GXML:HashtableStrings>
                    </GXML:DefaultGraphCell.attributes>
                    <GXML:DefaultMutableTreeNode.userObject>
                        <UML:Class xml:link="simple" href="../Finance_Business.xml|S.35"/>
                    </GXML:DefaultMutableTreeNode.userObject>
                </GXML:ClassCell>
                <GXML:DefaultGraphCell xmi.id="S.140" userObjectString="0..*" allowsChildren="true">
                    <GXML:DefaultGraphCell.attributes>
                        <GXML:HashtableStrings xmi.id="S.141" keys="value" values="0..*"/>
                    </GXML:DefaultGraphCell.attributes>
                </GXML:DefaultGraphCell>
                <GXML:SpecialEdge xmi.id="S.43" labels="S.119 S.109 S.142 S.143" isRouted="false" source="S.104" target="S.66" children="S.41" allowsChildren="true">
                    <GXML:DefaultGraphCell.attributes>
                        <GXML:HashtableStrings xmi.id="S.144" keys="lineBegin endsize endFill editable linewidth lineEnd beginSize" values="0 18 true false 1.0 9 18">
                            <GXML:HashtableStrings.value>
                                <UML:Association xml:link="simple" href="../Finance_Business.xml|S.129"/>
                            </GXML:HashtableStrings.value>
                        </GXML:HashtableStrings>
                    </GXML:DefaultGraphCell.attributes>
                    <GXML:DefaultMutableTreeNode.userObject>
                        <UML:Association xml:link="simple" href="../Finance_Business.xml|S.129"/>
                    </GXML:DefaultMutableTreeNode.userObject>
                </GXML:SpecialEdge>
                <GXML:SpecialPort xmi.id="S.83" parent="S.78" allowsChildren="false">
                    <GXML:DefaultGraphCell.attributes>
                        <GXML:HashtableStrings xmi.id="S.145"/>
                    </GXML:DefaultGraphCell.attributes>
                </GXML:SpecialPort>
                <GXML:DefaultGraphCell xmi.id="S.142" userObjectString="0..*" allowsChildren="true">
                    <GXML:DefaultGraphCell.attributes>
                        <GXML:HashtableStrings xmi.id="S.146" keys="value" values="0..*"/>
                    </GXML:DefaultGraphCell.attributes>
                </GXML:DefaultGraphCell>
                <GXML:DefaultGraphCell xmi.id="S.147" userObjectString="1" allowsChildren="true">
                    <GXML:DefaultGraphCell.attributes>
                        <GXML:HashtableStrings xmi.id="S.148" keys="value" values="1"/>
                    </GXML:DefaultGraphCell.attributes>
                </GXML:DefaultGraphCell>
                <GXML:DefaultGraphCell xmi.id="S.143" userObjectString="+portofolio" allowsChildren="true">
                    <GXML:DefaultGraphCell.attributes>
                        <GXML:HashtableStrings xmi.id="S.149" keys="value" values="+portofolio"/>
                    </GXML:DefaultGraphCell.attributes>
                </GXML:DefaultGraphCell>
                <GXML:DefaultGraphCell xmi.id="S.150" userObjectString="0..*" allowsChildren="true">
                    <GXML:DefaultGraphCell.attributes>
                        <GXML:HashtableStrings xmi.id="S.151" keys="value" values="0..*"/>
                    </GXML:DefaultGraphCell.attributes>
                </GXML:DefaultGraphCell>
                <GXML:DefaultGraphCell xmi.id="S.152" userObjectString="+security" allowsChildren="true">
                    <GXML:DefaultGraphCell.attributes>
                        <GXML:HashtableStrings xmi.id="S.153" keys="value" values="+security"/>
                    </GXML:DefaultGraphCell.attributes>
                </GXML:DefaultGraphCell>
                <GXML:DefaultGraphCell xmi.id="S.154" userObjectString="1" allowsChildren="true">
                    <GXML:DefaultGraphCell.attributes>
                        <GXML:HashtableStrings xmi.id="S.155" keys="value" values="1"/>
                    </GXML:DefaultGraphCell.attributes>
                </GXML:DefaultGraphCell>
                <GXML:SpecialPort xmi.id="S.104" parent="S.99" allowsChildren="false">
                    <GXML:DefaultGraphCell.attributes>
                        <GXML:HashtableStrings xmi.id="S.156"/>
                    </GXML:DefaultGraphCell.attributes>
                </GXML:SpecialPort>
                <GXML:DefaultGraphCell xmi.id="S.157" userObjectString="1..*" allowsChildren="true">
                    <GXML:DefaultGraphCell.attributes>
                        <GXML:HashtableStrings xmi.id="S.158" keys="value" values="1..*"/>
                    </GXML:DefaultGraphCell.attributes>
                </GXML:DefaultGraphCell>
                <GXML:SpecialEdge xmi.id="S.89" labels="S.67 S.85 S.134 S.44" isRouted="false" source="S.60" target="S.66" children="S.87" allowsChildren="true">
                    <GXML:DefaultGraphCell.attributes>
                        <GXML:HashtableStrings xmi.id="S.159" keys="lineBegin endsize endFill editable linewidth lineEnd beginSize" values="0 18 true false 1.0 9 18">
                            <GXML:HashtableStrings.value>
                                <UML:Association xml:link="simple" href="../Finance_Business.xml|S.72"/>
                            </GXML:HashtableStrings.value>
                        </GXML:HashtableStrings>
                    </GXML:DefaultGraphCell.attributes>
                    <GXML:DefaultMutableTreeNode.userObject>
                        <UML:Association xml:link="simple" href="../Finance_Business.xml|S.72"/>
                    </GXML:DefaultMutableTreeNode.userObject>
                </GXML:SpecialEdge>
                <GXML:SpecialEdge xmi.id="S.48" labels="S.147 S.2 S.140 S.36" isRouted="false" source="S.83" target="S.23" children="S.46" allowsChildren="true">
                    <GXML:DefaultGraphCell.attributes>
                        <GXML:HashtableStrings xmi.id="S.160" keys="lineBegin endsize editable linewidth beginSize lineEnd" values="0 18 false 1.0 18 0">
                            <GXML:HashtableStrings.value>
                                <UML:Association xml:link="simple" href="../Finance_Business.xml|S.136"/>
                            </GXML:HashtableStrings.value>
                        </GXML:HashtableStrings>
                    </GXML:DefaultGraphCell.attributes>
                    <GXML:DefaultMutableTreeNode.userObject>
                        <UML:Association xml:link="simple" href="../Finance_Business.xml|S.136"/>
                    </GXML:DefaultMutableTreeNode.userObject>
                </GXML:SpecialEdge>
                <GXML:SpecialEdge xmi.id="S.32" labels="S.115 S.150 S.69 S.90" isRouted="false" source="S.14" target="S.66" children="S.30" allowsChildren="true">
                    <GXML:DefaultGraphCell.attributes>
                        <GXML:HashtableStrings xmi.id="S.161" keys="lineBegin endsize endFill editable linewidth lineEnd beginSize" values="0 18 true false 1.0 9 18">
                            <GXML:HashtableStrings.value>
                                <UML:Association xml:link="simple" href="../Finance_Business.xml|S.183"/>
                            </GXML:HashtableStrings.value>
                        </GXML:HashtableStrings>
                    </GXML:DefaultGraphCell.attributes>
                    <GXML:DefaultMutableTreeNode.userObject>
                        <UML:Association xml:link="simple" href="../Finance_Business.xml|S.183"/>
                    </GXML:DefaultMutableTreeNode.userObject>
                </GXML:SpecialEdge>
                <GXML:SpecialEdge xmi.id="S.114" labels="S.132 S.28 S.152 S.117" isRouted="false" source="S.14" target="S.23" children="S.112" allowsChildren="true">
                    <GXML:DefaultGraphCell.attributes>
                        <GXML:HashtableStrings xmi.id="S.162" keys="lineBegin endsize editable linewidth beginSize lineEnd" values="0 18 false 1.0 18 0">
                            <GXML:HashtableStrings.value>
                                <UML:Association xml:link="simple" href="../Finance_Business.xml|S.226"/>
                            </GXML:HashtableStrings.value>
                        </GXML:HashtableStrings>
                    </GXML:DefaultGraphCell.attributes>
                    <GXML:DefaultMutableTreeNode.userObject>
                        <UML:Association xml:link="simple" href="../Finance_Business.xml|S.226"/>
                    </GXML:DefaultMutableTreeNode.userObject>
                </GXML:SpecialEdge>
                <GXML:SpecialEdge xmi.id="S.54" isRouted="false" source="S.49" target="S.23" children="S.52" allowsChildren="true">
                    <GXML:DefaultGraphCell.attributes>
                        <GXML:HashtableStrings xmi.id="S.163" keys="endsize editable linewidth beginSize lineEnd" values="18 false 1.0 18 2">
                            <GXML:HashtableStrings.value>
                                <UML:Generalization xml:link="simple" href="../Finance_Business.xml|S.47"/>
                            </GXML:HashtableStrings.value>
                        </GXML:HashtableStrings>
                    </GXML:DefaultGraphCell.attributes>
                    <GXML:DefaultMutableTreeNode.userObject>
                        <UML:Generalization xml:link="simple" href="../Finance_Business.xml|S.47"/>
                    </GXML:DefaultMutableTreeNode.userObject>
                </GXML:SpecialEdge>
                <GXML:SpecialEdge xmi.id="S.35" isRouted="false" source="S.71" target="S.23" children="S.33" allowsChildren="true">
                    <GXML:DefaultGraphCell.attributes>
                        <GXML:HashtableStrings xmi.id="S.164" keys="endsize editable linewidth beginSize lineEnd" values="18 false 1.0 18 2">
                            <GXML:HashtableStrings.value>
                                <UML:Generalization xml:link="simple" href="../Finance_Business.xml|S.46"/>
                            </GXML:HashtableStrings.value>
                        </GXML:HashtableStrings>
                    </GXML:DefaultGraphCell.attributes>
                    <GXML:DefaultMutableTreeNode.userObject>
                        <UML:Generalization xml:link="simple" href="../Finance_Business.xml|S.46"/>
                    </GXML:DefaultMutableTreeNode.userObject>
                </GXML:SpecialEdge>
                <GXML:SpecialEdge xmi.id="S.40" labels="S.7 S.15 S.130 S.26" isRouted="false" source="S.104" target="S.23" children="S.38" allowsChildren="true">
                    <GXML:DefaultGraphCell.attributes>
                        <GXML:HashtableStrings xmi.id="S.165" keys="lineBegin endsize editable linewidth beginSize lineEnd" values="0 18 false 1.0 18 0">
                            <GXML:HashtableStrings.value>
                                <UML:Association xml:link="simple" href="../Finance_Business.xml|S.156"/>
                            </GXML:HashtableStrings.value>
                        </GXML:HashtableStrings>
                    </GXML:DefaultGraphCell.attributes>
                    <GXML:DefaultMutableTreeNode.userObject>
                        <UML:Association xml:link="simple" href="../Finance_Business.xml|S.156"/>
                    </GXML:DefaultMutableTreeNode.userObject>
                </GXML:SpecialEdge>
                <GXML:SpecialEdge xmi.id="S.76" labels="S.154 S.17 S.157 S.121" isRouted="false" source="S.97" target="S.66" children="S.74" allowsChildren="true">
                    <GXML:DefaultGraphCell.attributes>
                        <GXML:HashtableStrings xmi.id="S.166" keys="lineBegin endsize editable linewidth beginSize lineEnd" values="0 18 false 1.0 18 0">
                            <GXML:HashtableStrings.value>
                                <UML:Association xml:link="simple" href="../Finance_Business.xml|S.170"/>
                            </GXML:HashtableStrings.value>
                        </GXML:HashtableStrings>
                    </GXML:DefaultGraphCell.attributes>
                    <GXML:DefaultMutableTreeNode.userObject>
                        <UML:Association xml:link="simple" href="../Finance_Business.xml|S.170"/>
                    </GXML:DefaultMutableTreeNode.userObject>
                </GXML:SpecialEdge>
                <GXML:SpecialEdge xmi.id="S.129" isRouted="false" source="S.83" target="S.23" children="S.127" allowsChildren="true">
                    <GXML:DefaultGraphCell.attributes>
                        <GXML:HashtableStrings xmi.id="S.167" keys="endsize editable linewidth beginSize lineEnd" values="18 false 1.0 18 2">
                            <GXML:HashtableStrings.value>
                                <UML:Generalization xml:link="simple" href="../Finance_Business.xml|S.48"/>
                            </GXML:HashtableStrings.value>
                        </GXML:HashtableStrings>
                    </GXML:DefaultGraphCell.attributes>
                    <GXML:DefaultMutableTreeNode.userObject>
                        <UML:Generalization xml:link="simple" href="../Finance_Business.xml|S.48"/>
                    </GXML:DefaultMutableTreeNode.userObject>
                </GXML:SpecialEdge>
            </GXML:ClassDiagram.flat>
            <GXML:ClassDiagram.cells>
                <GXML:SpecialEdge xmi.idref="S.54"/>
                <GXML:SpecialEdge xmi.idref="S.40"/>
                <GXML:SpecialEdge xmi.idref="S.48"/>
                <GXML:SpecialEdge xmi.idref="S.129"/>
                <GXML:SpecialEdge xmi.idref="S.32"/>
                <GXML:SpecialEdge xmi.idref="S.89"/>
                <GXML:SpecialEdge xmi.idref="S.35"/>
                <GXML:SpecialEdge xmi.idref="S.76"/>
                <GXML:ClassCell xmi.idref="S.51"/>
                <GXML:ClassCell xmi.idref="S.25"/>
                <GXML:ClassCell xmi.idref="S.6"/>
                <GXML:ClassCell xmi.idref="S.99"/>
                <GXML:ClassCell xmi.idref="S.61"/>
                <GXML:ClassCell xmi.idref="S.9"/>
                <GXML:ClassCell xmi.idref="S.55"/>
                <GXML:ClassCell xmi.idref="S.78"/>
                <GXML:SpecialEdge xmi.idref="S.43"/>
                <GXML:ClassCell xmi.idref="S.92"/>
                <GXML:ClassCell xmi.idref="S.73"/>
                <GXML:DefaultGraphCell xmi.idref="S.132"/>
                <GXML:DefaultGraphCell xmi.idref="S.28"/>
                <GXML:DefaultGraphCell xmi.idref="S.152"/>
                <GXML:DefaultGraphCell xmi.idref="S.117"/>
                <GXML:SpecialEdge xmi.idref="S.114"/>
                <GXML:DefaultGraphCell xmi.idref="S.119"/>
                <GXML:DefaultGraphCell xmi.idref="S.109"/>
                <GXML:DefaultGraphCell xmi.idref="S.142"/>
                <GXML:DefaultGraphCell xmi.idref="S.143"/>
                <GXML:DefaultGraphCell xmi.idref="S.7"/>
                <GXML:DefaultGraphCell xmi.idref="S.15"/>
                <GXML:DefaultGraphCell xmi.idref="S.130"/>
                <GXML:DefaultGraphCell xmi.idref="S.26"/>
                <GXML:DefaultGraphCell xmi.idref="S.147"/>
                <GXML:DefaultGraphCell xmi.idref="S.2"/>
                <GXML:DefaultGraphCell xmi.idref="S.36"/>
                <GXML:DefaultGraphCell xmi.idref="S.140"/>
                <GXML:DefaultGraphCell xmi.idref="S.115"/>
                <GXML:DefaultGraphCell xmi.idref="S.150"/>
                <GXML:DefaultGraphCell xmi.idref="S.69"/>
                <GXML:DefaultGraphCell xmi.idref="S.90"/>
                <GXML:DefaultGraphCell xmi.idref="S.154"/>
                <GXML:DefaultGraphCell xmi.idref="S.17"/>
                <GXML:DefaultGraphCell xmi.idref="S.157"/>
                <GXML:DefaultGraphCell xmi.idref="S.121"/>
                <GXML:DefaultGraphCell xmi.idref="S.67"/>
                <GXML:DefaultGraphCell xmi.idref="S.134"/>
                <GXML:DefaultGraphCell xmi.idref="S.44"/>
                <GXML:DefaultGraphCell xmi.idref="S.85"/>
            </GXML:ClassDiagram.cells>
            <GXML:ClassDiagram.classViews>
                <GXML:ClassCell xmi.idref="S.25"/>
                <GXML:ClassCell xmi.idref="S.61"/>
                <GXML:ClassCell xmi.idref="S.51"/>
                <GXML:ClassCell xmi.idref="S.99"/>
                <GXML:ClassCell xmi.idref="S.78"/>
                <GXML:ClassCell xmi.idref="S.9"/>
                <GXML:ClassCell xmi.idref="S.92"/>
                <GXML:ClassCell xmi.idref="S.55"/>
                <GXML:ClassCell xmi.idref="S.73"/>
                <GXML:ClassCell xmi.idref="S.6"/>
            </GXML:ClassDiagram.classViews>
            <GXML:ClassDiagram.relationViews>
                <GXML:SpecialEdge xmi.idref="S.54"/>
                <GXML:SpecialEdge xmi.idref="S.43"/>
                <GXML:SpecialEdge xmi.idref="S.40"/>
                <GXML:SpecialEdge xmi.idref="S.48"/>
                <GXML:SpecialEdge xmi.idref="S.129"/>
                <GXML:SpecialEdge xmi.idref="S.114"/>
                <GXML:SpecialEdge xmi.idref="S.32"/>
                <GXML:SpecialEdge xmi.idref="S.76"/>
                <GXML:SpecialEdge xmi.idref="S.89"/>
                <GXML:SpecialEdge xmi.idref="S.35"/>
            </GXML:ClassDiagram.relationViews>
            <GXML:ClassDiagram.connectionSet>
                <GXML:ConnectionSet xmi.id="S.168" edges="S.89 S.35 S.129 S.114 S.43 S.32 S.76 S.48 S.40 S.54">
                    <GXML:ConnectionSet.connections>
                        <GXML:ConnectionSet_GXConnection xmi.id="S.169" edge="S.129" isSource="false" port="S.23"/>
                        <GXML:ConnectionSet_GXConnection xmi.id="S.170" edge="S.76" isSource="true" port="S.97"/>
                        <GXML:ConnectionSet_GXConnection xmi.id="S.171" edge="S.40" isSource="true" port="S.104"/>
                        <GXML:ConnectionSet_GXConnection xmi.id="S.172" edge="S.89" isSource="true" port="S.60"/>
                        <GXML:ConnectionSet_GXConnection xmi.id="S.173" edge="S.54" isSource="true" port="S.49"/>
                        <GXML:ConnectionSet_GXConnection xmi.id="S.174" edge="S.43" isSource="true" port="S.104"/>
                        <GXML:ConnectionSet_GXConnection xmi.id="S.175" edge="S.76" isSource="false" port="S.66"/>
                        <GXML:ConnectionSet_GXConnection xmi.id="S.176" edge="S.32" isSource="true" port="S.14"/>
                        <GXML:ConnectionSet_GXConnection xmi.id="S.177" edge="S.48" isSource="true" port="S.83"/>
                        <GXML:ConnectionSet_GXConnection xmi.id="S.178" edge="S.40" isSource="false" port="S.23"/>
                        <GXML:ConnectionSet_GXConnection xmi.id="S.179" edge="S.35" isSource="true" port="S.71"/>
                        <GXML:ConnectionSet_GXConnection xmi.id="S.180" edge="S.32" isSource="false" port="S.66"/>
                        <GXML:ConnectionSet_GXConnection xmi.id="S.181" edge="S.35" isSource="false" port="S.23"/>
                        <GXML:ConnectionSet_GXConnection xmi.id="S.182" edge="S.89" isSource="false" port="S.66"/>
                        <GXML:ConnectionSet_GXConnection xmi.id="S.183" edge="S.54" isSource="false" port="S.23"/>
                        <GXML:ConnectionSet_GXConnection xmi.id="S.184" edge="S.114" isSource="false" port="S.23"/>
                        <GXML:ConnectionSet_GXConnection xmi.id="S.185" edge="S.129" isSource="true" port="S.83"/>
                        <GXML:ConnectionSet_GXConnection xmi.id="S.186" edge="S.43" isSource="false" port="S.66"/>
                        <GXML:ConnectionSet_GXConnection xmi.id="S.187" edge="S.48" isSource="false" port="S.23"/>
                        <GXML:ConnectionSet_GXConnection xmi.id="S.188" edge="S.114" isSource="true" port="S.14"/>
                    </GXML:ConnectionSet.connections>
                </GXML:ConnectionSet>
            </GXML:ClassDiagram.connectionSet>
            <GXML:ClassDiagram.viewAttributes>
                <GXML:Hashtable xmi.id="S.189" keys="S.83 S.143 S.52 S.67 S.134 S.69 S.115 S.97 S.7 S.66 S.51 S.140 S.35 S.154 S.46 S.73 S.33 S.30 S.150 S.54 S.104 S.48 S.132 S.15 S.99 S.119 S.109 S.41 S.43 S.55 S.2 S.78 S.112 S.4 S.44 S.26 S.152 S.90 S.17 S.28 S.9 S.87 S.61 S.121 S.49 S.32 S.117 S.36 S.129 S.92 S.60 S.76 S.6 S.114 S.40 S.71 S.14 S.157 S.127 S.89 S.85 S.23 S.142 S.74 S.38 S.130 S.25 S.147">
                    <GXML:Hashtable.values>
                        <GXML:HashtableStrings xmi.id="S.190"/>
                        <GXML:HashtableStrings xmi.id="S.191" keys="editable bordercolor bounds opaque" values="true java.awt.Color[r=255,g=255,b=153] java.awt.Rectangle[x=231,y=203,width=63,height=21] false"/>
                        <GXML:HashtableStrings xmi.id="S.192"/>
                        <GXML:HashtableStrings xmi.id="S.193" keys="editable bordercolor bounds opaque" values="true java.awt.Color[r=255,g=255,b=153] java.awt.Rectangle[x=345,y=476,width=12,height=21] false"/>
                        <GXML:HashtableStrings xmi.id="S.194" keys="editable bordercolor bounds opaque" values="true java.awt.Color[r=255,g=255,b=153] java.awt.Rectangle[x=235,y=476,width=90,height=21] false"/>
                        <GXML:HashtableStrings xmi.id="S.195" keys="editable bordercolor bounds opaque" values="true java.awt.Color[r=255,g=255,b=153] java.awt.Rectangle[x=59,y=161,width=63,height=21] false"/>
                        <GXML:HashtableStrings xmi.id="S.196" keys="editable bordercolor bounds opaque" values="true java.awt.Color[r=255,g=255,b=153] java.awt.Rectangle[x=142,y=118,width=23,height=21] false"/>
                        <GXML:HashtableStrings xmi.id="S.197"/>
                        <GXML:HashtableStrings xmi.id="S.198" keys="editable bordercolor bounds opaque" values="true java.awt.Color[r=255,g=255,b=153] java.awt.Rectangle[x=555,y=239,width=23,height=21] false"/>
                        <GXML:HashtableStrings xmi.id="S.199"/>
                        <GXML:HashtableStrings xmi.id="S.200" keys="bounds opaque" values="java.awt.Rectangle[x=757,y=381,width=146,height=88] true"/>
                        <GXML:HashtableStrings xmi.id="S.201" keys="editable bordercolor bounds opaque" values="true java.awt.Color[r=255,g=255,b=153] java.awt.Rectangle[x=1106,y=319,width=23,height=21] false"/>
                        <GXML:HashtableStrings xmi.id="S.202" keys="lineEnd beginSize endsize labelposition points linewidth editable" values="2 18 18 java.awt.Point[x=500,y=500] [java.awt.Point[x=628,y=417],_java.awt.Point[x=646,y=319],_java.awt.Point[x=830,y=319],_java.awt.Point[x=822,y=228]] 1.0 false"/>
                        <GXML:HashtableStrings xmi.id="S.203" keys="editable bordercolor bounds opaque" values="true java.awt.Color[r=255,g=255,b=153] java.awt.Rectangle[x=145,y=478,width=12,height=21] false"/>
                        <GXML:HashtableStrings xmi.id="S.204"/>
                        <GXML:HashtableStrings xmi.id="S.205" keys="bounds opaque" values="java.awt.Rectangle[x=555,y=359,width=145,height=115] true"/>
                        <GXML:HashtableStrings xmi.id="S.206"/>
                        <GXML:HashtableStrings xmi.id="S.207"/>
                        <GXML:HashtableStrings xmi.id="S.208" keys="editable bordercolor bounds opaque" values="true java.awt.Color[r=255,g=255,b=153] java.awt.Rectangle[x=142,y=161,width=23,height=21] false"/>
                        <GXML:HashtableStrings xmi.id="S.209" keys="lineEnd beginSize endsize labelposition points linewidth editable" values="2 18 18 java.awt.Point[x=500,y=500] [java.awt.Point[x=831,y=426],_java.awt.Point[x=831,y=340],_java.awt.Point[x=822,y=228]] 1.0 false"/>
                        <GXML:HashtableStrings xmi.id="S.210"/>
                        <GXML:HashtableStrings xmi.id="S.211" keys="labelposition endsize beginSize lineEnd lineBegin editable points linewidth" values="java.awt.Point[x=500,y=500] 18 18 0 0 false [java.awt.Point[x=1068,y=414],_java.awt.Point[x=1096,y=294],_java.awt.Point[x=1096,y=231],_java.awt.Point[x=822,y=228]] 1.0"/>
                        <GXML:HashtableStrings xmi.id="S.212" keys="editable bordercolor bounds opaque" values="true java.awt.Color[r=255,g=255,b=153] java.awt.Rectangle[x=225,y=67,width=53,height=21] false"/>
                        <GXML:HashtableStrings xmi.id="S.213" keys="editable bordercolor bounds opaque" values="true java.awt.Color[r=255,g=255,b=153] java.awt.Rectangle[x=555,y=198,width=41,height=21] false"/>
                        <GXML:HashtableStrings xmi.id="S.214" keys="bounds opaque" values="java.awt.Rectangle[x=357,y=108,width=188,height=248] true"/>
                        <GXML:HashtableStrings xmi.id="S.215" keys="editable bordercolor bounds opaque" values="true java.awt.Color[r=255,g=255,b=153] java.awt.Rectangle[x=324,y=244,width=23,height=21] false"/>
                        <GXML:HashtableStrings xmi.id="S.216" keys="editable bordercolor bounds opaque" values="true java.awt.Color[r=255,g=255,b=153] java.awt.Rectangle[x=299,y=203,width=48,height=21] false"/>
                        <GXML:HashtableStrings xmi.id="S.217"/>
                        <GXML:HashtableStrings xmi.id="S.218" keys="lineBegin linewidth endsize editable lineEnd endFill points labelposition beginSize" values="0 1.0 18 false 9 true [java.awt.Point[x=452,y=233],_java.awt.Point[x=287,y=234],_java.awt.Point[x=136,y=298]] java.awt.Point[x=500,y=500] 18"/>
                        <GXML:HashtableStrings xmi.id="S.219" keys="bounds opaque" values="java.awt.Rectangle[x=260,y=507,width=183,height=96] true"/>
                        <GXML:HashtableStrings xmi.id="S.220" keys="editable bordercolor bounds opaque" values="true java.awt.Color[r=255,g=255,b=153] java.awt.Rectangle[x=904,y=200,width=54,height=21] false"/>
                        <GXML:HashtableStrings xmi.id="S.221" keys="bounds opaque" values="java.awt.Rectangle[x=994,y=356,width=147,height=115] true"/>
                        <GXML:HashtableStrings xmi.id="S.222"/>
                        <GXML:HashtableStrings xmi.id="S.223"/>
                        <GXML:HashtableStrings xmi.id="S.224" keys="editable bordercolor bounds opaque" values="true java.awt.Color[r=255,g=255,b=153] java.awt.Rectangle[x=233,y=399,width=23,height=21] false"/>
                        <GXML:HashtableStrings xmi.id="S.225" keys="editable bordercolor bounds opaque" values="true java.awt.Color[r=255,g=255,b=153] java.awt.Rectangle[x=685,y=198,width=54,height=21] false"/>
                        <GXML:HashtableStrings xmi.id="S.226" keys="editable bordercolor bounds opaque" values="true java.awt.Color[r=255,g=255,b=153] java.awt.Rectangle[x=825,y=148,width=54,height=21] false"/>
                        <GXML:HashtableStrings xmi.id="S.227" keys="editable bordercolor bounds opaque" values="true java.awt.Color[r=255,g=255,b=153] java.awt.Rectangle[x=62,y=118,width=60,height=21] false"/>
                        <GXML:HashtableStrings xmi.id="S.228" keys="editable bordercolor bounds opaque" values="true java.awt.Color[r=255,g=255,b=153] java.awt.Rectangle[x=47,y=412,width=78,height=21] false"/>
                        <GXML:HashtableStrings xmi.id="S.229" keys="editable bordercolor bounds opaque" values="true java.awt.Color[r=255,g=255,b=153] java.awt.Rectangle[x=225,y=26,width=23,height=21] false"/>
                        <GXML:HashtableStrings xmi.id="S.230" keys="bounds opaque" values="java.awt.Rectangle[x=52,y=12,width=163,height=96] true"/>
                        <GXML:HashtableStrings xmi.id="S.231"/>
                        <GXML:HashtableStrings xmi.id="S.232" keys="bounds opaque" values="java.awt.Rectangle[x=44,y=192,width=182,height=211] true"/>
                        <GXML:HashtableStrings xmi.id="S.233" keys="editable bordercolor bounds opaque" values="true java.awt.Color[r=255,g=255,b=153] java.awt.Rectangle[x=79,y=478,width=46,height=21] false"/>
                        <GXML:HashtableStrings xmi.id="S.234"/>
                        <GXML:HashtableStrings xmi.id="S.235" keys="lineBegin linewidth endsize editable lineEnd endFill points labelposition beginSize" values="0 1.0 18 false 9 true [java.awt.Point[x=134,y=61],_java.awt.Point[x=132,y=125],_java.awt.Point[x=136,y=298]] java.awt.Point[x=500,y=500] 18"/>
                        <GXML:HashtableStrings xmi.id="S.236" keys="editable bordercolor bounds opaque" values="true java.awt.Color[r=255,g=255,b=153] java.awt.Rectangle[x=793,y=148,width=12,height=21] false"/>
                        <GXML:HashtableStrings xmi.id="S.237" keys="editable bordercolor bounds opaque" values="true java.awt.Color[r=255,g=255,b=153] java.awt.Rectangle[x=1040,y=319,width=46,height=21] false"/>
                        <GXML:HashtableStrings xmi.id="S.238" keys="lineEnd beginSize endsize labelposition points linewidth editable" values="2 18 18 java.awt.Point[x=500,y=500] [java.awt.Point[x=1068,y=414],_java.awt.Point[x=1021,y=318],_java.awt.Point[x=831,y=318],_java.awt.Point[x=822,y=228]] 1.0 false"/>
                        <GXML:HashtableStrings xmi.id="S.239" keys="bounds opaque" values="java.awt.Rectangle[x=57,y=509,width=163,height=154] true"/>
                        <GXML:HashtableStrings xmi.id="S.240"/>
                        <GXML:HashtableStrings xmi.id="S.241" keys="labelposition endsize beginSize lineEnd lineBegin editable points linewidth" values="java.awt.Point[x=500,y=500] 18 18 0 0 false [java.awt.Point[x=139,y=587],_java.awt.Point[x=135,y=455],_java.awt.Point[x=136,y=298]] 1.0"/>
                        <GXML:HashtableStrings xmi.id="S.242" keys="bounds opaque" values="java.awt.Rectangle[x=906,y=562,width=148,height=98] true"/>
                        <GXML:HashtableStrings xmi.id="S.243" keys="labelposition endsize beginSize lineEnd lineBegin editable points linewidth" values="java.awt.Point[x=500,y=500] 18 18 0 0 false [java.awt.Point[x=134,y=61],_java.awt.Point[x=279,y=57],_java.awt.Point[x=815,y=57],_java.awt.Point[x=822,y=228]] 1.0"/>
                        <GXML:HashtableStrings xmi.id="S.244" keys="labelposition endsize beginSize lineEnd lineBegin editable points linewidth" values="java.awt.Point[x=500,y=500] 18 18 0 0 false [java.awt.Point[x=452,y=233],_java.awt.Point[x=647,y=229],_java.awt.Point[x=822,y=228]] 1.0"/>
                        <GXML:HashtableStrings xmi.id="S.245"/>
                        <GXML:HashtableStrings xmi.id="S.246"/>
                        <GXML:HashtableStrings xmi.id="S.247" keys="editable bordercolor bounds opaque" values="true java.awt.Color[r=255,g=255,b=153] java.awt.Rectangle[x=145,y=412,width=23,height=21] false"/>
                        <GXML:HashtableStrings xmi.id="S.248"/>
                        <GXML:HashtableStrings xmi.id="S.249" keys="lineBegin linewidth endsize editable lineEnd endFill points labelposition beginSize" values="0 1.0 18 false 9 true [java.awt.Point[x=352,y=556],_java.awt.Point[x=335,y=390],_java.awt.Point[x=331,y=389],_java.awt.Point[x=136,y=298]] java.awt.Point[x=500,y=500] 18"/>
                        <GXML:HashtableStrings xmi.id="S.250" keys="editable bordercolor bounds opaque" values="true java.awt.Color[r=255,g=255,b=153] java.awt.Rectangle[x=233,y=358,width=63,height=21] false"/>
                        <GXML:HashtableStrings xmi.id="S.251"/>
                        <GXML:HashtableStrings xmi.id="S.252" keys="editable bordercolor bounds opaque" values="true java.awt.Color[r=255,g=255,b=153] java.awt.Rectangle[x=231,y=244,width=23,height=21] false"/>
                        <GXML:HashtableStrings xmi.id="S.253"/>
                        <GXML:HashtableStrings xmi.id="S.254"/>
                        <GXML:HashtableStrings xmi.id="S.255" keys="editable bordercolor bounds opaque" values="true java.awt.Color[r=255,g=255,b=153] java.awt.Rectangle[x=727,y=239,width=12,height=21] false"/>
                        <GXML:HashtableStrings xmi.id="S.256" keys="bounds opaque" values="java.awt.Rectangle[x=749,y=179,width=145,height=96] true"/>
                        <GXML:HashtableStrings xmi.id="S.257" keys="editable bordercolor bounds opaque" values="true java.awt.Color[r=255,g=255,b=153] java.awt.Rectangle[x=904,y=241,width=12,height=21] false"/>
                    </GXML:Hashtable.values>
                </GXML:Hashtable>
            </GXML:ClassDiagram.viewAttributes>
            <GXML:ClassDiagram.globalFilter>
                <GXML:ClassFilter xmi.id="S.258">
                    <GXML:ClassFilter.map>
                        <GXML:HashtableStrings xmi.id="S.259" keys="m_pac a_pub stereotype a_pro a_pac a_pri msignature m_pro m_pub m_pri" values="true true true true true true true true true true"/>
                    </GXML:ClassFilter.map>
                </GXML:ClassFilter>
            </GXML:ClassDiagram.globalFilter>
            <GXML:ClassDiagram.classes>
                <UML:Class xml:link="simple" href="../Finance_Business.xml|S.35"/>
                <UML:Class xml:link="simple" href="../Finance_Business.xml|S.80"/>
                <UML:Class xml:link="simple" href="../Finance_Business.xml|S.275"/>
                <UML:Class xml:link="simple" href="../Finance_Business.xml|S.104"/>
                <UML:Class xml:link="simple" href="../Finance_Business.xml|S.140"/>
                <UML:Class xml:link="simple" href="../Finance_Business.xml|S.94"/>
                <UML:Class xml:link="simple" href="../Finance_Business.xml|S.14"/>
                <UML:Class xml:link="simple" href="../Finance_Business.xml|S.76"/>
                <UML:Class xml:link="simple" href="../Finance_Business.xml|S.110"/>
                <UML:Class xml:link="simple" href="../Finance_Business.xml|S.53"/>
            </GXML:ClassDiagram.classes>
        </GXML:ClassDiagram>
    </XMI.content>
</XMI>
