<?xml version="1.0" encoding="UTF-8"?>
<XMI xmlns:UML="//org.omg/UML/1.3" xmi.version="1.1">
    <XMI.header>
        <XMI.documentation>
            <XMI.exporter>ocle 2.0</XMI.exporter>
            <XMI.exporterVersion>1.0</XMI.exporterVersion>
        </XMI.documentation>
        <XMI.metamodel xmi.name="UML" xmi.version="1.3"/>
    </XMI.header>
    <XMI.content>
        <UML:Model xmi.id="S.1" name="Finance_Business" isRoot="false" isLeaf="false" isAbstract="false" visibility="public" isSpecification="false">
            <UML:Namespace.ownedElement>
                <UML:Stereotype xmi.id="S.2" baseClass="Usage" isRoot="false" isLeaf="false" isAbstract="false" name="call" namespace="S.1" visibility="public" isSpecification="false"/>
                <UML:DataType xmi.id="S.3" isRoot="false" isLeaf="false" isAbstract="false" name="undefined" namespace="S.1" visibility="public" isSpecification="false"/>
                <UML:Stereotype xmi.id="S.4" baseClass="Permission" isRoot="false" isLeaf="false" isAbstract="false" name="import" namespace="S.1" visibility="public" isSpecification="false"/>
                <UML:Stereotype xmi.id="S.5" baseClass="Package" isRoot="false" isLeaf="false" isAbstract="false" name="facade" namespace="S.1" visibility="public" isSpecification="false"/>
                <UML:DataType xmi.id="S.6" typedFeature="S.7 S.8 S.9 S.10 S.11" isRoot="false" isLeaf="false" isAbstract="false" name="String" namespace="S.1" visibility="public" isSpecification="false"/>
                <UML:Stereotype xmi.id="S.12" baseClass="Usage" isRoot="false" isLeaf="false" isAbstract="false" name="instantiate" namespace="S.1" visibility="public" isSpecification="false"/>
                <UML:Stereotype xmi.id="S.13" baseClass="Abstraction" isRoot="false" isLeaf="false" isAbstract="false" name="document" namespace="S.1" visibility="public" isSpecification="false"/>
                <UML:Class xmi.id="S.14" isActive="false" isRoot="true" isLeaf="true" isAbstract="false" name="Customer" namespace="S.1" visibility="public" isSpecification="false">
                    <UML:Classifier.feature>
                        <UML:Attribute xmi.id="S.11" type="S.6" ordering="unordered" targetScope="instance" changeability="changeable" owner="S.14" visibility="private" ownerScope="instance" name="name" isSpecification="false">
                            <UML:Attribute.initialValue>
                                <UML:Expression xmi.id="S.15" body="" language=""/>
                            </UML:Attribute.initialValue>
                            <UML:StructuralFeature.multiplicity>
                                <UML:Multiplicity xmi.id="S.16">
                                    <UML:Multiplicity.range>
                                        <UML:MultiplicityRange xmi.id="S.17" multiplicity="S.16" lower="1" upper="1"/>
                                    </UML:Multiplicity.range>
                                </UML:Multiplicity>
                            </UML:StructuralFeature.multiplicity>
                        </UML:Attribute>
                        <UML:Attribute xmi.id="S.10" type="S.6" ordering="unordered" targetScope="instance" changeability="changeable" owner="S.14" visibility="private" ownerScope="instance" name="address" isSpecification="false">
                            <UML:Attribute.initialValue>
                                <UML:Expression xmi.id="S.18" body="" language=""/>
                            </UML:Attribute.initialValue>
                            <UML:StructuralFeature.multiplicity>
                                <UML:Multiplicity xmi.id="S.19">
                                    <UML:Multiplicity.range>
                                        <UML:MultiplicityRange xmi.id="S.20" multiplicity="S.19" lower="1" upper="1"/>
                                    </UML:Multiplicity.range>
                                </UML:Multiplicity>
                            </UML:StructuralFeature.multiplicity>
                        </UML:Attribute>
                        <UML:Attribute xmi.id="S.9" type="S.6" ordering="unordered" targetScope="instance" changeability="changeable" owner="S.14" visibility="private" ownerScope="instance" name="phone" isSpecification="false">
                            <UML:Attribute.initialValue>
                                <UML:Expression xmi.id="S.21" body="" language=""/>
                            </UML:Attribute.initialValue>
                            <UML:StructuralFeature.multiplicity>
                                <UML:Multiplicity xmi.id="S.22">
                                    <UML:Multiplicity.range>
                                        <UML:MultiplicityRange xmi.id="S.23" multiplicity="S.22" lower="1" upper="1"/>
                                    </UML:Multiplicity.range>
                                </UML:Multiplicity>
                            </UML:StructuralFeature.multiplicity>
                        </UML:Attribute>
                        <UML:Operation xmi.id="S.24" isRoot="false" isLeaf="false" isAbstract="false" concurrency="sequential" isQuery="false" owner="S.14" visibility="public" ownerScope="instance" name="register" isSpecification="false">
                            <UML:BehavioralFeature.parameter>
                                <UML:Parameter xmi.id="S.25" type="S.26" kind="return" behavioralFeature="S.24" name="register.Return" visibility="public" isSpecification="false"/>
                            </UML:BehavioralFeature.parameter>
                        </UML:Operation>
                        <UML:Operation xmi.id="S.27" isRoot="false" isLeaf="false" isAbstract="false" concurrency="sequential" isQuery="false" owner="S.14" visibility="public" ownerScope="instance" name="printStatement" isSpecification="false">
                            <UML:BehavioralFeature.parameter>
                                <UML:Parameter xmi.id="S.28" type="S.26" kind="return" behavioralFeature="S.27" name="printStatement.Return" visibility="public" isSpecification="false"/>
                            </UML:BehavioralFeature.parameter>
                        </UML:Operation>
                        <UML:Operation xmi.id="S.29" isRoot="false" isLeaf="false" isAbstract="false" concurrency="sequential" isQuery="false" owner="S.14" visibility="public" ownerScope="instance" name="highRisk" isSpecification="false">
                            <UML:BehavioralFeature.parameter>
                                <UML:Parameter xmi.id="S.30" type="S.31" kind="return" behavioralFeature="S.29" name="highRisk.Return" visibility="public" isSpecification="false"/>
                            </UML:BehavioralFeature.parameter>
                        </UML:Operation>
                    </UML:Classifier.feature>
                </UML:Class>
                <UML:Stereotype xmi.id="S.32" baseClass="Constraint" isRoot="false" isLeaf="false" isAbstract="false" name="precondition" namespace="S.1" visibility="public" isSpecification="false"/>
                <UML:Stereotype xmi.id="S.33" baseClass="Abstraction" isRoot="false" isLeaf="false" isAbstract="false" name="realize" namespace="S.1" visibility="public" isSpecification="false"/>
                <UML:Stereotype xmi.id="S.34" baseClass="Classifier" isRoot="false" isLeaf="false" isAbstract="false" name="process" namespace="S.1" visibility="public" isSpecification="false"/>
                <UML:Class xmi.id="S.35" isActive="false" isRoot="true" isLeaf="false" isAbstract="true" specialization="S.46 S.47 S.48" name="Security" namespace="S.1" visibility="public" isSpecification="false">
                    <UML:Classifier.feature>
                        <UML:Attribute xmi.id="S.7" type="S.6" ordering="unordered" targetScope="instance" changeability="changeable" owner="S.35" visibility="package" ownerScope="instance" name="name" isSpecification="false">
                            <UML:Attribute.initialValue>
                                <UML:Expression xmi.id="S.36" body="" language=""/>
                            </UML:Attribute.initialValue>
                            <UML:StructuralFeature.multiplicity>
                                <UML:Multiplicity xmi.id="S.37">
                                    <UML:Multiplicity.range>
                                        <UML:MultiplicityRange xmi.id="S.38" multiplicity="S.37" lower="1" upper="1"/>
                                    </UML:Multiplicity.range>
                                </UML:Multiplicity>
                            </UML:StructuralFeature.multiplicity>
                        </UML:Attribute>
                        <UML:Attribute xmi.id="S.39" type="S.41" ordering="unordered" targetScope="instance" changeability="changeable" owner="S.35" visibility="package" ownerScope="instance" name="price" isSpecification="false">
                            <UML:Attribute.initialValue>
                                <UML:Expression xmi.id="S.40" body="" language=""/>
                            </UML:Attribute.initialValue>
                            <UML:StructuralFeature.multiplicity>
                                <UML:Multiplicity xmi.id="S.42">
                                    <UML:Multiplicity.range>
                                        <UML:MultiplicityRange xmi.id="S.43" multiplicity="S.42" lower="1" upper="1"/>
                                    </UML:Multiplicity.range>
                                </UML:Multiplicity>
                            </UML:StructuralFeature.multiplicity>
                        </UML:Attribute>
                        <UML:Operation xmi.id="S.44" isRoot="false" isLeaf="false" isAbstract="true" concurrency="sequential" isQuery="false" owner="S.35" visibility="public" ownerScope="instance" name="marketValue" isSpecification="false">
                            <UML:BehavioralFeature.parameter>
                                <UML:Parameter xmi.id="S.45" type="S.41" kind="return" behavioralFeature="S.44" name="marketValue.Return" visibility="public" isSpecification="false"/>
                            </UML:BehavioralFeature.parameter>
                        </UML:Operation>
                    </UML:Classifier.feature>
                </UML:Class>
                <UML:Stereotype xmi.id="S.49" baseClass="Class" isRoot="false" isLeaf="false" isAbstract="false" name="type" namespace="S.1" visibility="public" isSpecification="false"/>
                <UML:DataType xmi.id="S.50" isRoot="false" isLeaf="false" isAbstract="false" name="Real" namespace="S.1" visibility="public" isSpecification="false"/>
                <UML:Stereotype xmi.id="S.51" baseClass="Comment" isRoot="false" isLeaf="false" isAbstract="false" name="responsibility" namespace="S.1" visibility="public" isSpecification="false"/>
                <UML:Stereotype xmi.id="S.52" baseClass="Abstraction" isRoot="false" isLeaf="false" isAbstract="false" name="executable" namespace="S.1" visibility="public" isSpecification="false"/>
                <UML:Class xmi.id="S.53" isActive="false" typedFeature="S.54 S.55 S.56" isRoot="true" isLeaf="true" isAbstract="false" name="Enum" stereotype="S.63" namespace="S.1" visibility="public" isSpecification="false">
                    <UML:Classifier.feature>
                        <UML:Attribute xmi.id="S.55" type="S.53" ordering="unordered" targetScope="instance" changeability="changeable" owner="S.53" visibility="public" ownerScope="classifier" name="buy" isSpecification="false">
                            <UML:Attribute.initialValue>
                                <UML:Expression xmi.id="S.57" body="" language=""/>
                            </UML:Attribute.initialValue>
                            <UML:StructuralFeature.multiplicity>
                                <UML:Multiplicity xmi.id="S.58">
                                    <UML:Multiplicity.range>
                                        <UML:MultiplicityRange xmi.id="S.59" multiplicity="S.58" lower="1" upper="1"/>
                                    </UML:Multiplicity.range>
                                </UML:Multiplicity>
                            </UML:StructuralFeature.multiplicity>
                        </UML:Attribute>
                        <UML:Attribute xmi.id="S.56" type="S.53" ordering="unordered" targetScope="instance" changeability="changeable" owner="S.53" visibility="public" ownerScope="classifier" name="sell" isSpecification="false">
                            <UML:Attribute.initialValue>
                                <UML:Expression xmi.id="S.60" body="" language=""/>
                            </UML:Attribute.initialValue>
                            <UML:StructuralFeature.multiplicity>
                                <UML:Multiplicity xmi.id="S.61">
                                    <UML:Multiplicity.range>
                                        <UML:MultiplicityRange xmi.id="S.62" multiplicity="S.61" lower="1" upper="1"/>
                                    </UML:Multiplicity.range>
                                </UML:Multiplicity>
                            </UML:StructuralFeature.multiplicity>
                        </UML:Attribute>
                    </UML:Classifier.feature>
                </UML:Class>
                <UML:DataType xmi.id="S.64" isRoot="false" isLeaf="false" isAbstract="false" name="UnlimitedInteger" namespace="S.1" visibility="public" isSpecification="false"/>
                <UML:Stereotype xmi.id="S.65" baseClass="Class" isRoot="false" isLeaf="false" isAbstract="false" name="focus" namespace="S.1" visibility="public" isSpecification="false"/>
                <UML:Stereotype xmi.id="S.66" baseClass="Class" isRoot="false" isLeaf="false" isAbstract="false" name="powertype" namespace="S.1" visibility="public" isSpecification="false"/>
                <UML:Stereotype xmi.id="S.67" baseClass="BehavioralFeature CallEvent" isRoot="false" isLeaf="false" isAbstract="false" name="destroy" namespace="S.1" visibility="public" isSpecification="false"/>
                <UML:Stereotype xmi.id="S.63" baseClass="Class Classifier" extendedElement="S.53 S.68" isRoot="false" isLeaf="false" isAbstract="false" name="enumeration" namespace="S.1" visibility="public" isSpecification="false"/>
                <UML:Stereotype xmi.id="S.69" baseClass="AssociationEnd" isRoot="false" isLeaf="false" isAbstract="false" name="self" namespace="S.1" visibility="public" isSpecification="false"/>
                <UML:Stereotype xmi.id="S.70" baseClass="Package" isRoot="false" isLeaf="false" isAbstract="false" name="metamodel" namespace="S.1" visibility="public" isSpecification="false"/>
                <UML:Stereotype xmi.id="S.71" baseClass="Package" isRoot="false" isLeaf="false" isAbstract="false" name="modelLibrary" namespace="S.1" visibility="public" isSpecification="false"/>
                <UML:Association xmi.id="S.72" name="{Cash Account-Portofolio}{3F0677A1038D}" namespace="S.1" isRoot="false" isLeaf="false" isAbstract="false" visibility="public" isSpecification="false">
                    <UML:Association.connection>
                        <UML:AssociationEnd xmi.id="S.73" association="S.72" visibility="public" isNavigable="true" ordering="unordered" aggregation="none" targetScope="instance" changeability="changeable" type="S.76" name="cash_position" isSpecification="false">
                            <UML:AssociationEnd.multiplicity>
                                <UML:Multiplicity xmi.id="S.74">
                                    <UML:Multiplicity.range>
                                        <UML:MultiplicityRange xmi.id="S.75" multiplicity="S.74" lower="1" upper="1"/>
                                    </UML:Multiplicity.range>
                                </UML:Multiplicity>
                            </UML:AssociationEnd.multiplicity>
                        </UML:AssociationEnd>
                        <UML:AssociationEnd xmi.id="S.77" association="S.72" visibility="public" isNavigable="true" ordering="unordered" aggregation="composite" targetScope="instance" changeability="changeable" type="S.80" name="portofolio" isSpecification="false">
                            <UML:AssociationEnd.multiplicity>
                                <UML:Multiplicity xmi.id="S.78">
                                    <UML:Multiplicity.range>
                                        <UML:MultiplicityRange xmi.id="S.79" multiplicity="S.78" lower="0" upper="-1"/>
                                    </UML:Multiplicity.range>
                                </UML:Multiplicity>
                            </UML:AssociationEnd.multiplicity>
                        </UML:AssociationEnd>
                    </UML:Association.connection>
                </UML:Association>
                <UML:Stereotype xmi.id="S.81" baseClass="Abstraction" isRoot="false" isLeaf="false" isAbstract="false" name="refine" namespace="S.1" visibility="public" isSpecification="false"/>
                <UML:DataType xmi.id="S.31" typedParameter="S.82 S.83 S.84 S.85 S.86 S.87 S.88 S.89 S.90 S.91 S.30" isRoot="false" isLeaf="false" isAbstract="false" name="boolean" namespace="S.1" visibility="public" isSpecification="false"/>
                <UML:Stereotype xmi.id="S.92" baseClass="Classifier" isRoot="false" isLeaf="false" isAbstract="false" name="thread" namespace="S.1" visibility="public" isSpecification="false"/>
                <UML:Stereotype xmi.id="S.93" baseClass="Package" isRoot="false" isLeaf="false" isAbstract="false" name="appliedProfile" namespace="S.1" visibility="public" isSpecification="false"/>
                <UML:Class xmi.id="S.94" isActive="false" typedParameter="S.106 S.107" isRoot="true" isLeaf="true" isAbstract="false" name="Holding" namespace="S.1" visibility="public" isSpecification="false">
                    <UML:Classifier.feature>
                        <UML:Attribute xmi.id="S.95" type="S.97" ordering="unordered" targetScope="instance" changeability="changeable" owner="S.94" visibility="package" ownerScope="instance" name="number" isSpecification="false">
                            <UML:Attribute.initialValue>
                                <UML:Expression xmi.id="S.96" body="" language=""/>
                            </UML:Attribute.initialValue>
                            <UML:StructuralFeature.multiplicity>
                                <UML:Multiplicity xmi.id="S.98">
                                    <UML:Multiplicity.range>
                                        <UML:MultiplicityRange xmi.id="S.99" multiplicity="S.98" lower="1" upper="1"/>
                                    </UML:Multiplicity.range>
                                </UML:Multiplicity>
                            </UML:StructuralFeature.multiplicity>
                        </UML:Attribute>
                        <UML:Operation xmi.id="S.100" isRoot="false" isLeaf="false" isAbstract="false" concurrency="sequential" isQuery="false" owner="S.94" visibility="public" ownerScope="instance" name="value" isSpecification="false">
                            <UML:BehavioralFeature.parameter>
                                <UML:Parameter xmi.id="S.101" type="S.41" kind="return" behavioralFeature="S.100" name="value.Return" visibility="public" isSpecification="false"/>
                            </UML:BehavioralFeature.parameter>
                        </UML:Operation>
                        <UML:Operation xmi.id="S.102" isRoot="false" isLeaf="false" isAbstract="false" concurrency="sequential" isQuery="false" owner="S.94" visibility="public" ownerScope="instance" name="create" isSpecification="false">
                            <UML:BehavioralFeature.parameter>
                                <UML:Parameter xmi.id="S.103" type="S.104" kind="inout" behavioralFeature="S.102" name="o" visibility="public" isSpecification="false">
                                    <UML:Parameter.defaultValue>
                                        <UML:Expression xmi.id="S.105" body="" language=""/>
                                    </UML:Parameter.defaultValue>
                                </UML:Parameter>
                                <UML:Parameter xmi.id="S.91" type="S.31" kind="return" behavioralFeature="S.102" name="create.Return" visibility="public" isSpecification="false"/>
                            </UML:BehavioralFeature.parameter>
                        </UML:Operation>
                    </UML:Classifier.feature>
                </UML:Class>
                <UML:Stereotype xmi.id="S.108" baseClass="Abstraction" isRoot="false" isLeaf="false" isAbstract="false" name="derive" namespace="S.1" visibility="public" isSpecification="false"/>
                <UML:Stereotype xmi.id="S.109" baseClass="Class" isRoot="false" isLeaf="false" isAbstract="false" name="auxiliary" namespace="S.1" visibility="public" isSpecification="false"/>
                <UML:Class xmi.id="S.110" isActive="false" isRoot="false" isLeaf="true" isAbstract="false" generalization="S.46" name="Bond" namespace="S.1" visibility="public" isSpecification="false">
                    <UML:Classifier.feature>
                        <UML:Attribute xmi.id="S.111" type="S.97" ordering="unordered" targetScope="instance" changeability="changeable" owner="S.110" visibility="private" ownerScope="instance" name="duration" isSpecification="false">
                            <UML:Attribute.initialValue>
                                <UML:Expression xmi.id="S.112" body="" language=""/>
                            </UML:Attribute.initialValue>
                            <UML:StructuralFeature.multiplicity>
                                <UML:Multiplicity xmi.id="S.113">
                                    <UML:Multiplicity.range>
                                        <UML:MultiplicityRange xmi.id="S.114" multiplicity="S.113" lower="1" upper="1"/>
                                    </UML:Multiplicity.range>
                                </UML:Multiplicity>
                            </UML:StructuralFeature.multiplicity>
                        </UML:Attribute>
                        <UML:Attribute xmi.id="S.115" type="S.41" ordering="unordered" targetScope="instance" changeability="changeable" owner="S.110" visibility="private" ownerScope="instance" name="yield" isSpecification="false">
                            <UML:Attribute.initialValue>
                                <UML:Expression xmi.id="S.116" body="" language=""/>
                            </UML:Attribute.initialValue>
                            <UML:StructuralFeature.multiplicity>
                                <UML:Multiplicity xmi.id="S.117">
                                    <UML:Multiplicity.range>
                                        <UML:MultiplicityRange xmi.id="S.118" multiplicity="S.117" lower="1" upper="1"/>
                                    </UML:Multiplicity.range>
                                </UML:Multiplicity>
                            </UML:StructuralFeature.multiplicity>
                        </UML:Attribute>
                        <UML:Attribute xmi.id="S.119" type="S.68" ordering="unordered" targetScope="instance" changeability="changeable" owner="S.110" visibility="private" ownerScope="instance" name="expiryDate" isSpecification="false">
                            <UML:Attribute.initialValue>
                                <UML:Expression xmi.id="S.120" body="" language=""/>
                            </UML:Attribute.initialValue>
                            <UML:StructuralFeature.multiplicity>
                                <UML:Multiplicity xmi.id="S.121">
                                    <UML:Multiplicity.range>
                                        <UML:MultiplicityRange xmi.id="S.122" multiplicity="S.121" lower="1" upper="1"/>
                                    </UML:Multiplicity.range>
                                </UML:Multiplicity>
                            </UML:StructuralFeature.multiplicity>
                        </UML:Attribute>
                        <UML:Operation xmi.id="S.123" isRoot="false" isLeaf="false" isAbstract="false" concurrency="sequential" isQuery="false" owner="S.110" visibility="public" ownerScope="instance" name="marketValue" isSpecification="false">
                            <UML:BehavioralFeature.parameter>
                                <UML:Parameter xmi.id="S.124" type="S.41" kind="return" behavioralFeature="S.123" name="marketValue.Return" visibility="public" isSpecification="false"/>
                            </UML:BehavioralFeature.parameter>
                        </UML:Operation>
                    </UML:Classifier.feature>
                    <UML:Namespace.ownedElement>
                        <UML:Generalization xmi.id="S.46" parent="S.35" discriminator="" child="S.110" name="" namespace="S.110" visibility="public" isSpecification="false"/>
                    </UML:Namespace.ownedElement>
                </UML:Class>
                <UML:Stereotype xmi.id="S.125" baseClass="Package" isRoot="false" isLeaf="false" isAbstract="false" name="topLevel" namespace="S.1" visibility="public" isSpecification="false"/>
                <UML:Stereotype xmi.id="S.126" baseClass="BehavioralFeature CallEvent Usage" isRoot="false" isLeaf="false" isAbstract="false" name="create" namespace="S.1" visibility="public" isSpecification="false"/>
                <UML:Stereotype xmi.id="S.127" baseClass="Package" isRoot="false" isLeaf="false" isAbstract="false" name="framework" namespace="S.1" visibility="public" isSpecification="false"/>
                <UML:Stereotype xmi.id="S.128" baseClass="AssociationEnd" isRoot="false" isLeaf="false" isAbstract="false" name="local" namespace="S.1" visibility="public" isSpecification="false"/>
                <UML:Association xmi.id="S.129" name="{Order-Portofolio}{3F0677A7025F}" namespace="S.1" isRoot="false" isLeaf="false" isAbstract="false" visibility="public" isSpecification="false">
                    <UML:Association.connection>
                        <UML:AssociationEnd xmi.id="S.130" association="S.129" visibility="public" isNavigable="true" ordering="unordered" aggregation="none" targetScope="instance" changeability="changeable" type="S.104" name="orders" isSpecification="false">
                            <UML:AssociationEnd.multiplicity>
                                <UML:Multiplicity xmi.id="S.131">
                                    <UML:Multiplicity.range>
                                        <UML:MultiplicityRange xmi.id="S.132" multiplicity="S.131" lower="0" upper="-1"/>
                                    </UML:Multiplicity.range>
                                </UML:Multiplicity>
                            </UML:AssociationEnd.multiplicity>
                        </UML:AssociationEnd>
                        <UML:AssociationEnd xmi.id="S.133" association="S.129" visibility="public" isNavigable="true" ordering="unordered" aggregation="composite" targetScope="instance" changeability="changeable" type="S.80" name="portofolio" isSpecification="false">
                            <UML:AssociationEnd.multiplicity>
                                <UML:Multiplicity xmi.id="S.134">
                                    <UML:Multiplicity.range>
                                        <UML:MultiplicityRange xmi.id="S.135" multiplicity="S.134" lower="0" upper="-1"/>
                                    </UML:Multiplicity.range>
                                </UML:Multiplicity>
                            </UML:AssociationEnd.multiplicity>
                        </UML:AssociationEnd>
                    </UML:Association.connection>
                </UML:Association>
                <UML:Association xmi.id="S.136" name="relate to{3F0677BC0273}" namespace="S.1" isRoot="false" isLeaf="false" isAbstract="false" visibility="public" isSpecification="false">
                    <UML:Association.connection>
                        <UML:AssociationEnd xmi.id="S.137" association="S.136" visibility="public" isNavigable="true" ordering="unordered" aggregation="none" targetScope="instance" changeability="changeable" type="S.140" name="option" isSpecification="false">
                            <UML:AssociationEnd.multiplicity>
                                <UML:Multiplicity xmi.id="S.138">
                                    <UML:Multiplicity.range>
                                        <UML:MultiplicityRange xmi.id="S.139" multiplicity="S.138" lower="0" upper="-1"/>
                                    </UML:Multiplicity.range>
                                </UML:Multiplicity>
                            </UML:AssociationEnd.multiplicity>
                        </UML:AssociationEnd>
                        <UML:AssociationEnd xmi.id="S.141" association="S.136" visibility="public" isNavigable="true" ordering="unordered" aggregation="none" targetScope="instance" changeability="changeable" type="S.35" name="refer_to" isSpecification="false">
                            <UML:AssociationEnd.multiplicity>
                                <UML:Multiplicity xmi.id="S.142">
                                    <UML:Multiplicity.range>
                                        <UML:MultiplicityRange xmi.id="S.143" multiplicity="S.142" lower="1" upper="1"/>
                                    </UML:Multiplicity.range>
                                </UML:Multiplicity>
                            </UML:AssociationEnd.multiplicity>
                        </UML:AssociationEnd>
                    </UML:Association.connection>
                </UML:Association>
                <UML:Class xmi.id="S.76" isActive="false" isRoot="true" isLeaf="true" isAbstract="false" name="Cash_Account" namespace="S.1" visibility="public" isSpecification="false">
                    <UML:Classifier.feature>
                        <UML:Attribute xmi.id="S.144" type="S.41" ordering="unordered" targetScope="instance" changeability="changeable" owner="S.76" visibility="private" ownerScope="instance" name="amount" isSpecification="false">
                            <UML:Attribute.initialValue>
                                <UML:Expression xmi.id="S.145" body="" language=""/>
                            </UML:Attribute.initialValue>
                            <UML:StructuralFeature.multiplicity>
                                <UML:Multiplicity xmi.id="S.146">
                                    <UML:Multiplicity.range>
                                        <UML:MultiplicityRange xmi.id="S.147" multiplicity="S.146" lower="1" upper="1"/>
                                    </UML:Multiplicity.range>
                                </UML:Multiplicity>
                            </UML:StructuralFeature.multiplicity>
                        </UML:Attribute>
                        <UML:Operation xmi.id="S.148" isRoot="false" isLeaf="false" isAbstract="false" concurrency="sequential" isQuery="false" owner="S.76" visibility="public" ownerScope="instance" name="insert" isSpecification="false">
                            <UML:BehavioralFeature.parameter>
                                <UML:Parameter xmi.id="S.149" type="S.41" kind="inout" behavioralFeature="S.148" name="amount" visibility="public" isSpecification="false">
                                    <UML:Parameter.defaultValue>
                                        <UML:Expression xmi.id="S.150" body="" language=""/>
                                    </UML:Parameter.defaultValue>
                                </UML:Parameter>
                                <UML:Parameter xmi.id="S.151" type="S.26" kind="return" behavioralFeature="S.148" name="insert.Return" visibility="public" isSpecification="false"/>
                            </UML:BehavioralFeature.parameter>
                        </UML:Operation>
                        <UML:Operation xmi.id="S.152" isRoot="false" isLeaf="false" isAbstract="false" concurrency="sequential" isQuery="false" owner="S.76" visibility="public" ownerScope="instance" name="withDrawal" isSpecification="false">
                            <UML:BehavioralFeature.parameter>
                                <UML:Parameter xmi.id="S.153" type="S.41" kind="inout" behavioralFeature="S.152" name="amount" visibility="public" isSpecification="false">
                                    <UML:Parameter.defaultValue>
                                        <UML:Expression xmi.id="S.154" body="" language=""/>
                                    </UML:Parameter.defaultValue>
                                </UML:Parameter>
                                <UML:Parameter xmi.id="S.90" type="S.31" kind="return" behavioralFeature="S.152" name="withDrawal.Return" visibility="public" isSpecification="false"/>
                            </UML:BehavioralFeature.parameter>
                        </UML:Operation>
                    </UML:Classifier.feature>
                </UML:Class>
                <UML:Stereotype xmi.id="S.155" baseClass="AssociationEnd" isRoot="false" isLeaf="false" isAbstract="false" name="association" namespace="S.1" visibility="public" isSpecification="false"/>
                <UML:Association xmi.id="S.156" name="concerns{3F0677AE03BD}" namespace="S.1" isRoot="false" isLeaf="false" isAbstract="false" visibility="public" isSpecification="false">
                    <UML:Association.connection>
                        <UML:AssociationEnd xmi.id="S.157" association="S.156" visibility="public" isNavigable="true" ordering="unordered" aggregation="none" targetScope="instance" changeability="changeable" type="S.35" name="security" isSpecification="false">
                            <UML:AssociationEnd.multiplicity>
                                <UML:Multiplicity xmi.id="S.158">
                                    <UML:Multiplicity.range>
                                        <UML:MultiplicityRange xmi.id="S.159" multiplicity="S.158" lower="1" upper="1"/>
                                    </UML:Multiplicity.range>
                                </UML:Multiplicity>
                            </UML:AssociationEnd.multiplicity>
                        </UML:AssociationEnd>
                        <UML:AssociationEnd xmi.id="S.160" association="S.156" visibility="public" isNavigable="true" ordering="unordered" aggregation="none" targetScope="instance" changeability="changeable" type="S.104" name="order" isSpecification="false">
                            <UML:AssociationEnd.multiplicity>
                                <UML:Multiplicity xmi.id="S.161">
                                    <UML:Multiplicity.range>
                                        <UML:MultiplicityRange xmi.id="S.162" multiplicity="S.161" lower="0" upper="-1"/>
                                    </UML:Multiplicity.range>
                                </UML:Multiplicity>
                            </UML:AssociationEnd.multiplicity>
                        </UML:AssociationEnd>
                    </UML:Association.connection>
                </UML:Association>
                <UML:Class xmi.id="S.163" isActive="true" typedFeature="S.164" isRoot="false" isLeaf="false" isAbstract="false" name="OrderStatusEnum" namespace="S.1" visibility="public" isSpecification="false"/>
                <UML:Stereotype xmi.id="S.165" baseClass="Package" isRoot="false" isLeaf="false" isAbstract="false" name="profile" namespace="S.1" visibility="public" isSpecification="false"/>
                <UML:Stereotype xmi.id="S.166" baseClass="Class" isRoot="false" isLeaf="false" isAbstract="false" name="metaclass" namespace="S.1" visibility="public" isSpecification="false"/>
                <UML:Stereotype xmi.id="S.167" baseClass="Constraint" isRoot="false" isLeaf="false" isAbstract="false" name="postcondition" namespace="S.1" visibility="public" isSpecification="false"/>
                <UML:Stereotype xmi.id="S.168" baseClass="Flow" isRoot="false" isLeaf="false" isAbstract="false" name="become" namespace="S.1" visibility="public" isSpecification="false"/>
                <UML:Stereotype xmi.id="S.169" baseClass="AssociationEnd" isRoot="false" isLeaf="false" isAbstract="false" name="parameter" namespace="S.1" visibility="public" isSpecification="false"/>
                <UML:Association xmi.id="S.170" name="owns{3F06778A031B}" namespace="S.1" isRoot="false" isLeaf="false" isAbstract="false" visibility="public" isSpecification="false">
                    <UML:Association.connection>
                        <UML:AssociationEnd xmi.id="S.171" association="S.170" visibility="public" isNavigable="true" ordering="unordered" aggregation="none" targetScope="instance" changeability="changeable" type="S.80" name="possession" isSpecification="false">
                            <UML:AssociationEnd.multiplicity>
                                <UML:Multiplicity xmi.id="S.172">
                                    <UML:Multiplicity.range>
                                        <UML:MultiplicityRange xmi.id="S.173" multiplicity="S.172" lower="1" upper="-1"/>
                                    </UML:Multiplicity.range>
                                </UML:Multiplicity>
                            </UML:AssociationEnd.multiplicity>
                        </UML:AssociationEnd>
                        <UML:AssociationEnd xmi.id="S.174" association="S.170" visibility="public" isNavigable="true" ordering="unordered" aggregation="none" targetScope="instance" changeability="changeable" type="S.14" name="owner" isSpecification="false">
                            <UML:AssociationEnd.multiplicity>
                                <UML:Multiplicity xmi.id="S.175">
                                    <UML:Multiplicity.range>
                                        <UML:MultiplicityRange xmi.id="S.176" multiplicity="S.175" lower="1" upper="1"/>
                                    </UML:Multiplicity.range>
                                </UML:Multiplicity>
                            </UML:AssociationEnd.multiplicity>
                        </UML:AssociationEnd>
                    </UML:Association.connection>
                </UML:Association>
                <UML:Stereotype xmi.id="S.177" baseClass="Constraint" isRoot="false" isLeaf="false" isAbstract="false" name="stateInvariant" namespace="S.1" visibility="public" isSpecification="false"/>
                <UML:Stereotype xmi.id="S.178" baseClass="Package" isRoot="false" isLeaf="false" isAbstract="false" name="systemModel" namespace="S.1" visibility="public" isSpecification="false"/>
                <UML:Stereotype xmi.id="S.179" baseClass="Comment" isRoot="false" isLeaf="false" isAbstract="false" name="requirement" namespace="S.1" visibility="public" isSpecification="false"/>
                <UML:Stereotype xmi.id="S.180" baseClass="ObjectFlowState" isRoot="false" isLeaf="false" isAbstract="false" name="signalflow" namespace="S.1" visibility="public" isSpecification="false"/>
                <UML:Stereotype xmi.id="S.181" baseClass="Classifier" isRoot="false" isLeaf="false" isAbstract="false" name="utility" namespace="S.1" visibility="public" isSpecification="false"/>
                <UML:DataType xmi.id="S.182" isRoot="false" isLeaf="false" isAbstract="false" name="double" namespace="S.1" visibility="public" isSpecification="false"/>
                <UML:Association xmi.id="S.183" name="{Holding-Portofolio}{3F0677A90208}" namespace="S.1" isRoot="false" isLeaf="false" isAbstract="false" visibility="public" isSpecification="false">
                    <UML:Association.connection>
                        <UML:AssociationEnd xmi.id="S.184" association="S.183" visibility="public" isNavigable="true" ordering="unordered" aggregation="none" targetScope="instance" changeability="changeable" type="S.94" name="holdings" isSpecification="false">
                            <UML:AssociationEnd.multiplicity>
                                <UML:Multiplicity xmi.id="S.185">
                                    <UML:Multiplicity.range>
                                        <UML:MultiplicityRange xmi.id="S.186" multiplicity="S.185" lower="0" upper="-1"/>
                                    </UML:Multiplicity.range>
                                </UML:Multiplicity>
                            </UML:AssociationEnd.multiplicity>
                        </UML:AssociationEnd>
                        <UML:AssociationEnd xmi.id="S.187" association="S.183" visibility="public" isNavigable="true" ordering="unordered" aggregation="composite" targetScope="instance" changeability="changeable" type="S.80" name="portofolio" isSpecification="false">
                            <UML:AssociationEnd.multiplicity>
                                <UML:Multiplicity xmi.id="S.188">
                                    <UML:Multiplicity.range>
                                        <UML:MultiplicityRange xmi.id="S.189" multiplicity="S.188" lower="0" upper="-1"/>
                                    </UML:Multiplicity.range>
                                </UML:Multiplicity>
                            </UML:AssociationEnd.multiplicity>
                        </UML:AssociationEnd>
                    </UML:Association.connection>
                </UML:Association>
                <UML:DataType xmi.id="S.26" typedParameter="S.190 S.191 S.151 S.28 S.25" isRoot="false" isLeaf="false" isAbstract="false" name="void" namespace="S.1" visibility="public" isSpecification="false"/>
                <UML:Class xmi.id="S.68" isActive="true" typedFeature="S.192 S.193 S.119" isRoot="false" isLeaf="false" isAbstract="false" name="Date" stereotype="S.63" namespace="S.1" visibility="public" isSpecification="false"/>
                <UML:Stereotype xmi.id="S.194" baseClass="AssociationEnd" isRoot="false" isLeaf="false" isAbstract="false" name="global" namespace="S.1" visibility="public" isSpecification="false"/>
                <UML:Stereotype xmi.id="S.195" baseClass="Permission" isRoot="false" isLeaf="false" isAbstract="false" name="friend" namespace="S.1" visibility="public" isSpecification="false"/>
                <UML:DataType xmi.id="S.196" isRoot="false" isLeaf="false" isAbstract="false" name="Boolean" namespace="S.1" visibility="public" isSpecification="false"/>
                <UML:DataType xmi.id="S.197" typedParameter="S.198" isRoot="false" isLeaf="false" isAbstract="false" name="Integer" namespace="S.1" visibility="public" isSpecification="false"/>
                <UML:Stereotype xmi.id="S.199" baseClass="Abstraction" isRoot="false" isLeaf="false" isAbstract="false" name="source" namespace="S.1" visibility="public" isSpecification="false"/>
                <UML:Stereotype xmi.id="S.200" baseClass="Flow" isRoot="false" isLeaf="false" isAbstract="false" name="copy" namespace="S.1" visibility="public" isSpecification="false"/>
                <UML:Stereotype xmi.id="S.201" baseClass="Abstraction" isRoot="false" isLeaf="false" isAbstract="false" name="table" namespace="S.1" visibility="public" isSpecification="false"/>
                <UML:Class xmi.id="S.80" isActive="false" isRoot="true" isLeaf="true" isAbstract="false" name="Portofolio" namespace="S.1" visibility="public" isSpecification="false">
                    <UML:Classifier.feature>
                        <UML:Attribute xmi.id="S.202" type="S.41" ordering="unordered" targetScope="instance" changeability="changeable" owner="S.80" visibility="private" ownerScope="instance" name="value" isSpecification="false">
                            <UML:Attribute.initialValue>
                                <UML:Expression xmi.id="S.203" body="" language=""/>
                            </UML:Attribute.initialValue>
                            <UML:StructuralFeature.multiplicity>
                                <UML:Multiplicity xmi.id="S.204">
                                    <UML:Multiplicity.range>
                                        <UML:MultiplicityRange xmi.id="S.205" multiplicity="S.204" lower="1" upper="1"/>
                                    </UML:Multiplicity.range>
                                </UML:Multiplicity>
                            </UML:StructuralFeature.multiplicity>
                        </UML:Attribute>
                        <UML:Attribute xmi.id="S.8" type="S.6" ordering="unordered" targetScope="instance" changeability="changeable" owner="S.80" visibility="package" ownerScope="instance" name="id" isSpecification="false">
                            <UML:Attribute.initialValue>
                                <UML:Expression xmi.id="S.206" body="" language=""/>
                            </UML:Attribute.initialValue>
                            <UML:StructuralFeature.multiplicity>
                                <UML:Multiplicity xmi.id="S.207">
                                    <UML:Multiplicity.range>
                                        <UML:MultiplicityRange xmi.id="S.208" multiplicity="S.207" lower="1" upper="1"/>
                                    </UML:Multiplicity.range>
                                </UML:Multiplicity>
                            </UML:StructuralFeature.multiplicity>
                        </UML:Attribute>
                        <UML:Operation xmi.id="S.209" isRoot="false" isLeaf="false" isAbstract="false" concurrency="sequential" isQuery="false" owner="S.80" visibility="public" ownerScope="instance" name="add" isSpecification="false">
                            <UML:BehavioralFeature.parameter>
                                <UML:Parameter xmi.id="S.106" type="S.94" kind="inout" behavioralFeature="S.209" name="h" visibility="public" isSpecification="false">
                                    <UML:Parameter.defaultValue>
                                        <UML:Expression xmi.id="S.210" body="" language=""/>
                                    </UML:Parameter.defaultValue>
                                </UML:Parameter>
                                <UML:Parameter xmi.id="S.191" type="S.26" kind="return" behavioralFeature="S.209" name="add.Return" visibility="public" isSpecification="false"/>
                            </UML:BehavioralFeature.parameter>
                        </UML:Operation>
                        <UML:Operation xmi.id="S.211" isRoot="false" isLeaf="false" isAbstract="false" concurrency="sequential" isQuery="false" owner="S.80" visibility="public" ownerScope="instance" name="add" isSpecification="false">
                            <UML:BehavioralFeature.parameter>
                                <UML:Parameter xmi.id="S.212" type="S.104" kind="inout" behavioralFeature="S.211" name="o" visibility="public" isSpecification="false">
                                    <UML:Parameter.defaultValue>
                                        <UML:Expression xmi.id="S.213" body="" language=""/>
                                    </UML:Parameter.defaultValue>
                                </UML:Parameter>
                                <UML:Parameter xmi.id="S.89" type="S.31" kind="return" behavioralFeature="S.211" name="add.Return" visibility="public" isSpecification="false"/>
                            </UML:BehavioralFeature.parameter>
                        </UML:Operation>
                        <UML:Operation xmi.id="S.214" isRoot="false" isLeaf="false" isAbstract="false" concurrency="sequential" isQuery="false" owner="S.80" visibility="public" ownerScope="instance" name="remove" isSpecification="false">
                            <UML:BehavioralFeature.parameter>
                                <UML:Parameter xmi.id="S.107" type="S.94" kind="inout" behavioralFeature="S.214" name="h" visibility="public" isSpecification="false">
                                    <UML:Parameter.defaultValue>
                                        <UML:Expression xmi.id="S.215" body="" language=""/>
                                    </UML:Parameter.defaultValue>
                                </UML:Parameter>
                                <UML:Parameter xmi.id="S.88" type="S.31" kind="return" behavioralFeature="S.214" name="remove.Return" visibility="public" isSpecification="false"/>
                            </UML:BehavioralFeature.parameter>
                        </UML:Operation>
                        <UML:Operation xmi.id="S.216" isRoot="false" isLeaf="false" isAbstract="false" concurrency="sequential" isQuery="false" owner="S.80" visibility="public" ownerScope="instance" name="remove" isSpecification="false">
                            <UML:BehavioralFeature.parameter>
                                <UML:Parameter xmi.id="S.217" type="S.104" kind="inout" behavioralFeature="S.216" name="o" visibility="public" isSpecification="false">
                                    <UML:Parameter.defaultValue>
                                        <UML:Expression xmi.id="S.218" body="" language=""/>
                                    </UML:Parameter.defaultValue>
                                </UML:Parameter>
                                <UML:Parameter xmi.id="S.87" type="S.31" kind="return" behavioralFeature="S.216" name="remove.Return" visibility="public" isSpecification="false"/>
                            </UML:BehavioralFeature.parameter>
                        </UML:Operation>
                        <UML:Operation xmi.id="S.219" isRoot="false" isLeaf="false" isAbstract="false" concurrency="sequential" isQuery="true" owner="S.80" visibility="public" ownerScope="instance" name="loanValue" isSpecification="false">
                            <UML:BehavioralFeature.parameter>
                                <UML:Parameter xmi.id="S.220" type="S.41" kind="return" behavioralFeature="S.219" name="loanValue.Return" visibility="public" isSpecification="false"/>
                            </UML:BehavioralFeature.parameter>
                        </UML:Operation>
                        <UML:Operation xmi.id="S.221" isRoot="false" isLeaf="false" isAbstract="false" concurrency="sequential" isQuery="false" owner="S.80" visibility="public" ownerScope="instance" name="margin" isSpecification="false">
                            <UML:BehavioralFeature.parameter>
                                <UML:Parameter xmi.id="S.222" type="S.41" kind="return" behavioralFeature="S.221" name="margin.Return" visibility="public" isSpecification="false"/>
                            </UML:BehavioralFeature.parameter>
                        </UML:Operation>
                        <UML:Operation xmi.id="S.223" isRoot="false" isLeaf="false" isAbstract="false" concurrency="sequential" isQuery="false" owner="S.80" visibility="public" ownerScope="instance" name="create" isSpecification="false">
                            <UML:BehavioralFeature.parameter>
                                <UML:Parameter xmi.id="S.190" type="S.26" kind="return" behavioralFeature="S.223" name="create.Return" visibility="public" isSpecification="false"/>
                            </UML:BehavioralFeature.parameter>
                        </UML:Operation>
                    </UML:Classifier.feature>
                </UML:Class>
                <UML:Stereotype xmi.id="S.224" baseClass="Abstraction" isRoot="false" isLeaf="false" isAbstract="false" name="file" namespace="S.1" visibility="public" isSpecification="false"/>
                <UML:Stereotype xmi.id="S.225" baseClass="Permission" isRoot="false" isLeaf="false" isAbstract="false" name="access" namespace="S.1" visibility="public" isSpecification="false"/>
                <UML:Association xmi.id="S.226" name="refer to{3F0677B3019E}" namespace="S.1" isRoot="false" isLeaf="false" isAbstract="false" visibility="public" isSpecification="false">
                    <UML:Association.connection>
                        <UML:AssociationEnd xmi.id="S.227" association="S.226" visibility="public" isNavigable="true" ordering="unordered" aggregation="none" targetScope="instance" changeability="changeable" type="S.35" name="security" isSpecification="false">
                            <UML:AssociationEnd.multiplicity>
                                <UML:Multiplicity xmi.id="S.228">
                                    <UML:Multiplicity.range>
                                        <UML:MultiplicityRange xmi.id="S.229" multiplicity="S.228" lower="1" upper="1"/>
                                    </UML:Multiplicity.range>
                                </UML:Multiplicity>
                            </UML:AssociationEnd.multiplicity>
                        </UML:AssociationEnd>
                        <UML:AssociationEnd xmi.id="S.230" association="S.226" visibility="public" isNavigable="true" ordering="unordered" aggregation="none" targetScope="instance" changeability="changeable" type="S.94" name="holding" isSpecification="false">
                            <UML:AssociationEnd.multiplicity>
                                <UML:Multiplicity xmi.id="S.231">
                                    <UML:Multiplicity.range>
                                        <UML:MultiplicityRange xmi.id="S.232" multiplicity="S.231" lower="0" upper="-1"/>
                                    </UML:Multiplicity.range>
                                </UML:Multiplicity>
                            </UML:AssociationEnd.multiplicity>
                        </UML:AssociationEnd>
                    </UML:Association.connection>
                </UML:Association>
                <UML:Class xmi.id="S.104" isActive="false" typedParameter="S.217 S.212 S.103" isRoot="true" isLeaf="true" isAbstract="false" name="Order" namespace="S.1" visibility="public" isSpecification="false">
                    <UML:Classifier.feature>
                        <UML:Attribute xmi.id="S.54" type="S.53" ordering="unordered" targetScope="instance" changeability="changeable" owner="S.104" visibility="public" ownerScope="instance" name="type" isSpecification="false">
                            <UML:Attribute.initialValue>
                                <UML:Expression xmi.id="S.233" body="" language=""/>
                            </UML:Attribute.initialValue>
                            <UML:StructuralFeature.multiplicity>
                                <UML:Multiplicity xmi.id="S.234">
                                    <UML:Multiplicity.range>
                                        <UML:MultiplicityRange xmi.id="S.235" multiplicity="S.234" lower="1" upper="1"/>
                                    </UML:Multiplicity.range>
                                </UML:Multiplicity>
                            </UML:StructuralFeature.multiplicity>
                        </UML:Attribute>
                        <UML:Attribute xmi.id="S.236" type="S.97" ordering="unordered" targetScope="instance" changeability="changeable" owner="S.104" visibility="private" ownerScope="instance" name="number" isSpecification="false">
                            <UML:Attribute.initialValue>
                                <UML:Expression xmi.id="S.237" body="" language=""/>
                            </UML:Attribute.initialValue>
                            <UML:StructuralFeature.multiplicity>
                                <UML:Multiplicity xmi.id="S.238">
                                    <UML:Multiplicity.range>
                                        <UML:MultiplicityRange xmi.id="S.239" multiplicity="S.238" lower="1" upper="1"/>
                                    </UML:Multiplicity.range>
                                </UML:Multiplicity>
                            </UML:StructuralFeature.multiplicity>
                        </UML:Attribute>
                        <UML:Attribute xmi.id="S.240" type="S.41" ordering="unordered" targetScope="instance" changeability="changeable" owner="S.104" visibility="private" ownerScope="instance" name="limit" isSpecification="false">
                            <UML:Attribute.initialValue>
                                <UML:Expression xmi.id="S.241" body="" language=""/>
                            </UML:Attribute.initialValue>
                            <UML:StructuralFeature.multiplicity>
                                <UML:Multiplicity xmi.id="S.242">
                                    <UML:Multiplicity.range>
                                        <UML:MultiplicityRange xmi.id="S.243" multiplicity="S.242" lower="1" upper="1"/>
                                    </UML:Multiplicity.range>
                                </UML:Multiplicity>
                            </UML:StructuralFeature.multiplicity>
                        </UML:Attribute>
                        <UML:Attribute xmi.id="S.192" type="S.68" ordering="unordered" targetScope="instance" changeability="changeable" owner="S.104" visibility="private" ownerScope="instance" name="validDate" isSpecification="false">
                            <UML:Attribute.initialValue>
                                <UML:Expression xmi.id="S.244" body="" language=""/>
                            </UML:Attribute.initialValue>
                            <UML:StructuralFeature.multiplicity>
                                <UML:Multiplicity xmi.id="S.245">
                                    <UML:Multiplicity.range>
                                        <UML:MultiplicityRange xmi.id="S.246" multiplicity="S.245" lower="1" upper="1"/>
                                    </UML:Multiplicity.range>
                                </UML:Multiplicity>
                            </UML:StructuralFeature.multiplicity>
                        </UML:Attribute>
                        <UML:Attribute xmi.id="S.164" type="S.163" ordering="unordered" targetScope="instance" changeability="changeable" owner="S.104" visibility="private" ownerScope="instance" name="state" isSpecification="false">
                            <UML:Attribute.initialValue>
                                <UML:Expression xmi.id="S.247" body="" language=""/>
                            </UML:Attribute.initialValue>
                            <UML:StructuralFeature.multiplicity>
                                <UML:Multiplicity xmi.id="S.248">
                                    <UML:Multiplicity.range>
                                        <UML:MultiplicityRange xmi.id="S.249" multiplicity="S.248" lower="1" upper="1"/>
                                    </UML:Multiplicity.range>
                                </UML:Multiplicity>
                            </UML:StructuralFeature.multiplicity>
                        </UML:Attribute>
                        <UML:Attribute xmi.id="S.250" type="S.41" ordering="unordered" targetScope="instance" changeability="changeable" owner="S.104" visibility="public" ownerScope="instance" name="matchedPrice" isSpecification="false">
                            <UML:Attribute.initialValue>
                                <UML:Expression xmi.id="S.251" body="" language=""/>
                            </UML:Attribute.initialValue>
                            <UML:StructuralFeature.multiplicity>
                                <UML:Multiplicity xmi.id="S.252">
                                    <UML:Multiplicity.range>
                                        <UML:MultiplicityRange xmi.id="S.253" multiplicity="S.252" lower="1" upper="1"/>
                                    </UML:Multiplicity.range>
                                </UML:Multiplicity>
                            </UML:StructuralFeature.multiplicity>
                        </UML:Attribute>
                        <UML:Operation xmi.id="S.254" isRoot="false" isLeaf="false" isAbstract="false" concurrency="sequential" isQuery="false" owner="S.104" visibility="public" ownerScope="instance" name="registerBuy" isSpecification="false">
                            <UML:BehavioralFeature.parameter>
                                <UML:Parameter xmi.id="S.86" type="S.31" kind="return" behavioralFeature="S.254" name="registerBuy.Return" visibility="public" isSpecification="false"/>
                            </UML:BehavioralFeature.parameter>
                        </UML:Operation>
                        <UML:Operation xmi.id="S.255" isRoot="false" isLeaf="false" isAbstract="false" concurrency="sequential" isQuery="false" owner="S.104" visibility="public" ownerScope="instance" name="registerSell" isSpecification="false">
                            <UML:BehavioralFeature.parameter>
                                <UML:Parameter xmi.id="S.85" type="S.31" kind="return" behavioralFeature="S.255" name="registerSell.Return" visibility="public" isSpecification="false"/>
                            </UML:BehavioralFeature.parameter>
                        </UML:Operation>
                        <UML:Operation xmi.id="S.256" isRoot="false" isLeaf="false" isAbstract="false" concurrency="sequential" isQuery="false" owner="S.104" visibility="public" ownerScope="instance" name="putOnMarket" isSpecification="false">
                            <UML:BehavioralFeature.parameter>
                                <UML:Parameter xmi.id="S.84" type="S.31" kind="return" behavioralFeature="S.256" name="putOnMarket.Return" visibility="public" isSpecification="false"/>
                            </UML:BehavioralFeature.parameter>
                        </UML:Operation>
                        <UML:Operation xmi.id="S.257" isRoot="false" isLeaf="false" isAbstract="false" concurrency="sequential" isQuery="false" owner="S.104" visibility="public" ownerScope="instance" name="matchOrder" isSpecification="false">
                            <UML:BehavioralFeature.parameter>
                                <UML:Parameter xmi.id="S.258" type="S.41" kind="inout" behavioralFeature="S.257" name="matchPrice" visibility="public" isSpecification="false">
                                    <UML:Parameter.defaultValue>
                                        <UML:Expression xmi.id="S.259" body="" language=""/>
                                    </UML:Parameter.defaultValue>
                                </UML:Parameter>
                                <UML:Parameter xmi.id="S.83" type="S.31" kind="return" behavioralFeature="S.257" name="matchOrder.Return" visibility="public" isSpecification="false"/>
                            </UML:BehavioralFeature.parameter>
                        </UML:Operation>
                        <UML:Operation xmi.id="S.260" isRoot="false" isLeaf="false" isAbstract="false" concurrency="sequential" isQuery="false" owner="S.104" visibility="public" ownerScope="instance" name="cancelOrder" isSpecification="false">
                            <UML:BehavioralFeature.parameter>
                                <UML:Parameter xmi.id="S.82" type="S.31" kind="return" behavioralFeature="S.260" name="cancelOrder.Return" visibility="public" isSpecification="false"/>
                            </UML:BehavioralFeature.parameter>
                        </UML:Operation>
                    </UML:Classifier.feature>
                </UML:Class>
                <UML:Stereotype xmi.id="S.261" baseClass="Package" isRoot="false" isLeaf="false" isAbstract="false" name="stub" namespace="S.1" visibility="public" isSpecification="false"/>
                <UML:Stereotype xmi.id="S.262" baseClass="Constraint" isRoot="false" isLeaf="false" isAbstract="false" name="invariant" namespace="S.1" visibility="public" isSpecification="false"/>
                <UML:Stereotype xmi.id="S.263" baseClass="Usage" isRoot="false" isLeaf="false" isAbstract="false" name="send" namespace="S.1" visibility="public" isSpecification="false"/>
                <UML:Class xmi.id="S.140" isActive="false" isRoot="false" isLeaf="true" isAbstract="false" generalization="S.48" name="Option" namespace="S.1" visibility="public" isSpecification="false">
                    <UML:Classifier.feature>
                        <UML:Attribute xmi.id="S.264" type="S.41" ordering="unordered" targetScope="instance" changeability="changeable" owner="S.140" visibility="private" ownerScope="instance" name="strikePrice" isSpecification="false">
                            <UML:Attribute.initialValue>
                                <UML:Expression xmi.id="S.265" body="" language=""/>
                            </UML:Attribute.initialValue>
                            <UML:StructuralFeature.multiplicity>
                                <UML:Multiplicity xmi.id="S.266">
                                    <UML:Multiplicity.range>
                                        <UML:MultiplicityRange xmi.id="S.267" multiplicity="S.266" lower="1" upper="1"/>
                                    </UML:Multiplicity.range>
                                </UML:Multiplicity>
                            </UML:StructuralFeature.multiplicity>
                        </UML:Attribute>
                        <UML:Attribute xmi.id="S.193" type="S.68" ordering="unordered" targetScope="instance" changeability="changeable" owner="S.140" visibility="private" ownerScope="instance" name="expirationDate" isSpecification="false">
                            <UML:Attribute.initialValue>
                                <UML:Expression xmi.id="S.268" body="" language=""/>
                            </UML:Attribute.initialValue>
                            <UML:StructuralFeature.multiplicity>
                                <UML:Multiplicity xmi.id="S.269">
                                    <UML:Multiplicity.range>
                                        <UML:MultiplicityRange xmi.id="S.270" multiplicity="S.269" lower="1" upper="1"/>
                                    </UML:Multiplicity.range>
                                </UML:Multiplicity>
                            </UML:StructuralFeature.multiplicity>
                        </UML:Attribute>
                        <UML:Operation xmi.id="S.271" isRoot="false" isLeaf="false" isAbstract="false" concurrency="sequential" isQuery="false" owner="S.140" visibility="public" ownerScope="instance" name="marketValue" isSpecification="false">
                            <UML:BehavioralFeature.parameter>
                                <UML:Parameter xmi.id="S.272" type="S.41" kind="return" behavioralFeature="S.271" name="marketvalue.Return" visibility="public" isSpecification="false"/>
                            </UML:BehavioralFeature.parameter>
                        </UML:Operation>
                        <UML:Operation xmi.id="S.273" isRoot="false" isLeaf="false" isAbstract="false" concurrency="sequential" isQuery="false" owner="S.140" visibility="public" ownerScope="instance" name="theorPrice" isSpecification="false">
                            <UML:BehavioralFeature.parameter>
                                <UML:Parameter xmi.id="S.274" type="S.41" kind="return" behavioralFeature="S.273" name="theorPrice.Return" visibility="public" isSpecification="false"/>
                            </UML:BehavioralFeature.parameter>
                        </UML:Operation>
                    </UML:Classifier.feature>
                    <UML:Namespace.ownedElement>
                        <UML:Generalization xmi.id="S.48" parent="S.35" discriminator="" child="S.140" name="" namespace="S.140" visibility="public" isSpecification="false"/>
                    </UML:Namespace.ownedElement>
                </UML:Class>
                <UML:Class xmi.id="S.275" isActive="false" isRoot="false" isLeaf="true" isAbstract="false" generalization="S.47" name="Stock" namespace="S.1" visibility="public" isSpecification="false">
                    <UML:Classifier.feature>
                        <UML:Attribute xmi.id="S.276" type="S.41" ordering="unordered" targetScope="instance" changeability="changeable" owner="S.275" visibility="private" ownerScope="instance" name="dividend" isSpecification="false">
                            <UML:Attribute.initialValue>
                                <UML:Expression xmi.id="S.277" body="" language=""/>
                            </UML:Attribute.initialValue>
                            <UML:StructuralFeature.multiplicity>
                                <UML:Multiplicity xmi.id="S.278">
                                    <UML:Multiplicity.range>
                                        <UML:MultiplicityRange xmi.id="S.279" multiplicity="S.278" lower="1" upper="1"/>
                                    </UML:Multiplicity.range>
                                </UML:Multiplicity>
                            </UML:StructuralFeature.multiplicity>
                        </UML:Attribute>
                        <UML:Operation xmi.id="S.280" isRoot="false" isLeaf="false" isAbstract="false" concurrency="sequential" isQuery="false" owner="S.275" visibility="public" ownerScope="instance" name="marketValue" isSpecification="false">
                            <UML:BehavioralFeature.parameter>
                                <UML:Parameter xmi.id="S.281" type="S.41" kind="return" behavioralFeature="S.280" name="marketValue.Return" visibility="public" isSpecification="false"/>
                            </UML:BehavioralFeature.parameter>
                        </UML:Operation>
                        <UML:Operation xmi.id="S.282" isRoot="false" isLeaf="false" isAbstract="false" concurrency="sequential" isQuery="false" owner="S.275" visibility="public" ownerScope="instance" name="Stock" isSpecification="false">
                            <UML:BehavioralFeature.parameter>
                                <UML:Parameter xmi.id="S.198" type="S.197" kind="in" behavioralFeature="S.282" name="price" visibility="public" isSpecification="false"/>
                            </UML:BehavioralFeature.parameter>
                        </UML:Operation>
                    </UML:Classifier.feature>
                    <UML:Namespace.ownedElement>
                        <UML:Generalization xmi.id="S.47" parent="S.35" discriminator="" child="S.275" name="" namespace="S.275" visibility="public" isSpecification="false"/>
                    </UML:Namespace.ownedElement>
                </UML:Class>
                <UML:Stereotype xmi.id="S.283" baseClass="Abstraction" isRoot="false" isLeaf="false" isAbstract="false" name="library" namespace="S.1" visibility="public" isSpecification="false"/>
                <UML:Stereotype xmi.id="S.284" baseClass="Abstraction" isRoot="false" isLeaf="false" isAbstract="false" name="trace" namespace="S.1" visibility="public" isSpecification="false"/>
                <UML:DataType xmi.id="S.41" typedFeature="S.250 S.240 S.264 S.276 S.39 S.115 S.202 S.144" typedParameter="S.258 S.274 S.272 S.281 S.45 S.124 S.222 S.220 S.153 S.149 S.101" isRoot="false" isLeaf="false" isAbstract="false" name="float" namespace="S.1" visibility="public" isSpecification="false"/>
                <UML:DataType xmi.id="S.97" typedFeature="S.95 S.111 S.236" isRoot="false" isLeaf="false" isAbstract="false" name="int" namespace="S.1" visibility="public" isSpecification="false"/>
                <UML:Stereotype xmi.id="S.285" baseClass="Class Generalization" isRoot="false" isLeaf="false" isAbstract="false" name="implementation" namespace="S.1" visibility="public" isSpecification="false"/>
            </UML:Namespace.ownedElement>
        </UML:Model>
    </XMI.content>
</XMI>
