<?xml version="1.0" encoding="UTF-8"?>
<XMI xmlns:UML="//org.omg/UML/1.3" xmi.version="1.1">
 <XMI.header>
  <XMI.documentation>
   <XMI.exporter>ocle 2.0</XMI.exporter>
   <XMI.exporterVersion>1.0</XMI.exporterVersion>
  </XMI.documentation>
  <XMI.metamodel xmi.name="UML" xmi.version="1.3"/>
 </XMI.header>
 <XMI.content>
  <UML:Model xmi.id="S.1" isRoot="true" isLeaf="true" isAbstract="false" name="tree_Mencl_Sample" visibility="public" isSpecification="false">
   <UML:Namespace.ownedElement>
    <UML:DataType xmi.id="S.2" name="Boolean" namespace="S.1" isRoot="false" isLeaf="false" isAbstract="false" visibility="public" isSpecification="false"/>
    <UML:DataType xmi.id="S.3" name="Integer" namespace="S.1" isRoot="false" isLeaf="false" isAbstract="false" visibility="public" isSpecification="false"/>
    <UML:DataType xmi.id="S.4" name="UnlimitedInteger" namespace="S.1" isRoot="false" isLeaf="false" isAbstract="false" visibility="public" isSpecification="false"/>
    <UML:DataType xmi.id="S.5" name="Real" namespace="S.1" isRoot="false" isLeaf="false" isAbstract="false" visibility="public" isSpecification="false"/>
    <UML:DataType xmi.id="S.6" instance="S.7 S.8 S.9 S.10 S.11" name="String" namespace="S.1" isRoot="false" isLeaf="false" isAbstract="false" visibility="public" isSpecification="false"/>
    <UML:DataType xmi.id="S.12" instance="S.13" name="undefined" namespace="S.1" isRoot="false" isLeaf="false" isAbstract="false" visibility="public" isSpecification="false"/>
    <UML:Stereotype xmi.id="S.14" baseClass="Classifier" isRoot="false" isLeaf="false" isAbstract="false" name="enumeration" namespace="S.1" visibility="public" isSpecification="false"/>
    <UML:Stereotype xmi.id="S.15" baseClass="Permission" isRoot="false" isLeaf="false" isAbstract="false" name="access" namespace="S.1" visibility="public" isSpecification="false"/>
    <UML:Stereotype xmi.id="S.16" baseClass="Package" isRoot="false" isLeaf="false" isAbstract="false" name="appliedProfile" namespace="S.1" visibility="public" isSpecification="false"/>
    <UML:Stereotype xmi.id="S.17" baseClass="AssociationEnd" isRoot="false" isLeaf="false" isAbstract="false" name="association" namespace="S.1" visibility="public" isSpecification="false"/>
    <UML:Stereotype xmi.id="S.18" baseClass="Class" isRoot="false" isLeaf="false" isAbstract="false" name="auxiliary" namespace="S.1" visibility="public" isSpecification="false"/>
    <UML:Stereotype xmi.id="S.19" baseClass="Flow" isRoot="false" isLeaf="false" isAbstract="false" name="become" namespace="S.1" visibility="public" isSpecification="false"/>
    <UML:Stereotype xmi.id="S.20" baseClass="Usage" isRoot="false" isLeaf="false" isAbstract="false" name="call" namespace="S.1" visibility="public" isSpecification="false"/>
    <UML:Stereotype xmi.id="S.21" baseClass="Flow" isRoot="false" isLeaf="false" isAbstract="false" name="copy" namespace="S.1" visibility="public" isSpecification="false"/>
    <UML:Stereotype xmi.id="S.22" baseClass="BehavioralFeature CallEvent Usage" isRoot="false" isLeaf="false" isAbstract="false" name="create" namespace="S.1" visibility="public" isSpecification="false"/>
    <UML:Stereotype xmi.id="S.23" baseClass="Abstraction" isRoot="false" isLeaf="false" isAbstract="false" name="derive" namespace="S.1" visibility="public" isSpecification="false"/>
    <UML:Stereotype xmi.id="S.24" baseClass="BehavioralFeature CallEvent" isRoot="false" isLeaf="false" isAbstract="false" name="destroy" namespace="S.1" visibility="public" isSpecification="false"/>
    <UML:Stereotype xmi.id="S.25" baseClass="Abstraction" isRoot="false" isLeaf="false" isAbstract="false" name="document" namespace="S.1" visibility="public" isSpecification="false"/>
    <UML:Stereotype xmi.id="S.26" baseClass="Abstraction" isRoot="false" isLeaf="false" isAbstract="false" name="executable" namespace="S.1" visibility="public" isSpecification="false"/>
    <UML:Stereotype xmi.id="S.27" baseClass="Package" isRoot="false" isLeaf="false" isAbstract="false" name="facade" namespace="S.1" visibility="public" isSpecification="false"/>
    <UML:Stereotype xmi.id="S.28" baseClass="Abstraction" isRoot="false" isLeaf="false" isAbstract="false" name="file" namespace="S.1" visibility="public" isSpecification="false"/>
    <UML:Stereotype xmi.id="S.29" baseClass="Class" isRoot="false" isLeaf="false" isAbstract="false" name="focus" namespace="S.1" visibility="public" isSpecification="false"/>
    <UML:Stereotype xmi.id="S.30" baseClass="Package" isRoot="false" isLeaf="false" isAbstract="false" name="framework" namespace="S.1" visibility="public" isSpecification="false"/>
    <UML:Stereotype xmi.id="S.31" baseClass="Permission" isRoot="false" isLeaf="false" isAbstract="false" name="friend" namespace="S.1" visibility="public" isSpecification="false"/>
    <UML:Stereotype xmi.id="S.32" baseClass="AssociationEnd" isRoot="false" isLeaf="false" isAbstract="false" name="global" namespace="S.1" visibility="public" isSpecification="false"/>
    <UML:Stereotype xmi.id="S.33" baseClass="Class Generalization" isRoot="false" isLeaf="false" isAbstract="false" name="implementation" namespace="S.1" visibility="public" isSpecification="false"/>
    <UML:Stereotype xmi.id="S.34" baseClass="Permission" isRoot="false" isLeaf="false" isAbstract="false" name="import" namespace="S.1" visibility="public" isSpecification="false"/>
    <UML:Stereotype xmi.id="S.35" baseClass="Usage" isRoot="false" isLeaf="false" isAbstract="false" name="instantiate" namespace="S.1" visibility="public" isSpecification="false"/>
    <UML:Stereotype xmi.id="S.36" baseClass="Constraint" isRoot="false" isLeaf="false" isAbstract="false" name="invariant" namespace="S.1" visibility="public" isSpecification="false"/>
    <UML:Stereotype xmi.id="S.37" baseClass="Abstraction" isRoot="false" isLeaf="false" isAbstract="false" name="library" namespace="S.1" visibility="public" isSpecification="false"/>
    <UML:Stereotype xmi.id="S.38" baseClass="AssociationEnd" isRoot="false" isLeaf="false" isAbstract="false" name="local" namespace="S.1" visibility="public" isSpecification="false"/>
    <UML:Stereotype xmi.id="S.39" baseClass="Class" isRoot="false" isLeaf="false" isAbstract="false" name="metaclass" namespace="S.1" visibility="public" isSpecification="false"/>
    <UML:Stereotype xmi.id="S.40" baseClass="Package" isRoot="false" isLeaf="false" isAbstract="false" name="metamodel" namespace="S.1" visibility="public" isSpecification="false"/>
    <UML:Stereotype xmi.id="S.41" baseClass="Package" isRoot="false" isLeaf="false" isAbstract="false" name="modelLibrary" namespace="S.1" visibility="public" isSpecification="false"/>
    <UML:Stereotype xmi.id="S.42" baseClass="AssociationEnd" isRoot="false" isLeaf="false" isAbstract="false" name="parameter" namespace="S.1" visibility="public" isSpecification="false"/>
    <UML:Stereotype xmi.id="S.43" baseClass="Constraint" isRoot="false" isLeaf="false" isAbstract="false" name="postcondition" namespace="S.1" visibility="public" isSpecification="false"/>
    <UML:Stereotype xmi.id="S.44" baseClass="Class" isRoot="false" isLeaf="false" isAbstract="false" name="powertype" namespace="S.1" visibility="public" isSpecification="false"/>
    <UML:Stereotype xmi.id="S.45" baseClass="Constraint" isRoot="false" isLeaf="false" isAbstract="false" name="precondition" namespace="S.1" visibility="public" isSpecification="false"/>
    <UML:Stereotype xmi.id="S.46" baseClass="Classifier" isRoot="false" isLeaf="false" isAbstract="false" name="process" namespace="S.1" visibility="public" isSpecification="false"/>
    <UML:Stereotype xmi.id="S.47" baseClass="Package" isRoot="false" isLeaf="false" isAbstract="false" name="profile" namespace="S.1" visibility="public" isSpecification="false"/>
    <UML:Stereotype xmi.id="S.48" baseClass="Abstraction" isRoot="false" isLeaf="false" isAbstract="false" name="realize" namespace="S.1" visibility="public" isSpecification="false"/>
    <UML:Stereotype xmi.id="S.49" baseClass="Abstraction" isRoot="false" isLeaf="false" isAbstract="false" name="refine" namespace="S.1" visibility="public" isSpecification="false"/>
    <UML:Stereotype xmi.id="S.50" baseClass="Comment" isRoot="false" isLeaf="false" isAbstract="false" name="requirement" namespace="S.1" visibility="public" isSpecification="false"/>
    <UML:Stereotype xmi.id="S.51" baseClass="Comment" isRoot="false" isLeaf="false" isAbstract="false" name="responsibility" namespace="S.1" visibility="public" isSpecification="false"/>
    <UML:Stereotype xmi.id="S.52" baseClass="AssociationEnd" isRoot="false" isLeaf="false" isAbstract="false" name="self" namespace="S.1" visibility="public" isSpecification="false"/>
    <UML:Stereotype xmi.id="S.53" baseClass="Usage" isRoot="false" isLeaf="false" isAbstract="false" name="send" namespace="S.1" visibility="public" isSpecification="false"/>
    <UML:Stereotype xmi.id="S.54" baseClass="ObjectFlowState" isRoot="false" isLeaf="false" isAbstract="false" name="signalflow" namespace="S.1" visibility="public" isSpecification="false"/>
    <UML:Stereotype xmi.id="S.55" baseClass="Abstraction" isRoot="false" isLeaf="false" isAbstract="false" name="source" namespace="S.1" visibility="public" isSpecification="false"/>
    <UML:Stereotype xmi.id="S.56" baseClass="Constraint" isRoot="false" isLeaf="false" isAbstract="false" name="stateInvariant" namespace="S.1" visibility="public" isSpecification="false"/>
    <UML:Stereotype xmi.id="S.57" baseClass="Package" isRoot="false" isLeaf="false" isAbstract="false" name="stub" namespace="S.1" visibility="public" isSpecification="false"/>
    <UML:Stereotype xmi.id="S.58" baseClass="Package" isRoot="false" isLeaf="false" isAbstract="false" name="systemModel" namespace="S.1" visibility="public" isSpecification="false"/>
    <UML:Stereotype xmi.id="S.59" baseClass="Abstraction" isRoot="false" isLeaf="false" isAbstract="false" name="table" namespace="S.1" visibility="public" isSpecification="false"/>
    <UML:Stereotype xmi.id="S.60" baseClass="Classifier" isRoot="false" isLeaf="false" isAbstract="false" name="thread" namespace="S.1" visibility="public" isSpecification="false"/>
    <UML:Stereotype xmi.id="S.61" baseClass="Package" isRoot="false" isLeaf="false" isAbstract="false" name="topLevel" namespace="S.1" visibility="public" isSpecification="false"/>
    <UML:Stereotype xmi.id="S.62" baseClass="Abstraction" isRoot="false" isLeaf="false" isAbstract="false" name="trace" namespace="S.1" visibility="public" isSpecification="false"/>
    <UML:Stereotype xmi.id="S.63" baseClass="Class" isRoot="false" isLeaf="false" isAbstract="false" name="type" namespace="S.1" visibility="public" isSpecification="false"/>
    <UML:Stereotype xmi.id="S.64" baseClass="Classifier" isRoot="false" isLeaf="false" isAbstract="false" name="utility" namespace="S.1" visibility="public" isSpecification="false"/>
    <UML:Stereotype xmi.id="S.65" baseClass="Classifier" isRoot="false" isLeaf="false" isAbstract="false" name="DTDChoice" namespace="S.1" visibility="public" isSpecification="false"/>
    <UML:Stereotype xmi.id="S.66" baseClass="Classifier" isRoot="false" isLeaf="false" isAbstract="false" name="DTDSequence" namespace="S.1" visibility="public" isSpecification="false"/>
    <UML:Stereotype xmi.id="S.67" baseClass="Classifier" isRoot="false" isLeaf="false" isAbstract="false" name="DTDMixed" namespace="S.1" visibility="public" isSpecification="false"/>
    <UML:Stereotype xmi.id="S.68" baseClass="Classifier" isRoot="false" isLeaf="false" isAbstract="false" name="DTDAny" namespace="S.1" visibility="public" isSpecification="false"/>
    <UML:Stereotype xmi.id="S.69" baseClass="Classifier" isRoot="false" isLeaf="false" isAbstract="false" name="DTDAnyElement" namespace="S.1" visibility="public" isSpecification="false"/>
    <UML:Stereotype xmi.id="S.70" baseClass="Classifier" isRoot="false" isLeaf="false" isAbstract="false" name="DTDEmptyElement" namespace="S.1" visibility="public" isSpecification="false"/>
    <UML:Stereotype xmi.id="S.71" baseClass="Classifier" isRoot="false" isLeaf="false" isAbstract="false" name="DTDElement" namespace="S.1" visibility="public" isSpecification="false"/>
    <UML:Stereotype xmi.id="S.72" baseClass="Classifier" isRoot="false" isLeaf="false" isAbstract="false" name="DTDUndefinedElement" namespace="S.1" visibility="public" isSpecification="false"/>
    <UML:Stereotype xmi.id="S.73" baseClass="Attribute" isRoot="false" isLeaf="false" isAbstract="false" name="DTDUndefinedAttribute" namespace="S.1" visibility="public" isSpecification="false"/>
    <UML:Stereotype xmi.id="S.74" baseClass="Association" isRoot="false" isLeaf="false" isAbstract="false" name="DTDUndefinedAssociation" namespace="S.1" visibility="public" isSpecification="false"/>
    <UML:Stereotype xmi.id="S.75" baseClass="Attribute" isRoot="false" isLeaf="false" isAbstract="false" name="CDATA" namespace="S.1" visibility="public" isSpecification="false"/>
    <UML:Stereotype xmi.id="S.76" baseClass="Attribute" isRoot="false" isLeaf="false" isAbstract="false" name="ID" namespace="S.1" visibility="public" isSpecification="false"/>
    <UML:Stereotype xmi.id="S.77" baseClass="Attribute" isRoot="false" isLeaf="false" isAbstract="false" name="IDREF" namespace="S.1" visibility="public" isSpecification="false"/>
    <UML:Stereotype xmi.id="S.78" baseClass="Attribute" isRoot="false" isLeaf="false" isAbstract="false" name="IDREFS" namespace="S.1" visibility="public" isSpecification="false"/>
    <UML:Stereotype xmi.id="S.79" baseClass="Attribute" isRoot="false" isLeaf="false" isAbstract="false" name="NMTOKEN" namespace="S.1" visibility="public" isSpecification="false"/>
    <UML:Stereotype xmi.id="S.80" baseClass="Attribute" isRoot="false" isLeaf="false" isAbstract="false" name="NMTOKENS" namespace="S.1" visibility="public" isSpecification="false"/>
    <UML:Stereotype xmi.id="S.81" baseClass="Attribute" isRoot="false" isLeaf="false" isAbstract="false" name="ENTITY" namespace="S.1" visibility="public" isSpecification="false"/>
    <UML:Stereotype xmi.id="S.82" baseClass="Attribute" isRoot="false" isLeaf="false" isAbstract="false" name="ENTITIES" namespace="S.1" visibility="public" isSpecification="false"/>
    <UML:Stereotype xmi.id="S.83" baseClass="Attribute" isRoot="false" isLeaf="false" isAbstract="false" name="NOTATION" namespace="S.1" visibility="public" isSpecification="false"/>
    <UML:Stereotype xmi.id="S.84" baseClass="Attribute" isRoot="false" isLeaf="false" isAbstract="false" name="REQUIRED" namespace="S.1" visibility="public" isSpecification="false"/>
    <UML:Stereotype xmi.id="S.85" baseClass="Attribute" isRoot="false" isLeaf="false" isAbstract="false" name="IMPLIED" namespace="S.1" visibility="public" isSpecification="false"/>
    <UML:Stereotype xmi.id="S.86" baseClass="Attribute" isRoot="false" isLeaf="false" isAbstract="false" name="FIXED" namespace="S.1" visibility="public" isSpecification="false"/>
    <UML:Stereotype xmi.id="S.87" baseClass="AttributeLink" isRoot="false" isLeaf="false" isAbstract="false" name="XMLMissingAttribute" namespace="S.1" visibility="public" isSpecification="false"/>
    <UML:Stereotype xmi.id="S.88" baseClass="AttributeLink" isRoot="false" isLeaf="false" isAbstract="false" name="XMLUnexpectedAttribute" namespace="S.1" visibility="public" isSpecification="false"/>
    <UML:Stereotype xmi.id="S.89" baseClass="Object" isRoot="false" isLeaf="false" isAbstract="false" name="XMLMissingElement" namespace="S.1" visibility="public" isSpecification="false"/>
    <UML:Stereotype xmi.id="S.90" baseClass="Object" isRoot="false" isLeaf="false" isAbstract="false" name="XMLUnexpectedElement" namespace="S.1" visibility="public" isSpecification="false"/>
    <UML:Stereotype xmi.id="S.91" baseClass="Link" isRoot="false" isLeaf="false" isAbstract="false" name="XMLMissingLink" namespace="S.1" visibility="public" isSpecification="false"/>
    <UML:Stereotype xmi.id="S.92" baseClass="Link" isRoot="false" isLeaf="false" isAbstract="false" name="XMLUnexpectedLink" namespace="S.1" visibility="public" isSpecification="false"/>
    <UML:TagDefinition xmi.id="S.93" tagType="Integer" name="sequence" namespace="S.1" visibility="public" isSpecification="false">
     <UML:TagDefinition.multiplicity>
      <UML:Multiplicity xmi.id="S.94"/>
     </UML:TagDefinition.multiplicity>
    </UML:TagDefinition>
    <UML:TagDefinition xmi.id="S.95" tagType="Integer" name="choice" namespace="S.1" visibility="public" isSpecification="false">
     <UML:TagDefinition.multiplicity>
      <UML:Multiplicity xmi.id="S.96"/>
     </UML:TagDefinition.multiplicity>
    </UML:TagDefinition>
    <UML:TagDefinition xmi.id="S.97" tagType="Integer" name="mixed" namespace="S.1" visibility="public" isSpecification="false">
     <UML:TagDefinition.multiplicity>
      <UML:Multiplicity xmi.id="S.98"/>
     </UML:TagDefinition.multiplicity>
    </UML:TagDefinition>
    <UML:TagDefinition xmi.id="S.99" tagType="Integer" name="any" namespace="S.1" visibility="public" isSpecification="false">
     <UML:TagDefinition.multiplicity>
      <UML:Multiplicity xmi.id="S.100"/>
     </UML:TagDefinition.multiplicity>
    </UML:TagDefinition>
    <UML:Class xmi.id="S.101" isActive="true" instance="S.102 S.103 S.104 S.105 S.106" name="node" namespace="S.1" isRoot="false" isLeaf="false" isAbstract="false" visibility="public" isSpecification="false">
     <UML:Classifier.feature>
      <UML:Attribute xmi.id="S.107" attributeLink="S.108 S.109 S.110 S.111 S.112" type="S.6" ordering="unordered" targetScope="instance" changeability="changeable" owner="S.101" visibility="protected" ownerScope="instance" name="name" isSpecification="false">
       <UML:Attribute.initialValue>
        <UML:Expression xmi.id="S.113" body=""/>
       </UML:Attribute.initialValue>
       <UML:StructuralFeature.multiplicity>
        <UML:Multiplicity xmi.id="S.114">
         <UML:Multiplicity.range>
          <UML:MultiplicityRange xmi.id="S.115" multiplicity="S.114" lower="1" upper="1"/>
         </UML:Multiplicity.range>
        </UML:Multiplicity>
       </UML:StructuralFeature.multiplicity>
      </UML:Attribute>
     </UML:Classifier.feature>
    </UML:Class>
    <UML:Association xmi.id="S.116" link="S.131 S.132 S.133 S.134" name="node_node" namespace="S.1" isRoot="false" isLeaf="false" isAbstract="false" visibility="public" isSpecification="false">
     <UML:Association.connection>
      <UML:AssociationEnd xmi.id="S.117" association="S.116" linkEnd="S.118 S.119 S.120 S.121" visibility="public" isNavigable="true" ordering="unordered" aggregation="none" targetScope="instance" changeability="changeable" type="S.101" name="son" isSpecification="false">
       <UML:AssociationEnd.multiplicity>
        <UML:Multiplicity xmi.id="S.122">
         <UML:Multiplicity.range>
          <UML:MultiplicityRange xmi.id="S.123" multiplicity="S.122" lower="0" upper="-1"/>
         </UML:Multiplicity.range>
        </UML:Multiplicity>
       </UML:AssociationEnd.multiplicity>
      </UML:AssociationEnd>
      <UML:AssociationEnd xmi.id="S.124" association="S.116" linkEnd="S.125 S.126 S.127 S.128" visibility="public" isNavigable="false" ordering="unordered" aggregation="none" targetScope="instance" changeability="changeable" type="S.101" name="father" isSpecification="false">
       <UML:AssociationEnd.multiplicity>
        <UML:Multiplicity xmi.id="S.129">
         <UML:Multiplicity.range>
          <UML:MultiplicityRange xmi.id="S.130" multiplicity="S.129" lower="0" upper="1"/>
         </UML:Multiplicity.range>
        </UML:Multiplicity>
       </UML:AssociationEnd.multiplicity>
      </UML:AssociationEnd>
     </UML:Association.connection>
    </UML:Association>
    <UML:Collaboration xmi.id="S.135" name="Collaboration" namespace="S.1" isRoot="false" isLeaf="false" isAbstract="false" visibility="public" isSpecification="false">
     <UML:Namespace.ownedElement>
      <UML:Object xmi.id="S.106" classifier="S.101" linkEnd="S.125 S.126 S.127" name="u1" namespace="S.135" visibility="public" isSpecification="false">
       <UML:Instance.slot>
        <UML:AttributeLink xmi.id="S.108" value="S.11" attribute="S.107" instance="S.106" name="name" visibility="private" isSpecification="false"/>
       </UML:Instance.slot>
      </UML:Object>
      <UML:Object xmi.id="S.103" classifier="S.101" linkEnd="S.118 S.128" name="u2" namespace="S.135" visibility="public" isSpecification="false">
       <UML:Instance.slot>
        <UML:AttributeLink xmi.id="S.109" value="S.8" attribute="S.107" instance="S.103" name="name" visibility="private" isSpecification="false"/>
       </UML:Instance.slot>
      </UML:Object>
      <UML:Object xmi.id="S.104" classifier="S.101" linkEnd="S.119" name="u3" namespace="S.135" visibility="public" isSpecification="false">
       <UML:Instance.slot>
        <UML:AttributeLink xmi.id="S.110" value="S.9" attribute="S.107" instance="S.104" name="name" visibility="private" isSpecification="false"/>
       </UML:Instance.slot>
      </UML:Object>
      <UML:Object xmi.id="S.102" classifier="S.101" linkEnd="S.120" name="u4" namespace="S.135" visibility="public" isSpecification="false">
       <UML:Instance.slot>
        <UML:AttributeLink xmi.id="S.111" value="S.7" attribute="S.107" instance="S.102" name="name" visibility="private" isSpecification="false"/>
       </UML:Instance.slot>
      </UML:Object>
      <UML:Object xmi.id="S.105" classifier="S.101" linkEnd="S.121" name="u21" namespace="S.135" visibility="public" isSpecification="false">
       <UML:Instance.slot>
        <UML:AttributeLink xmi.id="S.112" value="S.10" attribute="S.107" instance="S.105" name="name" visibility="private" isSpecification="false"/>
       </UML:Instance.slot>
      </UML:Object>
      <UML:Link xmi.id="S.131" association="S.116" name="node-node_link" namespace="S.135" visibility="public" isSpecification="false">
       <UML:Link.connection>
        <UML:LinkEnd xmi.id="S.118" instance="S.103" associationEnd="S.117" link="S.131" name="son" visibility="private" isSpecification="false"/>
        <UML:LinkEnd xmi.id="S.125" instance="S.106" associationEnd="S.124" link="S.131" name="father" visibility="private" isSpecification="false"/>
       </UML:Link.connection>
      </UML:Link>
      <UML:Link xmi.id="S.132" association="S.116" name="node-node_link1" namespace="S.135" visibility="public" isSpecification="false">
       <UML:Link.connection>
        <UML:LinkEnd xmi.id="S.119" instance="S.104" associationEnd="S.117" link="S.132" name="son" visibility="private" isSpecification="false"/>
        <UML:LinkEnd xmi.id="S.126" instance="S.106" associationEnd="S.124" link="S.132" name="father" visibility="private" isSpecification="false"/>
       </UML:Link.connection>
      </UML:Link>
      <UML:Link xmi.id="S.133" association="S.116" name="node-node_link2" namespace="S.135" visibility="public" isSpecification="false">
       <UML:Link.connection>
        <UML:LinkEnd xmi.id="S.120" instance="S.102" associationEnd="S.117" link="S.133" name="son" visibility="private" isSpecification="false"/>
        <UML:LinkEnd xmi.id="S.127" instance="S.106" associationEnd="S.124" link="S.133" name="father" visibility="private" isSpecification="false"/>
       </UML:Link.connection>
      </UML:Link>
      <UML:Link xmi.id="S.134" association="S.116" name="node-node_link3" namespace="S.135" visibility="public" isSpecification="false">
       <UML:Link.connection>
        <UML:LinkEnd xmi.id="S.121" instance="S.105" associationEnd="S.117" link="S.134" name="son" visibility="private" isSpecification="false"/>
        <UML:LinkEnd xmi.id="S.128" instance="S.103" associationEnd="S.124" link="S.134" name="father" visibility="private" isSpecification="false"/>
       </UML:Link.connection>
      </UML:Link>
     </UML:Namespace.ownedElement>
    </UML:Collaboration>
    <UML:Stereotype xmi.id="S.136" baseClass="Association" isRoot="false" isLeaf="false" isAbstract="false" name="DTDInvalidAssociation" namespace="S.1" visibility="public" isSpecification="false"/>
    <UML:Stereotype xmi.id="S.137" baseClass="Link" isRoot="false" isLeaf="false" isAbstract="false" name="XMLInvalidLink" namespace="S.1" visibility="public" isSpecification="false"/>
    <UML:Stereotype xmi.id="S.138" baseClass="Collaboration" isRoot="false" isLeaf="false" isAbstract="false" name="XMLObjectsCollaboration" namespace="S.1" visibility="public" isSpecification="false"/>
    <UML:DataValue xmi.id="S.7" classifier="S.6" attributeLink="S.111" name="abc" namespace="S.1" visibility="public" isSpecification="false"/>
    <UML:DataValue xmi.id="S.8" classifier="S.6" attributeLink="S.109" name="DEF" namespace="S.1" visibility="public" isSpecification="false"/>
    <UML:DataValue xmi.id="S.9" classifier="S.6" attributeLink="S.110" name="ghi" namespace="S.1" visibility="public" isSpecification="false"/>
    <UML:DataValue xmi.id="S.10" classifier="S.6" attributeLink="S.112" name="mnp" namespace="S.1" visibility="public" isSpecification="false"/>
    <UML:DataValue xmi.id="S.11" classifier="S.6" attributeLink="S.108" name="ABC" namespace="S.1" visibility="public" isSpecification="false"/>
   </UML:Namespace.ownedElement>
  </UML:Model>
  <UML:DataValue xmi.id="S.13" classifier="S.12" name="&lt;undefined&gt;" visibility="private" isSpecification="false"/>
 </XMI.content>
</XMI>
