<?xml version="1.0" encoding="UTF-8"?>
<XMI xmlns:UML="//org.omg/UML/1.3" xmlns:GXML="//lci.cs.ubbcluj.ro/gxml" xmi.version="1.1">
    <XMI.header>
        <XMI.documentation>
            <XMI.exporter>ocle 2.0</XMI.exporter>
            <XMI.exporterVersion>1.0</XMI.exporterVersion>
        </XMI.documentation>
        <XMI.metamodel xmi.name="GXAPI" xmi.version="0.1"/>
    </XMI.header>
    <XMI.content>
        <GXML:ClassDiagram xmi.id="S.1" name="Main" background="java.awt.Color[r=255,g=255,b=153]" gridVisible="false" isLocked="false">
            <GXML:ClassDiagram.owner>
                <UML:Model xml:link="simple" href="../Company_Example.xml|S.1"/>
            </GXML:ClassDiagram.owner>
            <GXML:ClassDiagram.flat>
                <GXML:ClassCell xmi.id="S.2" isInterface="false" isFiltered="true" hasAutoR="false" showPackage="false" children="S.7" allowsChildren="true">
                    <GXML:ClassCell.property>
                        <GXML:ClassGProperty xmi.id="S.3" fillColor="java.awt.Color[r=0,g=255,b=255]" titlefontSize="14" bodyfontSize="13" outlineColor="java.awt.Color[r=0,g=0,b=0]" outlineWidth="1" selectionColor="java.awt.Color[r=255,g=0,b=0]"/>
                    </GXML:ClassCell.property>
                    <GXML:ClassCell.filter>
                        <GXML:ClassFilter xmi.id="S.4">
                            <GXML:ClassFilter.map>
                                <GXML:HashtableStrings xmi.id="S.5" keys="m_pac a_pub stereotype a_pro a_pac a_pri msignature m_pro m_pub m_pri" values="true true true true true true false true true true"/>
                            </GXML:ClassFilter.map>
                        </GXML:ClassFilter>
                    </GXML:ClassCell.filter>
                    <GXML:DefaultGraphCell.attributes>
                        <GXML:HashtableStrings xmi.id="S.6" keys="moveable" values="true">
                            <GXML:HashtableStrings.value>
                                <UML:AssociationClass xml:link="simple" href="../Company_Example.xml|S.92"/>
                            </GXML:HashtableStrings.value>
                        </GXML:HashtableStrings>
                    </GXML:DefaultGraphCell.attributes>
                    <GXML:DefaultMutableTreeNode.userObject>
                        <UML:AssociationClass xml:link="simple" href="../Company_Example.xml|S.92"/>
                    </GXML:DefaultMutableTreeNode.userObject>
                </GXML:ClassCell>
                <GXML:SpecialPort xmi.id="S.8" parent="S.10" allowsChildren="false">
                    <GXML:DefaultGraphCell.attributes>
                        <GXML:HashtableStrings xmi.id="S.9"/>
                    </GXML:DefaultGraphCell.attributes>
                </GXML:SpecialPort>
                <GXML:ClassCell xmi.id="S.11" isInterface="false" isFiltered="false" hasAutoR="false" showPackage="false" children="S.16" allowsChildren="true">
                    <GXML:ClassCell.property>
                        <GXML:ClassGProperty xmi.id="S.12" fillColor="java.awt.Color[r=255,g=200,b=0]" titlefontSize="14" bodyfontSize="13" outlineColor="java.awt.Color[r=0,g=0,b=0]" outlineWidth="1" selectionColor="java.awt.Color[r=255,g=0,b=0]"/>
                    </GXML:ClassCell.property>
                    <GXML:ClassCell.filter>
                        <GXML:ClassFilter xmi.id="S.13">
                            <GXML:ClassFilter.map>
                                <GXML:HashtableStrings xmi.id="S.14" keys="m_pac a_pub stereotype a_pro a_pac a_pri msignature m_pro m_pub m_pri" values="true true true true true true true true true true"/>
                            </GXML:ClassFilter.map>
                        </GXML:ClassFilter>
                    </GXML:ClassCell.filter>
                    <GXML:DefaultGraphCell.attributes>
                        <GXML:HashtableStrings xmi.id="S.15" keys="moveable" values="true">
                            <GXML:HashtableStrings.value>
                                <UML:Class xml:link="simple" href="../Company_Example.xml|S.349"/>
                            </GXML:HashtableStrings.value>
                        </GXML:HashtableStrings>
                    </GXML:DefaultGraphCell.attributes>
                    <GXML:DefaultMutableTreeNode.userObject>
                        <UML:Class xml:link="simple" href="../Company_Example.xml|S.349"/>
                    </GXML:DefaultMutableTreeNode.userObject>
                </GXML:ClassCell>
                <GXML:DefaultGraphCell xmi.id="S.17" userObjectString="0..*" allowsChildren="true">
                    <GXML:DefaultGraphCell.attributes>
                        <GXML:HashtableStrings xmi.id="S.18" keys="moveable value" values="true 0..*"/>
                    </GXML:DefaultGraphCell.attributes>
                </GXML:DefaultGraphCell>
                <GXML:SpecialPort xmi.id="S.19" parent="S.21" allowsChildren="false">
                    <GXML:DefaultGraphCell.attributes>
                        <GXML:HashtableStrings xmi.id="S.20"/>
                    </GXML:DefaultGraphCell.attributes>
                </GXML:SpecialPort>
                <GXML:SpecialEdge xmi.id="S.22" isRouted="false" source="S.23" target="S.24" children="S.26" allowsChildren="true">
                    <GXML:DefaultGraphCell.attributes>
                        <GXML:HashtableStrings xmi.id="S.25" keys="endsize dashPattern editable linewidth beginSize" values="18 [3.0,0.0,3.0] false 1.0 18">
                            <GXML:HashtableStrings.value>
                                <UML:AssociationClass xml:link="simple" href="../Company_Example.xml|S.112"/>
                            </GXML:HashtableStrings.value>
                        </GXML:HashtableStrings>
                    </GXML:DefaultGraphCell.attributes>
                    <GXML:DefaultMutableTreeNode.userObject>
                        <UML:AssociationClass xml:link="simple" href="../Company_Example.xml|S.112"/>
                    </GXML:DefaultMutableTreeNode.userObject>
                </GXML:SpecialEdge>
                <GXML:SpecialPort xmi.id="S.27" parent="S.29" allowsChildren="false">
                    <GXML:DefaultGraphCell.attributes>
                        <GXML:HashtableStrings xmi.id="S.28"/>
                    </GXML:DefaultGraphCell.attributes>
                </GXML:SpecialPort>
                <GXML:SpecialPort xmi.id="S.30" parent="S.32" allowsChildren="false">
                    <GXML:DefaultGraphCell.attributes>
                        <GXML:HashtableStrings xmi.id="S.31"/>
                    </GXML:DefaultGraphCell.attributes>
                </GXML:SpecialPort>
                <GXML:DefaultGraphCell xmi.id="S.33" userObjectString="0..*" allowsChildren="true">
                    <GXML:DefaultGraphCell.attributes>
                        <GXML:HashtableStrings xmi.id="S.34" keys="moveable value" values="true 0..*"/>
                    </GXML:DefaultGraphCell.attributes>
                </GXML:DefaultGraphCell>
                <GXML:DefaultGraphCell xmi.id="S.35" userObjectString="+managedCompanies" allowsChildren="true">
                    <GXML:DefaultGraphCell.attributes>
                        <GXML:HashtableStrings xmi.id="S.36" keys="moveable value" values="true +managedCompanies"/>
                    </GXML:DefaultGraphCell.attributes>
                </GXML:DefaultGraphCell>
                <GXML:DefaultGraphCell xmi.id="S.37" userObjectString="0..1" allowsChildren="true">
                    <GXML:DefaultGraphCell.attributes>
                        <GXML:HashtableStrings xmi.id="S.38" keys="moveable value" values="true 0..1"/>
                    </GXML:DefaultGraphCell.attributes>
                </GXML:DefaultGraphCell>
                <GXML:DefaultGraphCell xmi.id="S.39" userObjectString="0..1" allowsChildren="true">
                    <GXML:DefaultGraphCell.attributes>
                        <GXML:HashtableStrings xmi.id="S.40" keys="moveable value" values="true 0..1"/>
                    </GXML:DefaultGraphCell.attributes>
                </GXML:DefaultGraphCell>
                <GXML:ClassCell xmi.id="S.10" isInterface="false" isFiltered="false" hasAutoR="false" showPackage="false" children="S.8" allowsChildren="true">
                    <GXML:ClassCell.property>
                        <GXML:ClassGProperty xmi.id="S.41" fillColor="java.awt.Color[r=255,g=200,b=0]" titlefontSize="14" bodyfontSize="13" outlineColor="java.awt.Color[r=0,g=0,b=0]" outlineWidth="1" selectionColor="java.awt.Color[r=255,g=0,b=0]"/>
                    </GXML:ClassCell.property>
                    <GXML:ClassCell.filter>
                        <GXML:ClassFilter xmi.id="S.42">
                            <GXML:ClassFilter.map>
                                <GXML:HashtableStrings xmi.id="S.43" keys="m_pac a_pub stereotype a_pro a_pac a_pri msignature m_pro m_pub m_pri" values="true true true true true true true true true true"/>
                            </GXML:ClassFilter.map>
                        </GXML:ClassFilter>
                    </GXML:ClassCell.filter>
                    <GXML:DefaultGraphCell.attributes>
                        <GXML:HashtableStrings xmi.id="S.44" keys="moveable" values="true">
                            <GXML:HashtableStrings.value>
                                <UML:Class xml:link="simple" href="../Company_Example.xml|S.12"/>
                            </GXML:HashtableStrings.value>
                        </GXML:HashtableStrings>
                    </GXML:DefaultGraphCell.attributes>
                    <GXML:DefaultMutableTreeNode.userObject>
                        <UML:Class xml:link="simple" href="../Company_Example.xml|S.12"/>
                    </GXML:DefaultMutableTreeNode.userObject>
                </GXML:ClassCell>
                <GXML:SpecialPort xmi.id="S.45" parent="S.47" allowsChildren="false">
                    <GXML:DefaultGraphCell.attributes>
                        <GXML:HashtableStrings xmi.id="S.46"/>
                    </GXML:DefaultGraphCell.attributes>
                </GXML:SpecialPort>
                <GXML:ClassCell xmi.id="S.21" isInterface="false" isFiltered="false" hasAutoR="true" showPackage="false" children="S.52 S.19" allowsChildren="true">
                    <GXML:ClassCell.property>
                        <GXML:ClassGProperty xmi.id="S.48" fillColor="java.awt.Color[r=128,g=128,b=128]" titlefontSize="14" bodyfontSize="13" outlineColor="java.awt.Color[r=0,g=0,b=0]" outlineWidth="1" selectionColor="java.awt.Color[r=255,g=0,b=0]"/>
                    </GXML:ClassCell.property>
                    <GXML:ClassCell.filter>
                        <GXML:ClassFilter xmi.id="S.49">
                            <GXML:ClassFilter.map>
                                <GXML:HashtableStrings xmi.id="S.50" keys="m_pac a_pub stereotype a_pro a_pac a_pri msignature m_pro m_pub m_pri" values="true true true true true true true true true true"/>
                            </GXML:ClassFilter.map>
                        </GXML:ClassFilter>
                    </GXML:ClassCell.filter>
                    <GXML:DefaultGraphCell.attributes>
                        <GXML:HashtableStrings xmi.id="S.51" keys="moveable" values="true">
                            <GXML:HashtableStrings.value>
                                <UML:Class xml:link="simple" href="../Company_Example.xml|S.66"/>
                            </GXML:HashtableStrings.value>
                        </GXML:HashtableStrings>
                    </GXML:DefaultGraphCell.attributes>
                    <GXML:DefaultMutableTreeNode.userObject>
                        <UML:Class xml:link="simple" href="../Company_Example.xml|S.66"/>
                    </GXML:DefaultMutableTreeNode.userObject>
                </GXML:ClassCell>
                <GXML:ClassCell xmi.id="S.53" isInterface="false" isFiltered="false" hasAutoR="false" showPackage="false" children="S.58" allowsChildren="true">
                    <GXML:ClassCell.property>
                        <GXML:ClassGProperty xmi.id="S.54" fillColor="java.awt.Color[r=0,g=255,b=0]" titlefontSize="14" bodyfontSize="13" outlineColor="java.awt.Color[r=0,g=0,b=0]" outlineWidth="1" selectionColor="java.awt.Color[r=255,g=0,b=0]"/>
                    </GXML:ClassCell.property>
                    <GXML:ClassCell.filter>
                        <GXML:ClassFilter xmi.id="S.55">
                            <GXML:ClassFilter.map>
                                <GXML:HashtableStrings xmi.id="S.56" keys="m_pac a_pub stereotype a_pro a_pac a_pri msignature m_pro m_pub m_pri" values="true true true true true true true true true true"/>
                            </GXML:ClassFilter.map>
                        </GXML:ClassFilter>
                    </GXML:ClassCell.filter>
                    <GXML:DefaultGraphCell.attributes>
                        <GXML:HashtableStrings xmi.id="S.57" keys="moveable" values="true">
                            <GXML:HashtableStrings.value>
                                <UML:Class xml:link="simple" href="../Company_Example.xml|S.237"/>
                            </GXML:HashtableStrings.value>
                        </GXML:HashtableStrings>
                    </GXML:DefaultGraphCell.attributes>
                    <GXML:DefaultMutableTreeNode.userObject>
                        <UML:Class xml:link="simple" href="../Company_Example.xml|S.237"/>
                    </GXML:DefaultMutableTreeNode.userObject>
                </GXML:ClassCell>
                <GXML:DefaultGraphCell xmi.id="S.59" userObjectString="0..*" allowsChildren="true">
                    <GXML:DefaultGraphCell.attributes>
                        <GXML:HashtableStrings xmi.id="S.60" keys="moveable value" values="true 0..*"/>
                    </GXML:DefaultGraphCell.attributes>
                </GXML:DefaultGraphCell>
                <GXML:DefaultGraphCell xmi.id="S.61" userObjectString="+employer" allowsChildren="true">
                    <GXML:DefaultGraphCell.attributes>
                        <GXML:HashtableStrings xmi.id="S.62" keys="moveable value" values="true +employer"/>
                    </GXML:DefaultGraphCell.attributes>
                </GXML:DefaultGraphCell>
                <GXML:DefaultGraphCell xmi.id="S.63" userObjectString="+manager" allowsChildren="true">
                    <GXML:DefaultGraphCell.attributes>
                        <GXML:HashtableStrings xmi.id="S.64" keys="moveable value" values="true +manager"/>
                    </GXML:DefaultGraphCell.attributes>
                </GXML:DefaultGraphCell>
                <GXML:DefaultGraphCell xmi.id="S.65" userObjectString="+bosses" allowsChildren="true">
                    <GXML:DefaultGraphCell.attributes>
                        <GXML:HashtableStrings xmi.id="S.66" keys="moveable value" values="true +bosses"/>
                    </GXML:DefaultGraphCell.attributes>
                </GXML:DefaultGraphCell>
                <GXML:DefaultGraphCell xmi.id="S.67" userObjectString="+customer" allowsChildren="true">
                    <GXML:DefaultGraphCell.attributes>
                        <GXML:HashtableStrings xmi.id="S.68" keys="moveable value" values="true +customer"/>
                    </GXML:DefaultGraphCell.attributes>
                </GXML:DefaultGraphCell>
                <GXML:DefaultGraphCell xmi.id="S.69" userObjectString="+husband" allowsChildren="true">
                    <GXML:DefaultGraphCell.attributes>
                        <GXML:HashtableStrings xmi.id="S.70" keys="moveable value" values="true +husband"/>
                    </GXML:DefaultGraphCell.attributes>
                </GXML:DefaultGraphCell>
                <GXML:SpecialPort xmi.id="S.71" parent="S.73" allowsChildren="false">
                    <GXML:DefaultGraphCell.attributes>
                        <GXML:HashtableStrings xmi.id="S.72"/>
                    </GXML:DefaultGraphCell.attributes>
                </GXML:SpecialPort>
                <GXML:SpecialPort xmi.id="S.74" parent="S.76" allowsChildren="false">
                    <GXML:DefaultGraphCell.attributes>
                        <GXML:HashtableStrings xmi.id="S.75"/>
                    </GXML:DefaultGraphCell.attributes>
                </GXML:SpecialPort>
                <GXML:SpecialPort xmi.id="S.77" parent="S.79" allowsChildren="false">
                    <GXML:DefaultGraphCell.attributes>
                        <GXML:HashtableStrings xmi.id="S.78"/>
                    </GXML:DefaultGraphCell.attributes>
                </GXML:SpecialPort>
                <GXML:DefaultGraphCell xmi.id="S.80" userObjectString="+wife" allowsChildren="true">
                    <GXML:DefaultGraphCell.attributes>
                        <GXML:HashtableStrings xmi.id="S.81" keys="moveable value" values="true +wife"/>
                    </GXML:DefaultGraphCell.attributes>
                </GXML:DefaultGraphCell>
                <GXML:ClassCell xmi.id="S.32" isInterface="false" isFiltered="true" hasAutoR="true" showPackage="false" children="S.30 S.86" allowsChildren="true">
                    <GXML:ClassCell.property>
                        <GXML:ClassGProperty xmi.id="S.82" fillColor="java.awt.Color[r=255,g=200,b=0]" titlefontSize="14" bodyfontSize="13" outlineColor="java.awt.Color[r=0,g=0,b=0]" outlineWidth="1" selectionColor="java.awt.Color[r=255,g=0,b=0]"/>
                    </GXML:ClassCell.property>
                    <GXML:ClassCell.filter>
                        <GXML:ClassFilter xmi.id="S.83">
                            <GXML:ClassFilter.map>
                                <GXML:HashtableStrings xmi.id="S.84" keys="m_pac a_pub stereotype a_pro a_pac a_pri msignature m_pro m_pub m_pri" values="true true true true true true false true true true"/>
                            </GXML:ClassFilter.map>
                        </GXML:ClassFilter>
                    </GXML:ClassCell.filter>
                    <GXML:DefaultGraphCell.attributes>
                        <GXML:HashtableStrings xmi.id="S.85" keys="moveable" values="true">
                            <GXML:HashtableStrings.value>
                                <UML:Class xml:link="simple" href="../Company_Example.xml|S.19"/>
                            </GXML:HashtableStrings.value>
                        </GXML:HashtableStrings>
                    </GXML:DefaultGraphCell.attributes>
                    <GXML:DefaultMutableTreeNode.userObject>
                        <UML:Class xml:link="simple" href="../Company_Example.xml|S.19"/>
                    </GXML:DefaultMutableTreeNode.userObject>
                </GXML:ClassCell>
                <GXML:DefaultGraphCell xmi.id="S.87" userObjectString="0..*" allowsChildren="true">
                    <GXML:DefaultGraphCell.attributes>
                        <GXML:HashtableStrings xmi.id="S.88" keys="moveable value" values="true 0..*"/>
                    </GXML:DefaultGraphCell.attributes>
                </GXML:DefaultGraphCell>
                <GXML:DefaultGraphCell xmi.id="S.89" userObjectString="0..*" allowsChildren="true">
                    <GXML:DefaultGraphCell.attributes>
                        <GXML:HashtableStrings xmi.id="S.90" keys="moveable value" values="true 0..*"/>
                    </GXML:DefaultGraphCell.attributes>
                </GXML:DefaultGraphCell>
                <GXML:DefaultGraphCell xmi.id="S.91" userObjectString="+employees" allowsChildren="true">
                    <GXML:DefaultGraphCell.attributes>
                        <GXML:HashtableStrings xmi.id="S.92" keys="moveable value" values="true +employees"/>
                    </GXML:DefaultGraphCell.attributes>
                </GXML:DefaultGraphCell>
                <GXML:SpecialPort xmi.id="S.93" parent="S.95" allowsChildren="false">
                    <GXML:DefaultGraphCell.attributes>
                        <GXML:HashtableStrings xmi.id="S.94"/>
                    </GXML:DefaultGraphCell.attributes>
                </GXML:SpecialPort>
                <GXML:SpecialPort xmi.id="S.24" parent="S.97" allowsChildren="false">
                    <GXML:DefaultGraphCell.attributes>
                        <GXML:HashtableStrings xmi.id="S.96"/>
                    </GXML:DefaultGraphCell.attributes>
                </GXML:SpecialPort>
                <GXML:ClassCell xmi.id="S.76" isInterface="false" isFiltered="true" hasAutoR="false" showPackage="false" children="S.74" allowsChildren="true">
                    <GXML:ClassCell.property>
                        <GXML:ClassGProperty xmi.id="S.98" fillColor="java.awt.Color[r=255,g=255,b=0]" titlefontSize="14" bodyfontSize="13" outlineColor="java.awt.Color[r=0,g=0,b=0]" outlineWidth="1" selectionColor="java.awt.Color[r=255,g=0,b=0]"/>
                    </GXML:ClassCell.property>
                    <GXML:ClassCell.filter>
                        <GXML:ClassFilter xmi.id="S.99">
                            <GXML:ClassFilter.map>
                                <GXML:HashtableStrings xmi.id="S.100" keys="m_pac a_pub stereotype a_pro a_pac a_pri msignature m_pro m_pub m_pri" values="true true true true true true false true true true"/>
                            </GXML:ClassFilter.map>
                        </GXML:ClassFilter>
                    </GXML:ClassCell.filter>
                    <GXML:DefaultGraphCell.attributes>
                        <GXML:HashtableStrings xmi.id="S.101" keys="moveable" values="true">
                            <GXML:HashtableStrings.value>
                                <UML:AssociationClass xml:link="simple" href="../Company_Example.xml|S.123"/>
                            </GXML:HashtableStrings.value>
                        </GXML:HashtableStrings>
                    </GXML:DefaultGraphCell.attributes>
                    <GXML:DefaultMutableTreeNode.userObject>
                        <UML:AssociationClass xml:link="simple" href="../Company_Example.xml|S.123"/>
                    </GXML:DefaultMutableTreeNode.userObject>
                </GXML:ClassCell>
                <GXML:SpecialPort xmi.id="S.86" parent="S.32" allowsChildren="false">
                    <GXML:DefaultGraphCell.attributes>
                        <GXML:HashtableStrings xmi.id="S.102" keys="offset" values="java.awt.Point[x=500,y=0]"/>
                    </GXML:DefaultGraphCell.attributes>
                </GXML:SpecialPort>
                <GXML:SpecialPort xmi.id="S.103" parent="S.105" allowsChildren="false">
                    <GXML:DefaultGraphCell.attributes>
                        <GXML:HashtableStrings xmi.id="S.104"/>
                    </GXML:DefaultGraphCell.attributes>
                </GXML:SpecialPort>
                <GXML:SpecialPort xmi.id="S.52" parent="S.21" allowsChildren="false">
                    <GXML:DefaultGraphCell.attributes>
                        <GXML:HashtableStrings xmi.id="S.106" keys="offset" values="java.awt.Point[x=500,y=0]"/>
                    </GXML:DefaultGraphCell.attributes>
                </GXML:SpecialPort>
                <GXML:DefaultGraphCell xmi.id="S.107" userObjectString="+bank" allowsChildren="true">
                    <GXML:DefaultGraphCell.attributes>
                        <GXML:HashtableStrings xmi.id="S.108" keys="moveable value" values="true +bank"/>
                    </GXML:DefaultGraphCell.attributes>
                </GXML:DefaultGraphCell>
                <GXML:DefaultGraphCell xmi.id="S.109" userObjectString="+employee" allowsChildren="true">
                    <GXML:DefaultGraphCell.attributes>
                        <GXML:HashtableStrings xmi.id="S.110" keys="moveable value" values="true +employee"/>
                    </GXML:DefaultGraphCell.attributes>
                </GXML:DefaultGraphCell>
                <GXML:ClassCell xmi.id="S.111" isInterface="false" isFiltered="true" hasAutoR="false" showPackage="false" children="S.23" allowsChildren="true">
                    <GXML:ClassCell.property>
                        <GXML:ClassGProperty xmi.id="S.112" fillColor="java.awt.Color[r=255,g=175,b=175]" titlefontSize="14" bodyfontSize="13" outlineColor="java.awt.Color[r=0,g=0,b=0]" outlineWidth="1" selectionColor="java.awt.Color[r=255,g=0,b=0]"/>
                    </GXML:ClassCell.property>
                    <GXML:ClassCell.filter>
                        <GXML:ClassFilter xmi.id="S.113">
                            <GXML:ClassFilter.map>
                                <GXML:HashtableStrings xmi.id="S.114" keys="m_pac a_pub stereotype a_pro a_pac a_pri msignature m_pro m_pub m_pri" values="true true true true true true false true true true"/>
                            </GXML:ClassFilter.map>
                        </GXML:ClassFilter>
                    </GXML:ClassCell.filter>
                    <GXML:DefaultGraphCell.attributes>
                        <GXML:HashtableStrings xmi.id="S.115" keys="moveable" values="true">
                            <GXML:HashtableStrings.value>
                                <UML:AssociationClass xml:link="simple" href="../Company_Example.xml|S.112"/>
                            </GXML:HashtableStrings.value>
                        </GXML:HashtableStrings>
                    </GXML:DefaultGraphCell.attributes>
                    <GXML:DefaultMutableTreeNode.userObject>
                        <UML:AssociationClass xml:link="simple" href="../Company_Example.xml|S.112"/>
                    </GXML:DefaultMutableTreeNode.userObject>
                </GXML:ClassCell>
                <GXML:SpecialPort xmi.id="S.16" parent="S.11" allowsChildren="false">
                    <GXML:DefaultGraphCell.attributes>
                        <GXML:HashtableStrings xmi.id="S.116"/>
                    </GXML:DefaultGraphCell.attributes>
                </GXML:SpecialPort>
                <GXML:SpecialPort xmi.id="S.58" parent="S.53" allowsChildren="false">
                    <GXML:DefaultGraphCell.attributes>
                        <GXML:HashtableStrings xmi.id="S.117"/>
                    </GXML:DefaultGraphCell.attributes>
                </GXML:SpecialPort>
                <GXML:SpecialPort xmi.id="S.26" parent="S.22" allowsChildren="false">
                    <GXML:DefaultGraphCell.attributes>
                        <GXML:HashtableStrings xmi.id="S.118"/>
                    </GXML:DefaultGraphCell.attributes>
                </GXML:SpecialPort>
                <GXML:SpecialPort xmi.id="S.119" parent="S.121" allowsChildren="false">
                    <GXML:DefaultGraphCell.attributes>
                        <GXML:HashtableStrings xmi.id="S.120"/>
                    </GXML:DefaultGraphCell.attributes>
                </GXML:SpecialPort>
                <GXML:SpecialPort xmi.id="S.23" parent="S.111" allowsChildren="false">
                    <GXML:DefaultGraphCell.attributes>
                        <GXML:HashtableStrings xmi.id="S.122"/>
                    </GXML:DefaultGraphCell.attributes>
                </GXML:SpecialPort>
                <GXML:SpecialPort xmi.id="S.7" parent="S.2" allowsChildren="false">
                    <GXML:DefaultGraphCell.attributes>
                        <GXML:HashtableStrings xmi.id="S.123"/>
                    </GXML:DefaultGraphCell.attributes>
                </GXML:SpecialPort>
                <GXML:DefaultGraphCell xmi.id="S.124" userObjectString="1..*" allowsChildren="true">
                    <GXML:DefaultGraphCell.attributes>
                        <GXML:HashtableStrings xmi.id="S.125" keys="moveable value" values="true 1..*"/>
                    </GXML:DefaultGraphCell.attributes>
                </GXML:DefaultGraphCell>
                <GXML:DefaultGraphCell xmi.id="S.126" userObjectString="0..1" allowsChildren="true">
                    <GXML:DefaultGraphCell.attributes>
                        <GXML:HashtableStrings xmi.id="S.127" keys="moveable value" values="true 0..1"/>
                    </GXML:DefaultGraphCell.attributes>
                </GXML:DefaultGraphCell>
                <GXML:SpecialPort xmi.id="S.128" parent="S.130" allowsChildren="false">
                    <GXML:DefaultGraphCell.attributes>
                        <GXML:HashtableStrings xmi.id="S.129"/>
                    </GXML:DefaultGraphCell.attributes>
                </GXML:SpecialPort>
                <GXML:SpecialPort xmi.id="S.131" parent="S.133" allowsChildren="false">
                    <GXML:DefaultGraphCell.attributes>
                        <GXML:HashtableStrings xmi.id="S.132"/>
                    </GXML:DefaultGraphCell.attributes>
                </GXML:SpecialPort>
                <GXML:DefaultGraphCell xmi.id="S.134" userObjectString="1..*" allowsChildren="true">
                    <GXML:DefaultGraphCell.attributes>
                        <GXML:HashtableStrings xmi.id="S.135" keys="moveable value" values="true 1..*"/>
                    </GXML:DefaultGraphCell.attributes>
                </GXML:DefaultGraphCell>
                <GXML:SpecialEdge xmi.id="S.121" labels="S.89 S.35 S.124 S.63" isRouted="false" source="S.8" target="S.30" children="S.119" allowsChildren="true">
                    <GXML:DefaultGraphCell.attributes>
                        <GXML:HashtableStrings xmi.id="S.136" keys="beginSize bendable editable lineEnd lineBegin linewidth endsize moveable" values="18 true false 0 0 1.0 18 true">
                            <GXML:HashtableStrings.value>
                                <UML:Association xml:link="simple" href="../Company_Example.xml|S.5"/>
                            </GXML:HashtableStrings.value>
                        </GXML:HashtableStrings>
                    </GXML:DefaultGraphCell.attributes>
                    <GXML:DefaultMutableTreeNode.userObject>
                        <UML:Association xml:link="simple" href="../Company_Example.xml|S.5"/>
                    </GXML:DefaultMutableTreeNode.userObject>
                </GXML:SpecialEdge>
                <GXML:SpecialEdge xmi.id="S.79" labels="S.65 S.87 S.59 S.91" isRouted="false" source="S.19" target="S.52" children="S.77" allowsChildren="true">
                    <GXML:DefaultGraphCell.attributes>
                        <GXML:HashtableStrings xmi.id="S.137" keys="endsize editable linewidth bendable moveable lineEnd beginSize" values="18 false 1.0 true true 0 18">
                            <GXML:HashtableStrings.value>
                                <UML:AssociationClass xml:link="simple" href="../Company_Example.xml|S.123"/>
                            </GXML:HashtableStrings.value>
                        </GXML:HashtableStrings>
                    </GXML:DefaultGraphCell.attributes>
                    <GXML:DefaultMutableTreeNode.userObject>
                        <UML:AssociationClass xml:link="simple" href="../Company_Example.xml|S.123"/>
                    </GXML:DefaultMutableTreeNode.userObject>
                </GXML:SpecialEdge>
                <GXML:SpecialEdge xmi.id="S.29" isRouted="false" source="S.8" target="S.16" children="S.27" allowsChildren="true">
                    <GXML:DefaultGraphCell.attributes>
                        <GXML:HashtableStrings xmi.id="S.138" keys="endsize editable linewidth bendable moveable lineEnd beginSize" values="18 false 1.0 true true 2 18">
                            <GXML:HashtableStrings.value>
                                <UML:Generalization xml:link="simple" href="../Company_Example.xml|S.398"/>
                            </GXML:HashtableStrings.value>
                        </GXML:HashtableStrings>
                    </GXML:DefaultGraphCell.attributes>
                    <GXML:DefaultMutableTreeNode.userObject>
                        <UML:Generalization xml:link="simple" href="../Company_Example.xml|S.398"/>
                    </GXML:DefaultMutableTreeNode.userObject>
                </GXML:SpecialEdge>
                <GXML:SpecialEdge xmi.id="S.73" isRouted="false" source="S.58" target="S.16" children="S.71" allowsChildren="true">
                    <GXML:DefaultGraphCell.attributes>
                        <GXML:HashtableStrings xmi.id="S.139" keys="endsize editable linewidth bendable moveable lineEnd beginSize" values="18 false 1.0 true true 2 18">
                            <GXML:HashtableStrings.value>
                                <UML:Generalization xml:link="simple" href="../Company_Example.xml|S.387"/>
                            </GXML:HashtableStrings.value>
                        </GXML:HashtableStrings>
                    </GXML:DefaultGraphCell.attributes>
                    <GXML:DefaultMutableTreeNode.userObject>
                        <UML:Generalization xml:link="simple" href="../Company_Example.xml|S.387"/>
                    </GXML:DefaultMutableTreeNode.userObject>
                </GXML:SpecialEdge>
                <GXML:SpecialEdge xmi.id="S.47" labels="S.67 S.134 S.39 S.107" isRouted="false" source="S.30" target="S.58" children="S.45" allowsChildren="true">
                    <GXML:DefaultGraphCell.attributes>
                        <GXML:HashtableStrings xmi.id="S.140" keys="beginSize bendable editable lineEnd lineBegin linewidth endsize moveable" values="18 true false 0 0 1.0 18 true">
                            <GXML:HashtableStrings.value>
                                <UML:Association xml:link="simple" href="../Company_Example.xml|S.173"/>
                            </GXML:HashtableStrings.value>
                        </GXML:HashtableStrings>
                    </GXML:DefaultGraphCell.attributes>
                    <GXML:DefaultMutableTreeNode.userObject>
                        <UML:Association xml:link="simple" href="../Company_Example.xml|S.173"/>
                    </GXML:DefaultMutableTreeNode.userObject>
                </GXML:SpecialEdge>
                <GXML:SpecialEdge xmi.id="S.105" isRouted="false" source="S.7" target="S.131" children="S.103" allowsChildren="true">
                    <GXML:DefaultGraphCell.attributes>
                        <GXML:HashtableStrings xmi.id="S.141" keys="endsize dashPattern editable linewidth beginSize" values="18 [3.0,0.0,3.0] false 1.0 18">
                            <GXML:HashtableStrings.value>
                                <UML:AssociationClass xml:link="simple" href="../Company_Example.xml|S.92"/>
                            </GXML:HashtableStrings.value>
                        </GXML:HashtableStrings>
                    </GXML:DefaultGraphCell.attributes>
                    <GXML:DefaultMutableTreeNode.userObject>
                        <UML:AssociationClass xml:link="simple" href="../Company_Example.xml|S.92"/>
                    </GXML:DefaultMutableTreeNode.userObject>
                </GXML:SpecialEdge>
                <GXML:SpecialEdge xmi.id="S.133" labels="S.33 S.17 S.61 S.109" isRouted="false" source="S.8" target="S.30" children="S.131" allowsChildren="true">
                    <GXML:DefaultGraphCell.attributes>
                        <GXML:HashtableStrings xmi.id="S.142" keys="beginSize bendable editable lineEnd lineBegin linewidth endsize moveable" values="18 true false 0 0 1.0 18 true">
                            <GXML:HashtableStrings.value>
                                <UML:AssociationClass xml:link="simple" href="../Company_Example.xml|S.92"/>
                            </GXML:HashtableStrings.value>
                        </GXML:HashtableStrings>
                    </GXML:DefaultGraphCell.attributes>
                    <GXML:DefaultMutableTreeNode.userObject>
                        <UML:AssociationClass xml:link="simple" href="../Company_Example.xml|S.92"/>
                    </GXML:DefaultMutableTreeNode.userObject>
                </GXML:SpecialEdge>
                <GXML:SpecialEdge xmi.id="S.97" labels="S.69 S.126 S.80 S.37" isRouted="false" source="S.30" target="S.86" children="S.24" allowsChildren="true">
                    <GXML:DefaultGraphCell.attributes>
                        <GXML:HashtableStrings xmi.id="S.143" keys="endsize editable linewidth bendable moveable lineEnd beginSize" values="18 false 1.0 true true 0 18">
                            <GXML:HashtableStrings.value>
                                <UML:AssociationClass xml:link="simple" href="../Company_Example.xml|S.112"/>
                            </GXML:HashtableStrings.value>
                        </GXML:HashtableStrings>
                    </GXML:DefaultGraphCell.attributes>
                    <GXML:DefaultMutableTreeNode.userObject>
                        <UML:AssociationClass xml:link="simple" href="../Company_Example.xml|S.112"/>
                    </GXML:DefaultMutableTreeNode.userObject>
                </GXML:SpecialEdge>
                <GXML:SpecialEdge xmi.id="S.95" isRouted="false" source="S.30" target="S.16" children="S.93" allowsChildren="true">
                    <GXML:DefaultGraphCell.attributes>
                        <GXML:HashtableStrings xmi.id="S.144" keys="endsize editable linewidth bendable moveable lineEnd beginSize" values="18 false 1.0 true true 2 18">
                            <GXML:HashtableStrings.value>
                                <UML:Generalization xml:link="simple" href="../Company_Example.xml|S.348"/>
                            </GXML:HashtableStrings.value>
                        </GXML:HashtableStrings>
                    </GXML:DefaultGraphCell.attributes>
                    <GXML:DefaultMutableTreeNode.userObject>
                        <UML:Generalization xml:link="simple" href="../Company_Example.xml|S.348"/>
                    </GXML:DefaultMutableTreeNode.userObject>
                </GXML:SpecialEdge>
                <GXML:SpecialEdge xmi.id="S.130" isRouted="false" source="S.74" target="S.77" children="S.128" allowsChildren="true">
                    <GXML:DefaultGraphCell.attributes>
                        <GXML:HashtableStrings xmi.id="S.145" keys="endsize dashPattern editable linewidth beginSize" values="18 [3.0,0.0,3.0] false 1.0 18">
                            <GXML:HashtableStrings.value>
                                <UML:AssociationClass xml:link="simple" href="../Company_Example.xml|S.123"/>
                            </GXML:HashtableStrings.value>
                        </GXML:HashtableStrings>
                    </GXML:DefaultGraphCell.attributes>
                    <GXML:DefaultMutableTreeNode.userObject>
                        <UML:AssociationClass xml:link="simple" href="../Company_Example.xml|S.123"/>
                    </GXML:DefaultMutableTreeNode.userObject>
                </GXML:SpecialEdge>
            </GXML:ClassDiagram.flat>
            <GXML:ClassDiagram.cells>
                <GXML:SpecialEdge xmi.idref="S.22"/>
                <GXML:SpecialEdge xmi.idref="S.73"/>
                <GXML:SpecialEdge xmi.idref="S.95"/>
                <GXML:SpecialEdge xmi.idref="S.29"/>
                <GXML:SpecialEdge xmi.idref="S.47"/>
                <GXML:SpecialEdge xmi.idref="S.97"/>
                <GXML:ClassCell xmi.idref="S.53"/>
                <GXML:ClassCell xmi.idref="S.32"/>
                <GXML:ClassCell xmi.idref="S.11"/>
                <GXML:ClassCell xmi.idref="S.111"/>
                <GXML:SpecialEdge xmi.idref="S.130"/>
                <GXML:SpecialEdge xmi.idref="S.79"/>
                <GXML:ClassCell xmi.idref="S.21"/>
                <GXML:ClassCell xmi.idref="S.76"/>
                <GXML:ClassCell xmi.idref="S.10"/>
                <GXML:DefaultGraphCell xmi.idref="S.80"/>
                <GXML:DefaultGraphCell xmi.idref="S.37"/>
                <GXML:DefaultGraphCell xmi.idref="S.69"/>
                <GXML:DefaultGraphCell xmi.idref="S.126"/>
                <GXML:DefaultGraphCell xmi.idref="S.67"/>
                <GXML:DefaultGraphCell xmi.idref="S.134"/>
                <GXML:DefaultGraphCell xmi.idref="S.39"/>
                <GXML:DefaultGraphCell xmi.idref="S.107"/>
                <GXML:DefaultGraphCell xmi.idref="S.65"/>
                <GXML:DefaultGraphCell xmi.idref="S.87"/>
                <GXML:DefaultGraphCell xmi.idref="S.59"/>
                <GXML:DefaultGraphCell xmi.idref="S.91"/>
                <GXML:DefaultGraphCell xmi.idref="S.89"/>
                <GXML:DefaultGraphCell xmi.idref="S.35"/>
                <GXML:DefaultGraphCell xmi.idref="S.124"/>
                <GXML:DefaultGraphCell xmi.idref="S.63"/>
                <GXML:SpecialEdge xmi.idref="S.121"/>
                <GXML:SpecialEdge xmi.idref="S.133"/>
                <GXML:DefaultGraphCell xmi.idref="S.61"/>
                <GXML:DefaultGraphCell xmi.idref="S.33"/>
                <GXML:DefaultGraphCell xmi.idref="S.109"/>
                <GXML:DefaultGraphCell xmi.idref="S.17"/>
                <GXML:SpecialEdge xmi.idref="S.105"/>
                <GXML:ClassCell xmi.idref="S.2"/>
            </GXML:ClassDiagram.cells>
            <GXML:ClassDiagram.classViews>
                <GXML:ClassCell xmi.idref="S.53"/>
                <GXML:ClassCell xmi.idref="S.32"/>
                <GXML:ClassCell xmi.idref="S.111"/>
                <GXML:ClassCell xmi.idref="S.10"/>
                <GXML:ClassCell xmi.idref="S.2"/>
                <GXML:ClassCell xmi.idref="S.21"/>
                <GXML:ClassCell xmi.idref="S.76"/>
                <GXML:ClassCell xmi.idref="S.11"/>
            </GXML:ClassDiagram.classViews>
            <GXML:ClassDiagram.relationViews>
                <GXML:SpecialEdge xmi.idref="S.97"/>
                <GXML:SpecialEdge xmi.idref="S.47"/>
                <GXML:SpecialEdge xmi.idref="S.97"/>
                <GXML:SpecialEdge xmi.idref="S.97"/>
                <GXML:SpecialEdge xmi.idref="S.133"/>
                <GXML:SpecialEdge xmi.idref="S.121"/>
                <GXML:SpecialEdge xmi.idref="S.133"/>
                <GXML:SpecialEdge xmi.idref="S.79"/>
                <GXML:SpecialEdge xmi.idref="S.79"/>
                <GXML:SpecialEdge xmi.idref="S.79"/>
                <GXML:SpecialEdge xmi.idref="S.73"/>
                <GXML:SpecialEdge xmi.idref="S.95"/>
                <GXML:SpecialEdge xmi.idref="S.29"/>
            </GXML:ClassDiagram.relationViews>
            <GXML:ClassDiagram.connectionSet>
                <GXML:ConnectionSet xmi.id="S.146" edges="S.133 S.47 S.105 S.121 S.73 S.29 S.97 S.130 S.95 S.79 S.22">
                    <GXML:ConnectionSet.connections>
                        <GXML:ConnectionSet_GXConnection xmi.id="S.147" edge="S.22" isSource="true" port="S.23"/>
                        <GXML:ConnectionSet_GXConnection xmi.id="S.148" edge="S.97" isSource="true" port="S.30"/>
                        <GXML:ConnectionSet_GXConnection xmi.id="S.149" edge="S.121" isSource="false" port="S.30"/>
                        <GXML:ConnectionSet_GXConnection xmi.id="S.150" edge="S.95" isSource="true" port="S.30"/>
                        <GXML:ConnectionSet_GXConnection xmi.id="S.151" edge="S.22" isSource="false" port="S.24"/>
                        <GXML:ConnectionSet_GXConnection xmi.id="S.152" edge="S.29" isSource="true" port="S.8"/>
                        <GXML:ConnectionSet_GXConnection xmi.id="S.153" edge="S.133" isSource="false" port="S.30"/>
                        <GXML:ConnectionSet_GXConnection xmi.id="S.154" edge="S.47" isSource="true" port="S.30"/>
                        <GXML:ConnectionSet_GXConnection xmi.id="S.155" edge="S.95" isSource="false" port="S.16"/>
                        <GXML:ConnectionSet_GXConnection xmi.id="S.156" edge="S.121" isSource="true" port="S.8"/>
                        <GXML:ConnectionSet_GXConnection xmi.id="S.157" edge="S.79" isSource="true" port="S.19"/>
                        <GXML:ConnectionSet_GXConnection xmi.id="S.158" edge="S.105" isSource="false" port="S.131"/>
                        <GXML:ConnectionSet_GXConnection xmi.id="S.159" edge="S.73" isSource="true" port="S.58"/>
                        <GXML:ConnectionSet_GXConnection xmi.id="S.160" edge="S.47" isSource="false" port="S.58"/>
                        <GXML:ConnectionSet_GXConnection xmi.id="S.161" edge="S.73" isSource="false" port="S.16"/>
                        <GXML:ConnectionSet_GXConnection xmi.id="S.162" edge="S.130" isSource="true" port="S.74"/>
                        <GXML:ConnectionSet_GXConnection xmi.id="S.163" edge="S.79" isSource="false" port="S.52"/>
                        <GXML:ConnectionSet_GXConnection xmi.id="S.164" edge="S.29" isSource="false" port="S.16"/>
                        <GXML:ConnectionSet_GXConnection xmi.id="S.165" edge="S.105" isSource="true" port="S.7"/>
                        <GXML:ConnectionSet_GXConnection xmi.id="S.166" edge="S.97" isSource="false" port="S.86"/>
                        <GXML:ConnectionSet_GXConnection xmi.id="S.167" edge="S.133" isSource="true" port="S.8"/>
                        <GXML:ConnectionSet_GXConnection xmi.id="S.168" edge="S.130" isSource="false" port="S.77"/>
                    </GXML:ConnectionSet.connections>
                </GXML:ConnectionSet>
            </GXML:ClassDiagram.connectionSet>
            <GXML:ClassDiagram.viewAttributes>
                <GXML:Hashtable xmi.id="S.169" keys="S.67 S.39 S.134 S.65 S.26 S.130 S.107 S.128 S.45 S.2 S.10 S.91 S.11 S.59 S.131 S.93 S.24 S.126 S.52 S.35 S.97 S.121 S.69 S.71 S.32 S.80 S.22 S.33 S.105 S.63 S.27 S.76 S.53 S.77 S.47 S.61 S.58 S.16 S.37 S.73 S.87 S.23 S.30 S.124 S.111 S.21 S.8 S.133 S.7 S.119 S.103 S.95 S.17 S.19 S.29 S.109 S.79 S.74 S.89 S.86">
                    <GXML:Hashtable.values>
                        <GXML:HashtableStrings xmi.id="S.170" keys="editable bordercolor bounds moveable opaque" values="true java.awt.Color[r=255,g=255,b=153] java.awt.Rectangle[x=93,y=210,width=64,height=21] false false"/>
                        <GXML:HashtableStrings xmi.id="S.171" keys="editable bordercolor bounds moveable opaque" values="true java.awt.Color[r=255,g=255,b=153] java.awt.Rectangle[x=176,y=154,width=25,height=21] false false"/>
                        <GXML:HashtableStrings xmi.id="S.172" keys="editable bordercolor bounds moveable opaque" values="true java.awt.Color[r=255,g=255,b=153] java.awt.Rectangle[x=177,y=210,width=23,height=21] false false"/>
                        <GXML:HashtableStrings xmi.id="S.173" keys="editable bordercolor bounds moveable opaque" values="true java.awt.Color[r=255,g=255,b=153] java.awt.Rectangle[x=889,y=708,width=54,height=21] true false"/>
                        <GXML:HashtableStrings xmi.id="S.174"/>
                        <GXML:HashtableStrings xmi.id="S.175" keys="dashPattern beginSize endsize labelposition points linewidth editable" values="[3.0,0.0,3.0] 18 18 java.awt.Point[x=500,y=500] [java.awt.Point[x=723,y=679],_java.awt.Point[x=841,y=662],_java.awt.Point[x=841,y=634]] 1.0 false"/>
                        <GXML:HashtableStrings xmi.id="S.176" keys="editable bordercolor bounds moveable opaque" values="true java.awt.Color[r=255,g=255,b=153] java.awt.Rectangle[x=117,y=155,width=39,height=21] false false"/>
                        <GXML:HashtableStrings xmi.id="S.177"/>
                        <GXML:HashtableStrings xmi.id="S.178"/>
                        <GXML:HashtableStrings xmi.id="S.179" keys="bounds moveable opaque" values="java.awt.Rectangle[x=499,y=493,width=132,height=112] true true"/>
                        <GXML:HashtableStrings xmi.id="S.180" keys="bounds moveable opaque" values="java.awt.Rectangle[x=795,y=316,width=378,height=164] true true"/>
                        <GXML:HashtableStrings xmi.id="S.181" keys="editable bordercolor bounds moveable opaque" values="true java.awt.Color[r=255,g=255,b=153] java.awt.Rectangle[x=876,y=605,width=73,height=21] true false"/>
                        <GXML:HashtableStrings xmi.id="S.182" keys="bounds moveable opaque" values="java.awt.Rectangle[x=489,y=63,width=199,height=74] false true"/>
                        <GXML:HashtableStrings xmi.id="S.183" keys="editable bordercolor bounds moveable opaque" values="true java.awt.Color[r=255,g=255,b=153] java.awt.Rectangle[x=920,y=639,width=23,height=21] true false"/>
                        <GXML:HashtableStrings xmi.id="S.184"/>
                        <GXML:HashtableStrings xmi.id="S.185"/>
                        <GXML:HashtableStrings xmi.id="S.186"/>
                        <GXML:HashtableStrings xmi.id="S.187" keys="editable bordercolor bounds moveable opaque" values="true java.awt.Color[r=255,g=255,b=153] java.awt.Rectangle[x=23,y=477,width=25,height=21] false false"/>
                        <GXML:HashtableStrings xmi.id="S.188" keys="offset" values="java.awt.Point[x=500,y=0]"/>
                        <GXML:HashtableStrings xmi.id="S.189" keys="editable bordercolor bounds moveable opaque" values="true java.awt.Color[r=255,g=255,b=153] java.awt.Rectangle[x=655,y=296,width=130,height=21] false false"/>
                        <GXML:HashtableStrings xmi.id="S.190" keys="linewidth endsize editable lineEnd moveable points bendable labelposition beginSize" values="1.0 18 false 0 true [java.awt.Point[x=157,y=384],_java.awt.Point[x=264,y=521],_java.awt.Point[x=208,y=521],_java.awt.Point[x=58,y=521],_java.awt.Point[x=157,y=286]] true java.awt.Point[x=500,y=500] 18"/>
                        <GXML:HashtableStrings xmi.id="S.191" keys="moveable bendable linewidth lineEnd labelposition points lineBegin editable beginSize endsize" values="true true 1.0 0 java.awt.Point[x=500,y=500] [java.awt.Point[x=985,y=399],_java.awt.Point[x=432,y=327],_java.awt.Point[x=414,y=327],_java.awt.Point[x=157,y=384]] 0 false 18 18"/>
                        <GXML:HashtableStrings xmi.id="S.192" keys="editable bordercolor bounds moveable opaque" values="true java.awt.Color[r=255,g=255,b=153] java.awt.Rectangle[x=68,y=477,width=61,height=21] false false"/>
                        <GXML:HashtableStrings xmi.id="S.193"/>
                        <GXML:HashtableStrings xmi.id="S.194" keys="bounds moveable opaque" values="java.awt.Rectangle[x=5,y=285,width=303,height=197] true true"/>
                        <GXML:HashtableStrings xmi.id="S.195" keys="editable bordercolor bounds moveable opaque" values="true java.awt.Color[r=255,g=255,b=153] java.awt.Rectangle[x=321,y=477,width=34,height=21] false false"/>
                        <GXML:HashtableStrings xmi.id="S.196" keys="dashPattern beginSize endsize labelposition points linewidth editable" values="[3.0,0.0,3.0] 18 18 java.awt.Point[x=500,y=500] [java.awt.Point[x=211,y=610],_java.awt.Point[x=208,y=521]] 1.0 false"/>
                        <GXML:HashtableStrings xmi.id="S.197" keys="editable bordercolor bounds moveable opaque" values="true java.awt.Color[r=255,g=255,b=153] java.awt.Rectangle[x=762,y=397,width=23,height=21] false false"/>
                        <GXML:HashtableStrings xmi.id="S.198" keys="dashPattern beginSize endsize labelposition points linewidth editable" values="[3.0,0.0,3.0] 18 18 java.awt.Point[x=500,y=500] [java.awt.Point[x=566,y=550],_java.awt.Point[x=586,y=428],_java.awt.Point[x=440,y=428]] 1.0 false"/>
                        <GXML:HashtableStrings xmi.id="S.199" keys="editable bordercolor bounds moveable opaque" values="true java.awt.Color[r=255,g=255,b=153] java.awt.Rectangle[x=318,y=296,width=62,height=21] false false"/>
                        <GXML:HashtableStrings xmi.id="S.200"/>
                        <GXML:HashtableStrings xmi.id="S.201" keys="bounds moveable opaque" values="java.awt.Rectangle[x=644,y=640,width=157,height=77] true true"/>
                        <GXML:HashtableStrings xmi.id="S.202" keys="bounds moveable opaque" values="java.awt.Rectangle[x=49,y=66,width=265,height=55] false true"/>
                        <GXML:HashtableStrings xmi.id="S.203"/>
                        <GXML:HashtableStrings xmi.id="S.204" keys="moveable bendable linewidth lineEnd labelposition points lineBegin editable beginSize endsize" values="false false 1.0 0 java.awt.Point[x=500,y=500] [java.awt.Point[x=157,y=384],_java.awt.Point[x=167,y=191],_java.awt.Point[x=182,y=94]] 0 false 18 18"/>
                        <GXML:HashtableStrings xmi.id="S.205" keys="editable bordercolor bounds moveable opaque" values="true java.awt.Color[r=255,g=255,b=153] java.awt.Rectangle[x=722,y=438,width=63,height=21] false false"/>
                        <GXML:HashtableStrings xmi.id="S.206"/>
                        <GXML:HashtableStrings xmi.id="S.207"/>
                        <GXML:HashtableStrings xmi.id="S.208" keys="editable bordercolor bounds moveable opaque" values="true java.awt.Color[r=255,g=255,b=153] java.awt.Rectangle[x=276,y=477,width=25,height=21] false false"/>
                        <GXML:HashtableStrings xmi.id="S.209" keys="linewidth endsize editable lineEnd moveable points bendable labelposition beginSize" values="1.0 18 false 2 false [java.awt.Point[x=182,y=94],_java.awt.Point[x=401,y=94],_java.awt.Point[x=589,y=101]] false java.awt.Point[x=500,y=500] 18"/>
                        <GXML:HashtableStrings xmi.id="S.210" keys="editable bordercolor bounds moveable opaque" values="true java.awt.Color[r=255,g=255,b=153] java.awt.Rectangle[x=919,y=673,width=23,height=21] true false"/>
                        <GXML:HashtableStrings xmi.id="S.211"/>
                        <GXML:HashtableStrings xmi.id="S.212"/>
                        <GXML:HashtableStrings xmi.id="S.213" keys="editable bordercolor bounds moveable opaque" values="true java.awt.Color[r=255,g=255,b=153] java.awt.Rectangle[x=318,y=337,width=23,height=21] false false"/>
                        <GXML:HashtableStrings xmi.id="S.214" keys="bounds moveable opaque" values="java.awt.Rectangle[x=114,y=559,width=192,height=101] false true"/>
                        <GXML:HashtableStrings xmi.id="S.215" keys="bounds moveable opaque" values="java.awt.Rectangle[x=954,y=606,width=152,height=102] true true"/>
                        <GXML:HashtableStrings xmi.id="S.216"/>
                        <GXML:HashtableStrings xmi.id="S.217" keys="moveable bendable linewidth lineEnd labelposition points lineBegin editable beginSize endsize" values="true true 1.0 0 java.awt.Point[x=500,y=500] [java.awt.Point[x=985,y=399],_java.awt.Point[x=440,y=428],_java.awt.Point[x=157,y=384]] 0 false 18 18"/>
                        <GXML:HashtableStrings xmi.id="S.218"/>
                        <GXML:HashtableStrings xmi.id="S.219"/>
                        <GXML:HashtableStrings xmi.id="S.220"/>
                        <GXML:HashtableStrings xmi.id="S.221" keys="linewidth endsize editable lineEnd moveable points bendable labelposition beginSize" values="1.0 18 false 2 false [java.awt.Point[x=157,y=384],_java.awt.Point[x=589,y=101]] false java.awt.Point[x=500,y=500] 18"/>
                        <GXML:HashtableStrings xmi.id="S.222" keys="editable bordercolor bounds moveable opaque" values="true java.awt.Color[r=255,g=255,b=153] java.awt.Rectangle[x=318,y=397,width=23,height=21] false false"/>
                        <GXML:HashtableStrings xmi.id="S.223"/>
                        <GXML:HashtableStrings xmi.id="S.224" keys="linewidth endsize editable lineEnd moveable points bendable labelposition beginSize" values="1.0 18 false 2 false [java.awt.Point[x=985,y=399],_java.awt.Point[x=589,y=101]] false java.awt.Point[x=500,y=500] 18"/>
                        <GXML:HashtableStrings xmi.id="S.225" keys="editable bordercolor bounds moveable opaque" values="true java.awt.Color[r=255,g=255,b=153] java.awt.Rectangle[x=318,y=438,width=66,height=21] false false"/>
                        <GXML:HashtableStrings xmi.id="S.226" keys="linewidth endsize editable lineEnd moveable points bendable labelposition beginSize" values="1.0 18 false 0 true [java.awt.Point[x=1031,y=658],_java.awt.Point[x=841,y=698],_java.awt.Point[x=841,y=634],_java.awt.Point[x=842,y=634],_java.awt.Point[x=1030,y=607]] true java.awt.Point[x=500,y=500] 18"/>
                        <GXML:HashtableStrings xmi.id="S.227"/>
                        <GXML:HashtableStrings xmi.id="S.228" keys="editable bordercolor bounds moveable opaque" values="true java.awt.Color[r=255,g=255,b=153] java.awt.Rectangle[x=762,y=337,width=23,height=21] false false"/>
                        <GXML:HashtableStrings xmi.id="S.229" keys="offset" values="java.awt.Point[x=500,y=0]"/>
                    </GXML:Hashtable.values>
                </GXML:Hashtable>
            </GXML:ClassDiagram.viewAttributes>
            <GXML:ClassDiagram.globalFilter>
                <GXML:ClassFilter xmi.id="S.230">
                    <GXML:ClassFilter.map>
                        <GXML:HashtableStrings xmi.id="S.231" keys="m_pac a_pub stereotype a_pro a_pac a_pri msignature m_pro m_pub m_pri" values="true true true true true true true true true true"/>
                    </GXML:ClassFilter.map>
                </GXML:ClassFilter>
            </GXML:ClassDiagram.globalFilter>
            <GXML:ClassDiagram.classes>
                <UML:Class xml:link="simple" href="../Company_Example.xml|S.237"/>
                <UML:Class xml:link="simple" href="../Company_Example.xml|S.19"/>
                <UML:AssociationClass xml:link="simple" href="../Company_Example.xml|S.112"/>
                <UML:Class xml:link="simple" href="../Company_Example.xml|S.12"/>
                <UML:AssociationClass xml:link="simple" href="../Company_Example.xml|S.92"/>
                <UML:Class xml:link="simple" href="../Company_Example.xml|S.66"/>
                <UML:AssociationClass xml:link="simple" href="../Company_Example.xml|S.123"/>
                <UML:Class xml:link="simple" href="../Company_Example.xml|S.349"/>
            </GXML:ClassDiagram.classes>
        </GXML:ClassDiagram>
    </XMI.content>
</XMI>
