<?xml version="1.0" encoding="UTF-8"?>
<XMI xmlns:UML="//org.omg/UML/1.3" xmlns:GXML="//lci.cs.ubbcluj.ro/gxml" xmi.version="1.1">
 <XMI.header>
  <XMI.documentation>
   <XMI.exporter>ocle 2.0</XMI.exporter>
   <XMI.exporterVersion>1.0</XMI.exporterVersion>
  </XMI.documentation>
  <XMI.metamodel xmi.name="GXAPI" xmi.version="0.1"/>
 </XMI.header>
 <XMI.content>
  <GXML:ClassDiagram xmi.id="S.1" name="NewClassDiagram" background="java.awt.Color[r=255,g=255,b=255]" gridVisible="false" isLocked="false">
   <GXML:ClassDiagram.owner>
    <UML:Model xml:link="simple" href="../aspects_neglected_in_OCL.xml|S.1"/>
   </GXML:ClassDiagram.owner>
   <GXML:ClassDiagram.flat>
    <GXML:SpecialPort xmi.id="S.2" parent="S.4" allowsChildren="false">
     <GXML:DefaultGraphCell.attributes>
      <GXML:HashtableStrings xmi.id="S.3"/>
     </GXML:DefaultGraphCell.attributes>
    </GXML:SpecialPort>
    <GXML:SpecialPort xmi.id="S.5" parent="S.7" allowsChildren="false">
     <GXML:DefaultGraphCell.attributes>
      <GXML:HashtableStrings xmi.id="S.6"/>
     </GXML:DefaultGraphCell.attributes>
    </GXML:SpecialPort>
    <GXML:SpecialPort xmi.id="S.8" parent="S.10" allowsChildren="false">
     <GXML:DefaultGraphCell.attributes>
      <GXML:HashtableStrings xmi.id="S.9"/>
     </GXML:DefaultGraphCell.attributes>
    </GXML:SpecialPort>
    <GXML:SpecialPort xmi.id="S.11" parent="S.13" allowsChildren="false">
     <GXML:DefaultGraphCell.attributes>
      <GXML:HashtableStrings xmi.id="S.12"/>
     </GXML:DefaultGraphCell.attributes>
    </GXML:SpecialPort>
    <GXML:SpecialPort xmi.id="S.14" parent="S.16" allowsChildren="false">
     <GXML:DefaultGraphCell.attributes>
      <GXML:HashtableStrings xmi.id="S.15"/>
     </GXML:DefaultGraphCell.attributes>
    </GXML:SpecialPort>
    <GXML:SpecialPort xmi.id="S.17" parent="S.19" allowsChildren="false">
     <GXML:DefaultGraphCell.attributes>
      <GXML:HashtableStrings xmi.id="S.18"/>
     </GXML:DefaultGraphCell.attributes>
    </GXML:SpecialPort>
    <GXML:ClassCell xmi.id="S.19" isInterface="false" isFiltered="false" hasAutoR="false" showPackage="false" children="S.17" allowsChildren="true">
     <GXML:ClassCell.property>
      <GXML:ClassGProperty xmi.id="S.20" fillColor="java.awt.Color[r=255,g=255,b=255]" titlefontSize="12" bodyfontSize="11" outlineColor="java.awt.Color[r=0,g=0,b=0]" outlineWidth="1" selectionColor="java.awt.Color[r=255,g=0,b=0]"/>
     </GXML:ClassCell.property>
     <GXML:ClassCell.filter>
      <GXML:ClassFilter xmi.id="S.21">
       <GXML:ClassFilter.map>
        <GXML:HashtableStrings xmi.id="S.22" keys="m_pac a_pub stereotype a_pro a_pac a_pri msignature m_pro m_pub m_pri" values="true true true true true true true true true true"/>
       </GXML:ClassFilter.map>
      </GXML:ClassFilter>
     </GXML:ClassCell.filter>
     <GXML:DefaultGraphCell.attributes>
      <GXML:HashtableStrings xmi.id="S.23" keys="moveable" values="true">
       <GXML:HashtableStrings.value>
        <UML:Class xml:link="simple" href="../aspects_neglected_in_OCL.xml|S.27"/>
       </GXML:HashtableStrings.value>
      </GXML:HashtableStrings>
     </GXML:DefaultGraphCell.attributes>
     <GXML:DefaultMutableTreeNode.userObject>
      <UML:Class xml:link="simple" href="../aspects_neglected_in_OCL.xml|S.27"/>
     </GXML:DefaultMutableTreeNode.userObject>
    </GXML:ClassCell>
    <GXML:ClassCell xmi.id="S.10" isInterface="false" isFiltered="false" hasAutoR="false" showPackage="false" children="S.8" allowsChildren="true">
     <GXML:ClassCell.property>
      <GXML:ClassGProperty xmi.id="S.24" fillColor="java.awt.Color[r=255,g=255,b=255]" titlefontSize="12" bodyfontSize="11" outlineColor="java.awt.Color[r=0,g=0,b=0]" outlineWidth="1" selectionColor="java.awt.Color[r=255,g=0,b=0]"/>
     </GXML:ClassCell.property>
     <GXML:ClassCell.filter>
      <GXML:ClassFilter xmi.id="S.25">
       <GXML:ClassFilter.map>
        <GXML:HashtableStrings xmi.id="S.26" keys="m_pac a_pub stereotype a_pro a_pac a_pri msignature m_pro m_pub m_pri" values="true true true true true true true true true true"/>
       </GXML:ClassFilter.map>
      </GXML:ClassFilter>
     </GXML:ClassCell.filter>
     <GXML:DefaultGraphCell.attributes>
      <GXML:HashtableStrings xmi.id="S.27">
       <GXML:HashtableStrings.value>
        <UML:Class xml:link="simple" href="../aspects_neglected_in_OCL.xml|S.2"/>
       </GXML:HashtableStrings.value>
      </GXML:HashtableStrings>
     </GXML:DefaultGraphCell.attributes>
     <GXML:DefaultMutableTreeNode.userObject>
      <UML:Class xml:link="simple" href="../aspects_neglected_in_OCL.xml|S.2"/>
     </GXML:DefaultMutableTreeNode.userObject>
    </GXML:ClassCell>
    <GXML:ClassCell xmi.id="S.13" isInterface="false" isFiltered="false" hasAutoR="false" showPackage="false" children="S.11" allowsChildren="true">
     <GXML:ClassCell.property>
      <GXML:ClassGProperty xmi.id="S.28" fillColor="java.awt.Color[r=255,g=255,b=255]" titlefontSize="12" bodyfontSize="11" outlineColor="java.awt.Color[r=0,g=0,b=0]" outlineWidth="1" selectionColor="java.awt.Color[r=255,g=0,b=0]"/>
     </GXML:ClassCell.property>
     <GXML:ClassCell.filter>
      <GXML:ClassFilter xmi.id="S.29">
       <GXML:ClassFilter.map>
        <GXML:HashtableStrings xmi.id="S.30" keys="m_pac a_pub stereotype a_pro a_pac a_pri msignature m_pro m_pub m_pri" values="true true true true true true true true true true"/>
       </GXML:ClassFilter.map>
      </GXML:ClassFilter>
     </GXML:ClassCell.filter>
     <GXML:DefaultGraphCell.attributes>
      <GXML:HashtableStrings xmi.id="S.31" keys="moveable" values="true">
       <GXML:HashtableStrings.value>
        <UML:Class xml:link="simple" href="../aspects_neglected_in_OCL.xml|S.24"/>
       </GXML:HashtableStrings.value>
      </GXML:HashtableStrings>
     </GXML:DefaultGraphCell.attributes>
     <GXML:DefaultMutableTreeNode.userObject>
      <UML:Class xml:link="simple" href="../aspects_neglected_in_OCL.xml|S.24"/>
     </GXML:DefaultMutableTreeNode.userObject>
    </GXML:ClassCell>
    <GXML:SpecialPort xmi.id="S.32" parent="S.34" allowsChildren="false">
     <GXML:DefaultGraphCell.attributes>
      <GXML:HashtableStrings xmi.id="S.33"/>
     </GXML:DefaultGraphCell.attributes>
    </GXML:SpecialPort>
    <GXML:ClassCell xmi.id="S.16" isInterface="false" isFiltered="false" hasAutoR="false" showPackage="false" children="S.14" allowsChildren="true">
     <GXML:ClassCell.property>
      <GXML:ClassGProperty xmi.id="S.35" fillColor="java.awt.Color[r=255,g=255,b=255]" titlefontSize="12" bodyfontSize="11" outlineColor="java.awt.Color[r=0,g=0,b=0]" outlineWidth="1" selectionColor="java.awt.Color[r=255,g=0,b=0]"/>
     </GXML:ClassCell.property>
     <GXML:ClassCell.filter>
      <GXML:ClassFilter xmi.id="S.36">
       <GXML:ClassFilter.map>
        <GXML:HashtableStrings xmi.id="S.37" keys="m_pac a_pub stereotype a_pro a_pac a_pri msignature m_pro m_pub m_pri" values="true true true true true true true true true true"/>
       </GXML:ClassFilter.map>
      </GXML:ClassFilter>
     </GXML:ClassCell.filter>
     <GXML:DefaultGraphCell.attributes>
      <GXML:HashtableStrings xmi.id="S.38">
       <GXML:HashtableStrings.value>
        <UML:Class xml:link="simple" href="../aspects_neglected_in_OCL.xml|S.133"/>
       </GXML:HashtableStrings.value>
      </GXML:HashtableStrings>
     </GXML:DefaultGraphCell.attributes>
     <GXML:DefaultMutableTreeNode.userObject>
      <UML:Class xml:link="simple" href="../aspects_neglected_in_OCL.xml|S.133"/>
     </GXML:DefaultMutableTreeNode.userObject>
    </GXML:ClassCell>
    <GXML:SpecialEdge xmi.id="S.7" isRouted="false" source="S.14" target="S.11" children="S.5" allowsChildren="true">
     <GXML:DefaultGraphCell.attributes>
      <GXML:HashtableStrings xmi.id="S.39" keys="endsize editable linewidth beginSize lineEnd" values="18 false 1.0 18 2">
       <GXML:HashtableStrings.value>
        <UML:Generalization xml:link="simple" href="../aspects_neglected_in_OCL.xml|S.26"/>
       </GXML:HashtableStrings.value>
      </GXML:HashtableStrings>
     </GXML:DefaultGraphCell.attributes>
     <GXML:DefaultMutableTreeNode.userObject>
      <UML:Generalization xml:link="simple" href="../aspects_neglected_in_OCL.xml|S.26"/>
     </GXML:DefaultMutableTreeNode.userObject>
    </GXML:SpecialEdge>
    <GXML:SpecialEdge xmi.id="S.4" isRouted="false" source="S.11" target="S.8" children="S.2" allowsChildren="true">
     <GXML:DefaultGraphCell.attributes>
      <GXML:HashtableStrings xmi.id="S.40" keys="endsize editable linewidth beginSize lineEnd" values="18 false 1.0 18 2">
       <GXML:HashtableStrings.value>
        <UML:Generalization xml:link="simple" href="../aspects_neglected_in_OCL.xml|S.22"/>
       </GXML:HashtableStrings.value>
      </GXML:HashtableStrings>
     </GXML:DefaultGraphCell.attributes>
     <GXML:DefaultMutableTreeNode.userObject>
      <UML:Generalization xml:link="simple" href="../aspects_neglected_in_OCL.xml|S.22"/>
     </GXML:DefaultMutableTreeNode.userObject>
    </GXML:SpecialEdge>
    <GXML:SpecialEdge xmi.id="S.34" isRouted="false" source="S.17" target="S.8" children="S.32" allowsChildren="true">
     <GXML:DefaultGraphCell.attributes>
      <GXML:HashtableStrings xmi.id="S.41" keys="endsize editable linewidth beginSize lineEnd" values="18 false 1.0 18 2">
       <GXML:HashtableStrings.value>
        <UML:Generalization xml:link="simple" href="../aspects_neglected_in_OCL.xml|S.23"/>
       </GXML:HashtableStrings.value>
      </GXML:HashtableStrings>
     </GXML:DefaultGraphCell.attributes>
     <GXML:DefaultMutableTreeNode.userObject>
      <UML:Generalization xml:link="simple" href="../aspects_neglected_in_OCL.xml|S.23"/>
     </GXML:DefaultMutableTreeNode.userObject>
    </GXML:SpecialEdge>
   </GXML:ClassDiagram.flat>
   <GXML:ClassDiagram.cells>
    <GXML:SpecialEdge xmi.idref="S.4"/>
    <GXML:SpecialEdge xmi.idref="S.34"/>
    <GXML:SpecialEdge xmi.idref="S.7"/>
    <GXML:ClassCell xmi.idref="S.10"/>
    <GXML:ClassCell xmi.idref="S.16"/>
    <GXML:ClassCell xmi.idref="S.13"/>
    <GXML:ClassCell xmi.idref="S.19"/>
   </GXML:ClassDiagram.cells>
   <GXML:ClassDiagram.classViews>
    <GXML:ClassCell xmi.idref="S.10"/>
    <GXML:ClassCell xmi.idref="S.13"/>
    <GXML:ClassCell xmi.idref="S.19"/>
    <GXML:ClassCell xmi.idref="S.16"/>
   </GXML:ClassDiagram.classViews>
   <GXML:ClassDiagram.relationViews>
    <GXML:SpecialEdge xmi.idref="S.4"/>
    <GXML:SpecialEdge xmi.idref="S.34"/>
    <GXML:SpecialEdge xmi.idref="S.7"/>
   </GXML:ClassDiagram.relationViews>
   <GXML:ClassDiagram.connectionSet>
    <GXML:ConnectionSet xmi.id="S.42" edges="S.4 S.34 S.7">
     <GXML:ConnectionSet.connections>
      <GXML:ConnectionSet_GXConnection xmi.id="S.43" edge="S.4" isSource="true" port="S.11"/>
      <GXML:ConnectionSet_GXConnection xmi.id="S.44" edge="S.7" isSource="false" port="S.11"/>
      <GXML:ConnectionSet_GXConnection xmi.id="S.45" edge="S.34" isSource="false" port="S.8"/>
      <GXML:ConnectionSet_GXConnection xmi.id="S.46" edge="S.34" isSource="true" port="S.17"/>
      <GXML:ConnectionSet_GXConnection xmi.id="S.47" edge="S.7" isSource="true" port="S.14"/>
      <GXML:ConnectionSet_GXConnection xmi.id="S.48" edge="S.4" isSource="false" port="S.8"/>
     </GXML:ConnectionSet.connections>
    </GXML:ConnectionSet>
   </GXML:ClassDiagram.connectionSet>
   <GXML:ClassDiagram.viewAttributes>
    <GXML:Hashtable xmi.id="S.49" keys="S.19 S.34 S.16 S.5 S.10 S.17 S.8 S.2 S.14 S.4 S.32 S.13 S.11 S.7">
     <GXML:Hashtable.values>
      <GXML:HashtableStrings xmi.id="S.50" keys="bounds moveable opaque" values="java.awt.Rectangle[x=207,y=125,width=131,height=83] true true"/>
      <GXML:HashtableStrings xmi.id="S.51" keys="lineEnd beginSize endsize labelposition points linewidth editable" values="2 18 18 java.awt.Point[x=500,y=500] [java.awt.Point[x=273,y=167],_java.awt.Point[x=379,y=51]] 1.0 false"/>
      <GXML:HashtableStrings xmi.id="S.52" keys="bounds opaque" values="java.awt.Rectangle[x=674,y=127,width=131,height=83] true"/>
      <GXML:HashtableStrings xmi.id="S.53"/>
      <GXML:HashtableStrings xmi.id="S.54" keys="bounds opaque" values="java.awt.Rectangle[x=313,y=9,width=131,height=83] true"/>
      <GXML:HashtableStrings xmi.id="S.55"/>
      <GXML:HashtableStrings xmi.id="S.56"/>
      <GXML:HashtableStrings xmi.id="S.57"/>
      <GXML:HashtableStrings xmi.id="S.58"/>
      <GXML:HashtableStrings xmi.id="S.59" keys="lineEnd beginSize endsize labelposition points linewidth editable" values="2 18 18 java.awt.Point[x=500,y=500] [java.awt.Point[x=530,y=169],_java.awt.Point[x=379,y=51]] 1.0 false"/>
      <GXML:HashtableStrings xmi.id="S.60"/>
      <GXML:HashtableStrings xmi.id="S.61" keys="bounds moveable opaque" values="java.awt.Rectangle[x=464,y=126,width=130,height=85] true true"/>
      <GXML:HashtableStrings xmi.id="S.62"/>
      <GXML:HashtableStrings xmi.id="S.63" keys="lineEnd beginSize endsize labelposition points linewidth editable" values="2 18 18 java.awt.Point[x=500,y=500] [java.awt.Point[x=740,y=169],_java.awt.Point[x=530,y=169]] 1.0 false"/>
     </GXML:Hashtable.values>
    </GXML:Hashtable>
   </GXML:ClassDiagram.viewAttributes>
   <GXML:ClassDiagram.globalFilter>
    <GXML:ClassFilter xmi.id="S.64">
     <GXML:ClassFilter.map>
      <GXML:HashtableStrings xmi.id="S.65" keys="m_pac a_pub stereotype a_pro a_pac a_pri msignature m_pro m_pub m_pri" values="true true true true true true true true true true"/>
     </GXML:ClassFilter.map>
    </GXML:ClassFilter>
   </GXML:ClassDiagram.globalFilter>
   <GXML:ClassDiagram.classes>
    <UML:Class xml:link="simple" href="../aspects_neglected_in_OCL.xml|S.2"/>
    <UML:Class xml:link="simple" href="../aspects_neglected_in_OCL.xml|S.24"/>
    <UML:Class xml:link="simple" href="../aspects_neglected_in_OCL.xml|S.27"/>
    <UML:Class xml:link="simple" href="../aspects_neglected_in_OCL.xml|S.133"/>
   </GXML:ClassDiagram.classes>
  </GXML:ClassDiagram>
 </XMI.content>
</XMI>
