<?xml version="1.0" encoding="UTF-8" standalone="no"?>
<XMI xmlns:GXML="//lci.cs.ubbcluj.ro/gxml" xmlns:UML="//org.omg/UML/1.3" xmi.version="1.1">
 <XMI.header>
  <XMI.documentation>
   <XMI.exporter>ocle 2.0</XMI.exporter>
   <XMI.exporterVersion>1.0</XMI.exporterVersion>
  </XMI.documentation>
  <XMI.metamodel xmi.name="GXAPI" xmi.version="0.1"/>
 </XMI.header>
 <XMI.content>
  <GXML:ClassDiagram background="java.awt.Color[r=255,g=255,b=255]" classes="S.146 S.147 S.148 S.149 S.150 S.151 S.152" gridVisible="false" isLocked="false" name="NewClassDiagram" xmi.id="S.1" xmlns:GXML="http://lci/xml">
   <GXML:ClassDiagram.owner>
    <UML:Model href="../SaleSystemApplication.xml|S.1" xml:link="simple" xmlns:UML="http://lci/xml"/>
   </GXML:ClassDiagram.owner>
   <GXML:ClassDiagram.relationViews>
    <GXML:SpecialEdge xmi.idref="S.2"/>
    <GXML:SpecialEdge xmi.idref="S.3"/>
    <GXML:SpecialEdge xmi.idref="S.4"/>
    <GXML:SpecialEdge xmi.idref="S.5"/>
    <GXML:SpecialEdge xmi.idref="S.6"/>
    <GXML:SpecialEdge xmi.idref="S.7"/>
    <GXML:SpecialEdge xmi.idref="S.8"/>
    <GXML:SpecialEdge xmi.idref="S.9"/>
   </GXML:ClassDiagram.relationViews>
   <GXML:ClassDiagram.connectionSet>
    <GXML:ConnectionSet edges="S.7 S.5 S.6 S.3 S.9 S.2 S.8 S.4" xmi.id="S.10">
     <GXML:ConnectionSet.connections>
      <GXML:ConnectionSet_GXConnection edge="S.5" isSource="false" port="S.12" xmi.id="S.11"/>
      <GXML:ConnectionSet_GXConnection edge="S.8" isSource="true" port="S.14" xmi.id="S.13"/>
      <GXML:ConnectionSet_GXConnection edge="S.7" isSource="true" port="S.16" xmi.id="S.15"/>
      <GXML:ConnectionSet_GXConnection edge="S.6" isSource="true" port="S.16" xmi.id="S.17"/>
      <GXML:ConnectionSet_GXConnection edge="S.8" isSource="false" port="S.16" xmi.id="S.18"/>
      <GXML:ConnectionSet_GXConnection edge="S.5" isSource="true" port="S.16" xmi.id="S.19"/>
      <GXML:ConnectionSet_GXConnection edge="S.4" isSource="true" port="S.21" xmi.id="S.20"/>
      <GXML:ConnectionSet_GXConnection edge="S.2" isSource="false" port="S.23" xmi.id="S.22"/>
      <GXML:ConnectionSet_GXConnection edge="S.6" isSource="false" port="S.25" xmi.id="S.24"/>
      <GXML:ConnectionSet_GXConnection edge="S.9" isSource="true" port="S.14" xmi.id="S.26"/>
      <GXML:ConnectionSet_GXConnection edge="S.4" isSource="false" port="S.28" xmi.id="S.27"/>
      <GXML:ConnectionSet_GXConnection edge="S.9" isSource="false" port="S.28" xmi.id="S.29"/>
      <GXML:ConnectionSet_GXConnection edge="S.7" isSource="false" port="S.23" xmi.id="S.30"/>
      <GXML:ConnectionSet_GXConnection edge="S.3" isSource="true" port="S.21" xmi.id="S.31"/>
      <GXML:ConnectionSet_GXConnection edge="S.3" isSource="false" port="S.23" xmi.id="S.32"/>
      <GXML:ConnectionSet_GXConnection edge="S.2" isSource="true" port="S.25" xmi.id="S.33"/>
     </GXML:ConnectionSet.connections>
    </GXML:ConnectionSet>
   </GXML:ClassDiagram.connectionSet>
   <GXML:ClassDiagram.viewAttributes>
    <GXML:Hashtable keys="S.3 S.97 S.9 S.98 S.99 S.100 S.101 S.102 S.7 S.103 S.104 S.105 S.106 S.107 S.108 S.109 S.110 S.111 S.112 S.113 S.114 S.115 S.116 S.117 S.14 S.118 S.23 S.119 S.120 S.121 S.122 S.123 S.2 S.12 S.124 S.125 S.6 S.5 S.126 S.127 S.16 S.128 S.129 S.130 S.131 S.132 S.133 S.134 S.21 S.135 S.136 S.8 S.137 S.25 S.138 S.139 S.140 S.141 S.142 S.143 S.28 S.4" xmi.id="S.34">
     <GXML:Hashtable.values>
      <GXML:HashtableStrings keys="linewidth endFill lineEnd labelposition points lineBegin editable beginSize endsize" values="1.0 true 9 java.awt.Point[x=500,y=500] [java.awt.Point[x=151,y=459],_java.awt.Point[x=150,y=373],_java.awt.Point[x=200,y=296]] 4 false 18 18" xmi.id="S.35">
       <GXML:HashtableStrings.value>
        <UML:Association href="../SaleSystemApplication.xml|S.224" xml:link="simple" xmlns:UML="http://lci/xml"/>
       </GXML:HashtableStrings.value>
      </GXML:HashtableStrings>
      <GXML:HashtableStrings xmi.id="S.36"/>
      <GXML:HashtableStrings keys="lineBegin linewidth endsize editable lineEnd points labelposition beginSize" values="0 1.0 18 false 4 [java.awt.Point[x=936,y=418],_java.awt.Point[x=776,y=431],_java.awt.Point[x=543,y=433]] java.awt.Point[x=500,y=500] 18" xmi.id="S.37">
       <GXML:HashtableStrings.value>
        <UML:Association href="../SaleSystemApplication.xml|S.317" xml:link="simple" xmlns:UML="http://lci/xml"/>
       </GXML:HashtableStrings.value>
      </GXML:HashtableStrings>
      <GXML:HashtableStrings keys="editable bordercolor bounds opaque" values="true java.awt.Color[r=255,g=255,b=255] java.awt.Rectangle[x=74,y=173,width=64,height=21] false" xmi.id="S.38"/>
      <GXML:HashtableStrings keys="bounds opaque" values="java.awt.Rectangle[x=426,y=11,width=320,height=110] true" xmi.id="S.39"/>
      <GXML:HashtableStrings keys="editable bordercolor bounds opaque" values="true java.awt.Color[r=255,g=255,b=255] java.awt.Rectangle[x=307,y=302,width=23,height=21] false" xmi.id="S.40"/>
      <GXML:HashtableStrings keys="editable bordercolor bounds opaque" values="true java.awt.Color[r=255,g=255,b=255] java.awt.Rectangle[x=307,y=261,width=26,height=21] false" xmi.id="S.41"/>
      <GXML:HashtableStrings keys="editable bordercolor bounds opaque" values="true java.awt.Color[r=255,g=255,b=255] java.awt.Rectangle[x=98,y=219,width=40,height=21] false" xmi.id="S.42"/>
      <GXML:HashtableStrings keys="lineBegin linewidth endsize editable lineEnd points labelposition beginSize" values="0 1.0 18 false 4 [java.awt.Point[x=621,y=245],_java.awt.Point[x=332,y=292],_java.awt.Point[x=200,y=296]] java.awt.Point[x=500,y=500] 18" xmi.id="S.43">
       <GXML:HashtableStrings.value>
        <UML:Association href="../SaleSystemApplication.xml|S.201" xml:link="simple" xmlns:UML="http://lci/xml"/>
       </GXML:HashtableStrings.value>
      </GXML:HashtableStrings>
      <GXML:HashtableStrings keys="editable bordercolor bounds opaque" values="true java.awt.Color[r=255,g=255,b=255] java.awt.Rectangle[x=160,y=351,width=12,height=21] false" xmi.id="S.44"/>
      <GXML:HashtableStrings keys="editable bordercolor bounds opaque" values="true java.awt.Color[r=255,g=255,b=255] java.awt.Rectangle[x=850,y=341,width=38,height=21] false" xmi.id="S.45"/>
      <GXML:HashtableStrings keys="bounds opaque" values="java.awt.Rectangle[x=102,y=250,width=195,height=91] true" xmi.id="S.46"/>
      <GXML:HashtableStrings keys="editable bordercolor bounds opaque" values="true java.awt.Color[r=255,g=255,b=255] java.awt.Rectangle[x=422,y=461,width=12,height=21] false" xmi.id="S.47"/>
      <GXML:HashtableStrings xmi.id="S.48"/>
      <GXML:HashtableStrings keys="bounds opaque" values="java.awt.Rectangle[x=442,y=189,width=356,height=110] true" xmi.id="S.49"/>
      <GXML:HashtableStrings keys="editable bordercolor bounds opaque" values="true java.awt.Color[r=255,g=255,b=255] java.awt.Rectangle[x=572,y=131,width=12,height=21] false" xmi.id="S.50"/>
      <GXML:HashtableStrings keys="editable bordercolor bounds opaque" values="true java.awt.Color[r=255,g=255,b=255] java.awt.Rectangle[x=253,y=86,width=71,height=21] false" xmi.id="S.51"/>
      <GXML:HashtableStrings keys="bounds opaque" values="java.awt.Rectangle[x=837,y=372,width=196,height=91] true" xmi.id="S.52"/>
      <GXML:HashtableStrings keys="editable bordercolor bounds opaque" values="true java.awt.Color[r=255,g=255,b=255] java.awt.Rectangle[x=715,y=400,width=112,height=21] false" xmi.id="S.53"/>
      <GXML:HashtableStrings keys="editable bordercolor bounds opaque" values="true java.awt.Color[r=255,g=255,b=255] java.awt.Rectangle[x=572,y=158,width=25,height=21] false" xmi.id="S.54"/>
      <GXML:HashtableStrings keys="editable bordercolor bounds opaque" values="true java.awt.Color[r=255,g=255,b=255] java.awt.Rectangle[x=526,y=158,width=26,height=21] false" xmi.id="S.55"/>
      <GXML:HashtableStrings xmi.id="S.56"/>
      <GXML:HashtableStrings keys="editable bordercolor bounds opaque" values="true java.awt.Color[r=255,g=255,b=255] java.awt.Rectangle[x=384,y=420,width=50,height=21] false" xmi.id="S.57"/>
      <GXML:HashtableStrings keys="editable bordercolor bounds opaque" values="true java.awt.Color[r=255,g=255,b=255] java.awt.Rectangle[x=409,y=246,width=25,height=21] false" xmi.id="S.58"/>
      <GXML:HashtableStrings xmi.id="S.59"/>
      <GXML:HashtableStrings keys="editable bordercolor bounds opaque" values="true java.awt.Color[r=255,g=255,b=255] java.awt.Rectangle[x=104,y=351,width=36,height=21] false" xmi.id="S.60"/>
      <GXML:HashtableStrings xmi.id="S.61"/>
      <GXML:HashtableStrings keys="editable bordercolor bounds opaque" values="true java.awt.Color[r=255,g=255,b=255] java.awt.Rectangle[x=409,y=219,width=26,height=21] false" xmi.id="S.62"/>
      <GXML:HashtableStrings keys="editable bordercolor bounds opaque" values="true java.awt.Color[r=255,g=255,b=255] java.awt.Rectangle[x=362,y=269,width=74,height=21] false" xmi.id="S.63"/>
      <GXML:HashtableStrings keys="editable bordercolor bounds opaque" values="true java.awt.Color[r=255,g=255,b=255] java.awt.Rectangle[x=420,y=302,width=12,height=21] false" xmi.id="S.64"/>
      <GXML:HashtableStrings keys="editable bordercolor bounds opaque" values="true java.awt.Color[r=255,g=255,b=255] java.awt.Rectangle[x=286,y=461,width=12,height=21] false" xmi.id="S.65"/>
      <GXML:HashtableStrings keys="editable bordercolor bounds opaque" values="true java.awt.Color[r=255,g=255,b=255] java.awt.Rectangle[x=160,y=383,width=23,height=21] false" xmi.id="S.66"/>
      <GXML:HashtableStrings keys="lineBegin linewidth endsize editable lineEnd points labelposition beginSize" values="0 1.0 18 false 0 [java.awt.Point[x=146,y=118],_java.awt.Point[x=148,y=202],_java.awt.Point[x=200,y=296]] java.awt.Point[x=500,y=500] 18" xmi.id="S.67">
       <GXML:HashtableStrings.value>
        <UML:Association href="../SaleSystemApplication.xml|S.289" xml:link="simple" xmlns:UML="http://lci/xml"/>
       </GXML:HashtableStrings.value>
      </GXML:HashtableStrings>
      <GXML:HashtableStrings xmi.id="S.68"/>
      <GXML:HashtableStrings xmi.id="S.69"/>
      <GXML:HashtableStrings keys="editable bordercolor bounds opaque" values="true java.awt.Color[r=255,g=255,b=255] java.awt.Rectangle[x=808,y=237,width=12,height=21] false" xmi.id="S.70"/>
      <GXML:HashtableStrings keys="lineBegin linewidth endsize editable lineEnd points labelposition beginSize" values="0 1.0 18 false 0 [java.awt.Point[x=621,y=245],_java.awt.Point[x=384,y=244],_java.awt.Point[x=384,y=117],_java.awt.Point[x=146,y=118]] java.awt.Point[x=500,y=500] 18" xmi.id="S.71">
       <GXML:HashtableStrings.value>
        <UML:Association href="../SaleSystemApplication.xml|S.173" xml:link="simple" xmlns:UML="http://lci/xml"/>
       </GXML:HashtableStrings.value>
      </GXML:HashtableStrings>
      <GXML:HashtableStrings keys="lineBegin linewidth endsize editable lineEnd points labelposition beginSize" values="0 1.0 18 false 0 [java.awt.Point[x=621,y=245],_java.awt.Point[x=562,y=188],_java.awt.Point[x=587,y=67]] java.awt.Point[x=500,y=500] 18" xmi.id="S.72">
       <GXML:HashtableStrings.value>
        <UML:Association href="../SaleSystemApplication.xml|S.152" xml:link="simple" xmlns:UML="http://lci/xml"/>
       </GXML:HashtableStrings.value>
      </GXML:HashtableStrings>
      <GXML:HashtableStrings keys="bounds opaque" values="java.awt.Rectangle[x=48,y=72,width=195,height=91] true" xmi.id="S.73"/>
      <GXML:HashtableStrings keys="editable bordercolor bounds opaque" values="true java.awt.Color[r=255,g=255,b=255] java.awt.Rectangle[x=100,y=383,width=40,height=21] false" xmi.id="S.74"/>
      <GXML:HashtableStrings xmi.id="S.75"/>
      <GXML:HashtableStrings keys="editable bordercolor bounds opaque" values="true java.awt.Color[r=255,g=255,b=255] java.awt.Rectangle[x=808,y=196,width=77,height=21] false" xmi.id="S.76"/>
      <GXML:HashtableStrings xmi.id="S.77"/>
      <GXML:HashtableStrings xmi.id="S.78"/>
      <GXML:HashtableStrings keys="editable bordercolor bounds opaque" values="true java.awt.Color[r=255,g=255,b=255] java.awt.Rectangle[x=158,y=219,width=23,height=21] false" xmi.id="S.79"/>
      <GXML:HashtableStrings keys="bounds opaque" values="java.awt.Rectangle[x=444,y=387,width=196,height=91] true" xmi.id="S.80"/>
      <GXML:HashtableStrings keys="editable bordercolor bounds opaque" values="true java.awt.Color[r=255,g=255,b=255] java.awt.Rectangle[x=650,y=400,width=57,height=21] false" xmi.id="S.81"/>
      <GXML:HashtableStrings keys="editable bordercolor bounds opaque" values="true java.awt.Color[r=255,g=255,b=255] java.awt.Rectangle[x=253,y=127,width=23,height=21] false" xmi.id="S.82"/>
      <GXML:HashtableStrings xmi.id="S.83"/>
      <GXML:HashtableStrings keys="editable bordercolor bounds opaque" values="true java.awt.Color[r=255,g=255,b=255] java.awt.Rectangle[x=470,y=131,width=82,height=21] false" xmi.id="S.84"/>
      <GXML:HashtableStrings keys="editable bordercolor bounds opaque" values="true java.awt.Color[r=255,g=255,b=255] java.awt.Rectangle[x=650,y=441,width=23,height=21] false" xmi.id="S.85"/>
      <GXML:HashtableStrings keys="lineBegin linewidth endsize editable lineEnd points labelposition beginSize" values="4 1.0 18 false 0 [java.awt.Point[x=936,y=418],_java.awt.Point[x=898,y=252],_java.awt.Point[x=898,y=227],_java.awt.Point[x=621,y=245]] java.awt.Point[x=500,y=500] 18" xmi.id="S.86">
       <GXML:HashtableStrings.value>
        <UML:Association href="../SaleSystemApplication.xml|S.310" xml:link="simple" xmlns:UML="http://lci/xml"/>
       </GXML:HashtableStrings.value>
      </GXML:HashtableStrings>
      <GXML:HashtableStrings keys="editable bordercolor bounds opaque" values="true java.awt.Color[r=255,g=255,b=255] java.awt.Rectangle[x=286,y=420,width=60,height=21] false" xmi.id="S.87"/>
      <GXML:HashtableStrings xmi.id="S.88"/>
      <GXML:HashtableStrings xmi.id="S.89"/>
      <GXML:HashtableStrings keys="bounds opaque" values="java.awt.Rectangle[x=24,y=414,width=252,height=88] true" xmi.id="S.90"/>
      <GXML:HashtableStrings keys="editable bordercolor bounds opaque" values="true java.awt.Color[r=255,g=255,b=255] java.awt.Rectangle[x=815,y=441,width=12,height=21] false" xmi.id="S.91"/>
      <GXML:HashtableStrings keys="editable bordercolor bounds opaque" values="true java.awt.Color[r=255,g=255,b=255] java.awt.Rectangle[x=158,y=173,width=12,height=21] false" xmi.id="S.92"/>
      <GXML:HashtableStrings keys="editable bordercolor bounds opaque" values="true java.awt.Color[r=255,g=255,b=255] java.awt.Rectangle[x=908,y=341,width=12,height=21] false" xmi.id="S.93"/>
      <GXML:HashtableStrings xmi.id="S.94"/>
      <GXML:HashtableStrings xmi.id="S.95"/>
      <GXML:HashtableStrings keys="lineBegin linewidth endsize editable lineEnd points labelposition beginSize" values="0 1.0 18 false 4 [java.awt.Point[x=151,y=459],_java.awt.Point[x=398,y=451],_java.awt.Point[x=543,y=433]] java.awt.Point[x=500,y=500] 18" xmi.id="S.96">
       <GXML:HashtableStrings.value>
        <UML:Association href="../SaleSystemApplication.xml|S.267" xml:link="simple" xmlns:UML="http://lci/xml"/>
       </GXML:HashtableStrings.value>
      </GXML:HashtableStrings>
     </GXML:Hashtable.values>
    </GXML:Hashtable>
   </GXML:ClassDiagram.viewAttributes>
   <GXML:ClassDiagram.globalFilter>
    <GXML:ClassFilter xmi.id="S.144">
     <GXML:ClassFilter.map>
      <GXML:HashtableStrings keys="m_pro m_pub a_pac a_pro a_pri stereotype a_pub msignature m_pac m_pri" values="true true true true true true true true true true" xmi.id="S.145"/>
     </GXML:ClassFilter.map>
    </GXML:ClassFilter>
   </GXML:ClassDiagram.globalFilter>
   <GXML:ClassDiagram.cells>
    <GXML:ClassCell xmi.idref="S.126"/>
    <GXML:ClassCell xmi.idref="S.139"/>
    <GXML:SpecialEdge xmi.idref="S.3"/>
    <GXML:SpecialEdge xmi.idref="S.4"/>
    <GXML:SpecialEdge xmi.idref="S.2"/>
    <GXML:ClassCell xmi.idref="S.108"/>
    <GXML:ClassCell xmi.idref="S.105"/>
    <GXML:DefaultGraphCell xmi.idref="S.141"/>
    <GXML:DefaultGraphCell xmi.idref="S.98"/>
    <GXML:DefaultGraphCell xmi.idref="S.131"/>
    <GXML:DefaultGraphCell xmi.idref="S.102"/>
    <GXML:DefaultGraphCell xmi.idref="S.123"/>
    <GXML:DefaultGraphCell xmi.idref="S.127"/>
    <GXML:DefaultGraphCell xmi.idref="S.103"/>
    <GXML:DefaultGraphCell xmi.idref="S.118"/>
    <GXML:DefaultGraphCell xmi.idref="S.134"/>
    <GXML:DefaultGraphCell xmi.idref="S.110"/>
    <GXML:SpecialEdge xmi.idref="S.6"/>
    <GXML:DefaultGraphCell xmi.idref="S.117"/>
    <GXML:DefaultGraphCell xmi.idref="S.119"/>
    <GXML:DefaultGraphCell xmi.idref="S.121"/>
    <GXML:DefaultGraphCell xmi.idref="S.100"/>
    <GXML:DefaultGraphCell xmi.idref="S.101"/>
    <GXML:SpecialEdge xmi.idref="S.7"/>
    <GXML:DefaultGraphCell xmi.idref="S.120"/>
    <GXML:SpecialEdge xmi.idref="S.8"/>
    <GXML:ClassCell xmi.idref="S.111"/>
    <GXML:DefaultGraphCell xmi.idref="S.142"/>
    <GXML:DefaultGraphCell xmi.idref="S.104"/>
    <GXML:DefaultGraphCell xmi.idref="S.125"/>
    <GXML:DefaultGraphCell xmi.idref="S.128"/>
    <GXML:SpecialEdge xmi.idref="S.9"/>
    <GXML:ClassCell xmi.idref="S.132"/>
    <GXML:DefaultGraphCell xmi.idref="S.122"/>
    <GXML:DefaultGraphCell xmi.idref="S.137"/>
    <GXML:DefaultGraphCell xmi.idref="S.106"/>
    <GXML:DefaultGraphCell xmi.idref="S.116"/>
    <GXML:DefaultGraphCell xmi.idref="S.140"/>
    <GXML:DefaultGraphCell xmi.idref="S.112"/>
    <GXML:DefaultGraphCell xmi.idref="S.136"/>
    <GXML:DefaultGraphCell xmi.idref="S.133"/>
    <GXML:ClassCell xmi.idref="S.99"/>
    <GXML:DefaultGraphCell xmi.idref="S.113"/>
    <GXML:DefaultGraphCell xmi.idref="S.114"/>
    <GXML:DefaultGraphCell xmi.idref="S.109"/>
    <GXML:DefaultGraphCell xmi.idref="S.135"/>
    <GXML:SpecialEdge xmi.idref="S.5"/>
   </GXML:ClassDiagram.cells>
   <GXML:ClassDiagram.classes>
    <UML:Class href="../SaleSystemApplication.xml|S.137" xml:link="simple" xmlns:UML="http://lci/xml"/>
    <UML:Class href="../SaleSystemApplication.xml|S.134" xml:link="simple" xmlns:UML="http://lci/xml"/>
    <UML:Class href="../SaleSystemApplication.xml|S.126" xml:link="simple" xmlns:UML="http://lci/xml"/>
    <UML:Class href="../SaleSystemApplication.xml|S.159" xml:link="simple" xmlns:UML="http://lci/xml"/>
    <UML:Class href="../SaleSystemApplication.xml|S.208" xml:link="simple" xmlns:UML="http://lci/xml"/>
    <UML:Class href="../SaleSystemApplication.xml|S.123" xml:link="simple" xmlns:UML="http://lci/xml"/>
    <UML:Class href="../SaleSystemApplication.xml|S.302" xml:link="simple" xmlns:UML="http://lci/xml"/>
   </GXML:ClassDiagram.classes>
   <GXML:ClassDiagram.flat>
    <GXML:DefaultGraphCell allowsChildren="true" userObjectString="-job" xmi.id="S.119">
     <GXML:DefaultGraphCell.attributes>
      <GXML:HashtableStrings keys="value" values="-job" xmi.id="S.153"/>
     </GXML:DefaultGraphCell.attributes>
    </GXML:DefaultGraphCell>
    <GXML:SpecialPort allowsChildren="false" parent="S.4" xmi.id="S.138">
     <GXML:DefaultGraphCell.attributes>
      <GXML:HashtableStrings xmi.id="S.154"/>
     </GXML:DefaultGraphCell.attributes>
    </GXML:SpecialPort>
    <GXML:DefaultGraphCell allowsChildren="true" userObjectString="+productRepository" xmi.id="S.112">
     <GXML:DefaultGraphCell.attributes>
      <GXML:HashtableStrings keys="value" values="+productRepository" xmi.id="S.155"/>
     </GXML:DefaultGraphCell.attributes>
    </GXML:DefaultGraphCell>
    <GXML:DefaultGraphCell allowsChildren="true" userObjectString="1" xmi.id="S.141">
     <GXML:DefaultGraphCell.attributes>
      <GXML:HashtableStrings keys="value" values="1" xmi.id="S.156"/>
     </GXML:DefaultGraphCell.attributes>
    </GXML:DefaultGraphCell>
    <GXML:ClassCell allowsChildren="true" children="S.28" hasAutoR="false" isFiltered="false" isInterface="false" showPackage="false" xmi.id="S.132">
     <GXML:ClassCell.property>
      <GXML:ClassGProperty bodyfontSize="11" fillColor="java.awt.Color[r=255,g=255,b=255]" outlineColor="java.awt.Color[r=0,g=0,b=0]" outlineWidth="1" selectionColor="java.awt.Color[r=255,g=0,b=0]" titlefontSize="12" xmi.id="S.157"/>
     </GXML:ClassCell.property>
     <GXML:ClassCell.filter>
      <GXML:ClassFilter xmi.id="S.158">
       <GXML:ClassFilter.map>
        <GXML:HashtableStrings keys="m_pro m_pub a_pac a_pro a_pri stereotype a_pub msignature m_pac m_pri" values="true true true true true true true true true true" xmi.id="S.159"/>
       </GXML:ClassFilter.map>
      </GXML:ClassFilter>
     </GXML:ClassCell.filter>
     <GXML:DefaultGraphCell.attributes>
      <GXML:HashtableStrings xmi.id="S.160">
       <GXML:HashtableStrings.value>
        <UML:Class href="../SaleSystemApplication.xml|S.134" xml:link="simple" xmlns:UML="http://lci/xml"/>
       </GXML:HashtableStrings.value>
      </GXML:HashtableStrings>
     </GXML:DefaultGraphCell.attributes>
     <GXML:DefaultMutableTreeNode.userObject>
      <UML:Class href="../SaleSystemApplication.xml|S.134" xml:link="simple" xmlns:UML="http://lci/xml"/>
     </GXML:DefaultMutableTreeNode.userObject>
    </GXML:ClassCell>
    <GXML:DefaultGraphCell allowsChildren="true" userObjectString="-administrator" xmi.id="S.135">
     <GXML:DefaultGraphCell.attributes>
      <GXML:HashtableStrings keys="value" values="-administrator" xmi.id="S.161"/>
     </GXML:DefaultGraphCell.attributes>
    </GXML:DefaultGraphCell>
    <GXML:ClassCell allowsChildren="true" children="S.14" hasAutoR="false" isFiltered="false" isInterface="false" showPackage="false" xmi.id="S.111">
     <GXML:ClassCell.property>
      <GXML:ClassGProperty bodyfontSize="11" fillColor="java.awt.Color[r=255,g=255,b=255]" outlineColor="java.awt.Color[r=0,g=0,b=0]" outlineWidth="1" selectionColor="java.awt.Color[r=255,g=0,b=0]" titlefontSize="12" xmi.id="S.162"/>
     </GXML:ClassCell.property>
     <GXML:ClassCell.filter>
      <GXML:ClassFilter xmi.id="S.163">
       <GXML:ClassFilter.map>
        <GXML:HashtableStrings keys="m_pro m_pub a_pac a_pro a_pri stereotype a_pub msignature m_pac m_pri" values="true true true true true true true true true true" xmi.id="S.164"/>
       </GXML:ClassFilter.map>
      </GXML:ClassFilter>
     </GXML:ClassCell.filter>
     <GXML:DefaultGraphCell.attributes>
      <GXML:HashtableStrings xmi.id="S.165">
       <GXML:HashtableStrings.value>
        <UML:Class href="../SaleSystemApplication.xml|S.302" xml:link="simple" xmlns:UML="http://lci/xml"/>
       </GXML:HashtableStrings.value>
      </GXML:HashtableStrings>
     </GXML:DefaultGraphCell.attributes>
     <GXML:DefaultMutableTreeNode.userObject>
      <UML:Class href="../SaleSystemApplication.xml|S.302" xml:link="simple" xmlns:UML="http://lci/xml"/>
     </GXML:DefaultMutableTreeNode.userObject>
    </GXML:ClassCell>
    <GXML:DefaultGraphCell allowsChildren="true" userObjectString="-items" xmi.id="S.127">
     <GXML:DefaultGraphCell.attributes>
      <GXML:HashtableStrings keys="value" values="-items" xmi.id="S.166"/>
     </GXML:DefaultGraphCell.attributes>
    </GXML:DefaultGraphCell>
    <GXML:DefaultGraphCell allowsChildren="true" userObjectString="0..*" xmi.id="S.134">
     <GXML:DefaultGraphCell.attributes>
      <GXML:HashtableStrings keys="value" values="0..*" xmi.id="S.167"/>
     </GXML:DefaultGraphCell.attributes>
    </GXML:DefaultGraphCell>
    <GXML:ClassCell allowsChildren="true" children="S.23" hasAutoR="false" isFiltered="false" isInterface="false" showPackage="false" xmi.id="S.105">
     <GXML:ClassCell.property>
      <GXML:ClassGProperty bodyfontSize="11" fillColor="java.awt.Color[r=255,g=255,b=255]" outlineColor="java.awt.Color[r=0,g=0,b=0]" outlineWidth="1" selectionColor="java.awt.Color[r=255,g=0,b=0]" titlefontSize="12" xmi.id="S.168"/>
     </GXML:ClassCell.property>
     <GXML:ClassCell.filter>
      <GXML:ClassFilter xmi.id="S.169">
       <GXML:ClassFilter.map>
        <GXML:HashtableStrings keys="m_pro m_pub a_pac a_pro a_pri stereotype a_pub msignature m_pac m_pri" values="true true true true true true true true true true" xmi.id="S.170"/>
       </GXML:ClassFilter.map>
      </GXML:ClassFilter>
     </GXML:ClassCell.filter>
     <GXML:DefaultGraphCell.attributes>
      <GXML:HashtableStrings xmi.id="S.171">
       <GXML:HashtableStrings.value>
        <UML:Class href="../SaleSystemApplication.xml|S.126" xml:link="simple" xmlns:UML="http://lci/xml"/>
       </GXML:HashtableStrings.value>
      </GXML:HashtableStrings>
     </GXML:DefaultGraphCell.attributes>
     <GXML:DefaultMutableTreeNode.userObject>
      <UML:Class href="../SaleSystemApplication.xml|S.126" xml:link="simple" xmlns:UML="http://lci/xml"/>
     </GXML:DefaultMutableTreeNode.userObject>
    </GXML:ClassCell>
    <GXML:SpecialPort allowsChildren="false" parent="S.108" xmi.id="S.16">
     <GXML:DefaultGraphCell.attributes>
      <GXML:HashtableStrings xmi.id="S.172"/>
     </GXML:DefaultGraphCell.attributes>
    </GXML:SpecialPort>
    <GXML:DefaultGraphCell allowsChildren="true" userObjectString="-products" xmi.id="S.133">
     <GXML:DefaultGraphCell.attributes>
      <GXML:HashtableStrings keys="value" values="-products" xmi.id="S.173"/>
     </GXML:DefaultGraphCell.attributes>
    </GXML:DefaultGraphCell>
    <GXML:DefaultGraphCell allowsChildren="true" userObjectString="-saleAgent" xmi.id="S.98">
     <GXML:DefaultGraphCell.attributes>
      <GXML:HashtableStrings keys="value" values="-saleAgent" xmi.id="S.174"/>
     </GXML:DefaultGraphCell.attributes>
    </GXML:DefaultGraphCell>
    <GXML:DefaultGraphCell allowsChildren="true" userObjectString="+saleSystem" xmi.id="S.128">
     <GXML:DefaultGraphCell.attributes>
      <GXML:HashtableStrings keys="value" values="+saleSystem" xmi.id="S.175"/>
     </GXML:DefaultGraphCell.attributes>
    </GXML:DefaultGraphCell>
    <GXML:SpecialEdge allowsChildren="true" children="S.97" isRouted="false" labels="S.123 S.127 S.103 S.118" source="S.21" target="S.23" xmi.id="S.3">
     <GXML:DefaultGraphCell.attributes>
      <GXML:HashtableStrings keys="lineBegin endsize endFill editable linewidth lineEnd beginSize" values="4 18 true false 1.0 9 18" xmi.id="S.176">
       <GXML:HashtableStrings.value>
        <UML:Association href="../SaleSystemApplication.xml|S.224" xml:link="simple" xmlns:UML="http://lci/xml"/>
       </GXML:HashtableStrings.value>
      </GXML:HashtableStrings>
     </GXML:DefaultGraphCell.attributes>
     <GXML:DefaultMutableTreeNode.userObject>
      <UML:Association href="../SaleSystemApplication.xml|S.224" xml:link="simple" xmlns:UML="http://lci/xml"/>
     </GXML:DefaultMutableTreeNode.userObject>
    </GXML:SpecialEdge>
    <GXML:DefaultGraphCell allowsChildren="true" userObjectString="1" xmi.id="S.121">
     <GXML:DefaultGraphCell.attributes>
      <GXML:HashtableStrings keys="value" values="1" xmi.id="S.177"/>
     </GXML:DefaultGraphCell.attributes>
    </GXML:DefaultGraphCell>
    <GXML:SpecialPort allowsChildren="false" parent="S.2" xmi.id="S.130">
     <GXML:DefaultGraphCell.attributes>
      <GXML:HashtableStrings xmi.id="S.178"/>
     </GXML:DefaultGraphCell.attributes>
    </GXML:SpecialPort>
    <GXML:DefaultGraphCell allowsChildren="true" userObjectString="1..*" xmi.id="S.123">
     <GXML:DefaultGraphCell.attributes>
      <GXML:HashtableStrings keys="value" values="1..*" xmi.id="S.179"/>
     </GXML:DefaultGraphCell.attributes>
    </GXML:DefaultGraphCell>
    <GXML:SpecialPort allowsChildren="false" parent="S.7" xmi.id="S.143">
     <GXML:DefaultGraphCell.attributes>
      <GXML:HashtableStrings xmi.id="S.180"/>
     </GXML:DefaultGraphCell.attributes>
    </GXML:SpecialPort>
    <GXML:DefaultGraphCell allowsChildren="true" userObjectString="+sale" xmi.id="S.118">
     <GXML:DefaultGraphCell.attributes>
      <GXML:HashtableStrings keys="value" values="+sale" xmi.id="S.181"/>
     </GXML:DefaultGraphCell.attributes>
    </GXML:DefaultGraphCell>
    <GXML:SpecialPort allowsChildren="false" parent="S.3" xmi.id="S.97">
     <GXML:DefaultGraphCell.attributes>
      <GXML:HashtableStrings xmi.id="S.182"/>
     </GXML:DefaultGraphCell.attributes>
    </GXML:SpecialPort>
    <GXML:DefaultGraphCell allowsChildren="true" userObjectString="1" xmi.id="S.140">
     <GXML:DefaultGraphCell.attributes>
      <GXML:HashtableStrings keys="value" values="1" xmi.id="S.183"/>
     </GXML:DefaultGraphCell.attributes>
    </GXML:DefaultGraphCell>
    <GXML:SpecialPort allowsChildren="false" parent="S.126" xmi.id="S.25">
     <GXML:DefaultGraphCell.attributes>
      <GXML:HashtableStrings xmi.id="S.184"/>
     </GXML:DefaultGraphCell.attributes>
    </GXML:SpecialPort>
    <GXML:DefaultGraphCell allowsChildren="true" userObjectString="-job" xmi.id="S.114">
     <GXML:DefaultGraphCell.attributes>
      <GXML:HashtableStrings keys="value" values="-job" xmi.id="S.185"/>
     </GXML:DefaultGraphCell.attributes>
    </GXML:DefaultGraphCell>
    <GXML:DefaultGraphCell allowsChildren="true" userObjectString="0..1" xmi.id="S.117">
     <GXML:DefaultGraphCell.attributes>
      <GXML:HashtableStrings keys="value" values="0..1" xmi.id="S.186"/>
     </GXML:DefaultGraphCell.attributes>
    </GXML:DefaultGraphCell>
    <GXML:ClassCell allowsChildren="true" children="S.21" hasAutoR="false" isFiltered="false" isInterface="false" showPackage="false" xmi.id="S.139">
     <GXML:ClassCell.property>
      <GXML:ClassGProperty bodyfontSize="11" fillColor="java.awt.Color[r=255,g=255,b=255]" outlineColor="java.awt.Color[r=0,g=0,b=0]" outlineWidth="1" selectionColor="java.awt.Color[r=255,g=0,b=0]" titlefontSize="12" xmi.id="S.187"/>
     </GXML:ClassCell.property>
     <GXML:ClassCell.filter>
      <GXML:ClassFilter xmi.id="S.188">
       <GXML:ClassFilter.map>
        <GXML:HashtableStrings keys="m_pro m_pub a_pac a_pro a_pri stereotype a_pub msignature m_pac m_pri" values="true true true true true true true true true true" xmi.id="S.189"/>
       </GXML:ClassFilter.map>
      </GXML:ClassFilter>
     </GXML:ClassCell.filter>
     <GXML:DefaultGraphCell.attributes>
      <GXML:HashtableStrings xmi.id="S.190">
       <GXML:HashtableStrings.value>
        <UML:Class href="../SaleSystemApplication.xml|S.208" xml:link="simple" xmlns:UML="http://lci/xml"/>
       </GXML:HashtableStrings.value>
      </GXML:HashtableStrings>
     </GXML:DefaultGraphCell.attributes>
     <GXML:DefaultMutableTreeNode.userObject>
      <UML:Class href="../SaleSystemApplication.xml|S.208" xml:link="simple" xmlns:UML="http://lci/xml"/>
     </GXML:DefaultMutableTreeNode.userObject>
    </GXML:ClassCell>
    <GXML:DefaultGraphCell allowsChildren="true" userObjectString="1" xmi.id="S.106">
     <GXML:DefaultGraphCell.attributes>
      <GXML:HashtableStrings keys="value" values="1" xmi.id="S.191"/>
     </GXML:DefaultGraphCell.attributes>
    </GXML:DefaultGraphCell>
    <GXML:DefaultGraphCell allowsChildren="true" userObjectString="-saleAgents" xmi.id="S.110">
     <GXML:DefaultGraphCell.attributes>
      <GXML:HashtableStrings keys="value" values="-saleAgents" xmi.id="S.192"/>
     </GXML:DefaultGraphCell.attributes>
    </GXML:DefaultGraphCell>
    <GXML:SpecialPort allowsChildren="false" parent="S.8" xmi.id="S.107">
     <GXML:DefaultGraphCell.attributes>
      <GXML:HashtableStrings xmi.id="S.193"/>
     </GXML:DefaultGraphCell.attributes>
    </GXML:SpecialPort>
    <GXML:SpecialPort allowsChildren="false" parent="S.9" xmi.id="S.129">
     <GXML:DefaultGraphCell.attributes>
      <GXML:HashtableStrings xmi.id="S.194"/>
     </GXML:DefaultGraphCell.attributes>
    </GXML:SpecialPort>
    <GXML:SpecialPort allowsChildren="false" parent="S.5" xmi.id="S.115">
     <GXML:DefaultGraphCell.attributes>
      <GXML:HashtableStrings xmi.id="S.195"/>
     </GXML:DefaultGraphCell.attributes>
    </GXML:SpecialPort>
    <GXML:DefaultGraphCell allowsChildren="true" userObjectString="-log" xmi.id="S.101">
     <GXML:DefaultGraphCell.attributes>
      <GXML:HashtableStrings keys="value" values="-log" xmi.id="S.196"/>
     </GXML:DefaultGraphCell.attributes>
    </GXML:DefaultGraphCell>
    <GXML:SpecialPort allowsChildren="false" parent="S.139" xmi.id="S.21">
     <GXML:DefaultGraphCell.attributes>
      <GXML:HashtableStrings xmi.id="S.197"/>
     </GXML:DefaultGraphCell.attributes>
    </GXML:SpecialPort>
    <GXML:DefaultGraphCell allowsChildren="true" userObjectString="0..*" xmi.id="S.100">
     <GXML:DefaultGraphCell.attributes>
      <GXML:HashtableStrings keys="value" values="0..*" xmi.id="S.198"/>
     </GXML:DefaultGraphCell.attributes>
    </GXML:DefaultGraphCell>
    <GXML:DefaultGraphCell allowsChildren="true" userObjectString="1" xmi.id="S.103">
     <GXML:DefaultGraphCell.attributes>
      <GXML:HashtableStrings keys="value" values="1" xmi.id="S.199"/>
     </GXML:DefaultGraphCell.attributes>
    </GXML:DefaultGraphCell>
    <GXML:ClassCell allowsChildren="true" children="S.25" hasAutoR="false" isFiltered="false" isInterface="false" showPackage="false" xmi.id="S.126">
     <GXML:ClassCell.property>
      <GXML:ClassGProperty bodyfontSize="11" fillColor="java.awt.Color[r=255,g=255,b=255]" outlineColor="java.awt.Color[r=0,g=0,b=0]" outlineWidth="1" selectionColor="java.awt.Color[r=255,g=0,b=0]" titlefontSize="12" xmi.id="S.200"/>
     </GXML:ClassCell.property>
     <GXML:ClassCell.filter>
      <GXML:ClassFilter xmi.id="S.201">
       <GXML:ClassFilter.map>
        <GXML:HashtableStrings keys="m_pro m_pub a_pac a_pro a_pri stereotype a_pub msignature m_pac m_pri" values="true true true true true true true true true true" xmi.id="S.202"/>
       </GXML:ClassFilter.map>
      </GXML:ClassFilter>
     </GXML:ClassCell.filter>
     <GXML:DefaultGraphCell.attributes>
      <GXML:HashtableStrings xmi.id="S.203">
       <GXML:HashtableStrings.value>
        <UML:Class href="../SaleSystemApplication.xml|S.159" xml:link="simple" xmlns:UML="http://lci/xml"/>
       </GXML:HashtableStrings.value>
      </GXML:HashtableStrings>
     </GXML:DefaultGraphCell.attributes>
     <GXML:DefaultMutableTreeNode.userObject>
      <UML:Class href="../SaleSystemApplication.xml|S.159" xml:link="simple" xmlns:UML="http://lci/xml"/>
     </GXML:DefaultMutableTreeNode.userObject>
    </GXML:ClassCell>
    <GXML:ClassCell allowsChildren="true" children="S.12" hasAutoR="false" isFiltered="false" isInterface="false" showPackage="false" xmi.id="S.99">
     <GXML:ClassCell.property>
      <GXML:ClassGProperty bodyfontSize="11" fillColor="java.awt.Color[r=255,g=255,b=255]" outlineColor="java.awt.Color[r=0,g=0,b=0]" outlineWidth="1" selectionColor="java.awt.Color[r=255,g=0,b=0]" titlefontSize="12" xmi.id="S.204"/>
     </GXML:ClassCell.property>
     <GXML:ClassCell.filter>
      <GXML:ClassFilter xmi.id="S.205">
       <GXML:ClassFilter.map>
        <GXML:HashtableStrings keys="m_pro m_pub a_pac a_pro a_pri stereotype a_pub msignature m_pac m_pri" values="true true true true true true true true true true" xmi.id="S.206"/>
       </GXML:ClassFilter.map>
      </GXML:ClassFilter>
     </GXML:ClassCell.filter>
     <GXML:DefaultGraphCell.attributes>
      <GXML:HashtableStrings xmi.id="S.207">
       <GXML:HashtableStrings.value>
        <UML:Class href="../SaleSystemApplication.xml|S.137" xml:link="simple" xmlns:UML="http://lci/xml"/>
       </GXML:HashtableStrings.value>
      </GXML:HashtableStrings>
     </GXML:DefaultGraphCell.attributes>
     <GXML:DefaultMutableTreeNode.userObject>
      <UML:Class href="../SaleSystemApplication.xml|S.137" xml:link="simple" xmlns:UML="http://lci/xml"/>
     </GXML:DefaultMutableTreeNode.userObject>
    </GXML:ClassCell>
    <GXML:DefaultGraphCell allowsChildren="true" userObjectString="0..*" xmi.id="S.136">
     <GXML:DefaultGraphCell.attributes>
      <GXML:HashtableStrings keys="value" values="0..*" xmi.id="S.208"/>
     </GXML:DefaultGraphCell.attributes>
    </GXML:DefaultGraphCell>
    <GXML:SpecialPort allowsChildren="false" parent="S.6" xmi.id="S.124">
     <GXML:DefaultGraphCell.attributes>
      <GXML:HashtableStrings xmi.id="S.209"/>
     </GXML:DefaultGraphCell.attributes>
    </GXML:SpecialPort>
    <GXML:DefaultGraphCell allowsChildren="true" userObjectString="1" xmi.id="S.122">
     <GXML:DefaultGraphCell.attributes>
      <GXML:HashtableStrings keys="value" values="1" xmi.id="S.210"/>
     </GXML:DefaultGraphCell.attributes>
    </GXML:DefaultGraphCell>
    <GXML:SpecialPort allowsChildren="false" parent="S.99" xmi.id="S.12">
     <GXML:DefaultGraphCell.attributes>
      <GXML:HashtableStrings xmi.id="S.211"/>
     </GXML:DefaultGraphCell.attributes>
    </GXML:SpecialPort>
    <GXML:SpecialPort allowsChildren="false" parent="S.132" xmi.id="S.28">
     <GXML:DefaultGraphCell.attributes>
      <GXML:HashtableStrings xmi.id="S.212"/>
     </GXML:DefaultGraphCell.attributes>
    </GXML:SpecialPort>
    <GXML:DefaultGraphCell allowsChildren="true" userObjectString="-sales" xmi.id="S.102">
     <GXML:DefaultGraphCell.attributes>
      <GXML:HashtableStrings keys="value" values="-sales" xmi.id="S.213"/>
     </GXML:DefaultGraphCell.attributes>
    </GXML:DefaultGraphCell>
    <GXML:DefaultGraphCell allowsChildren="true" userObjectString="-saleSystem" xmi.id="S.120">
     <GXML:DefaultGraphCell.attributes>
      <GXML:HashtableStrings keys="value" values="-saleSystem" xmi.id="S.214"/>
     </GXML:DefaultGraphCell.attributes>
    </GXML:DefaultGraphCell>
    <GXML:DefaultGraphCell allowsChildren="true" userObjectString="-stock" xmi.id="S.104">
     <GXML:DefaultGraphCell.attributes>
      <GXML:HashtableStrings keys="value" values="-stock" xmi.id="S.215"/>
     </GXML:DefaultGraphCell.attributes>
    </GXML:DefaultGraphCell>
    <GXML:DefaultGraphCell allowsChildren="true" userObjectString="1" xmi.id="S.142">
     <GXML:DefaultGraphCell.attributes>
      <GXML:HashtableStrings keys="value" values="1" xmi.id="S.216"/>
     </GXML:DefaultGraphCell.attributes>
    </GXML:DefaultGraphCell>
    <GXML:DefaultGraphCell allowsChildren="true" userObjectString="-product" xmi.id="S.116">
     <GXML:DefaultGraphCell.attributes>
      <GXML:HashtableStrings keys="value" values="-product" xmi.id="S.217"/>
     </GXML:DefaultGraphCell.attributes>
    </GXML:DefaultGraphCell>
    <GXML:SpecialPort allowsChildren="false" parent="S.105" xmi.id="S.23">
     <GXML:DefaultGraphCell.attributes>
      <GXML:HashtableStrings xmi.id="S.218"/>
     </GXML:DefaultGraphCell.attributes>
    </GXML:SpecialPort>
    <GXML:DefaultGraphCell allowsChildren="true" userObjectString="+saleItem" xmi.id="S.137">
     <GXML:DefaultGraphCell.attributes>
      <GXML:HashtableStrings keys="value" values="+saleItem" xmi.id="S.219"/>
     </GXML:DefaultGraphCell.attributes>
    </GXML:DefaultGraphCell>
    <GXML:DefaultGraphCell allowsChildren="true" userObjectString="0..*" xmi.id="S.131">
     <GXML:DefaultGraphCell.attributes>
      <GXML:HashtableStrings keys="value" values="0..*" xmi.id="S.220"/>
     </GXML:DefaultGraphCell.attributes>
    </GXML:DefaultGraphCell>
    <GXML:ClassCell allowsChildren="true" children="S.16" hasAutoR="false" isFiltered="false" isInterface="false" showPackage="false" xmi.id="S.108">
     <GXML:ClassCell.property>
      <GXML:ClassGProperty bodyfontSize="11" fillColor="java.awt.Color[r=255,g=255,b=255]" outlineColor="java.awt.Color[r=0,g=0,b=0]" outlineWidth="1" selectionColor="java.awt.Color[r=255,g=0,b=0]" titlefontSize="12" xmi.id="S.221"/>
     </GXML:ClassCell.property>
     <GXML:ClassCell.filter>
      <GXML:ClassFilter xmi.id="S.222">
       <GXML:ClassFilter.map>
        <GXML:HashtableStrings keys="m_pro m_pub a_pac a_pro a_pri stereotype a_pub msignature m_pac m_pri" values="true true true true true true true true true true" xmi.id="S.223"/>
       </GXML:ClassFilter.map>
      </GXML:ClassFilter>
     </GXML:ClassCell.filter>
     <GXML:DefaultGraphCell.attributes>
      <GXML:HashtableStrings xmi.id="S.224">
       <GXML:HashtableStrings.value>
        <UML:Class href="../SaleSystemApplication.xml|S.123" xml:link="simple" xmlns:UML="http://lci/xml"/>
       </GXML:HashtableStrings.value>
      </GXML:HashtableStrings>
     </GXML:DefaultGraphCell.attributes>
     <GXML:DefaultMutableTreeNode.userObject>
      <UML:Class href="../SaleSystemApplication.xml|S.123" xml:link="simple" xmlns:UML="http://lci/xml"/>
     </GXML:DefaultMutableTreeNode.userObject>
    </GXML:ClassCell>
    <GXML:DefaultGraphCell allowsChildren="true" userObjectString="1" xmi.id="S.109">
     <GXML:DefaultGraphCell.attributes>
      <GXML:HashtableStrings keys="value" values="1" xmi.id="S.225"/>
     </GXML:DefaultGraphCell.attributes>
    </GXML:DefaultGraphCell>
    <GXML:DefaultGraphCell allowsChildren="true" userObjectString="0..1" xmi.id="S.113">
     <GXML:DefaultGraphCell.attributes>
      <GXML:HashtableStrings keys="value" values="0..1" xmi.id="S.226"/>
     </GXML:DefaultGraphCell.attributes>
    </GXML:DefaultGraphCell>
    <GXML:DefaultGraphCell allowsChildren="true" userObjectString="1" xmi.id="S.125">
     <GXML:DefaultGraphCell.attributes>
      <GXML:HashtableStrings keys="value" values="1" xmi.id="S.227"/>
     </GXML:DefaultGraphCell.attributes>
    </GXML:DefaultGraphCell>
    <GXML:SpecialPort allowsChildren="false" parent="S.111" xmi.id="S.14">
     <GXML:DefaultGraphCell.attributes>
      <GXML:HashtableStrings xmi.id="S.228"/>
     </GXML:DefaultGraphCell.attributes>
    </GXML:SpecialPort>
    <GXML:SpecialEdge allowsChildren="true" children="S.115" isRouted="false" labels="S.113 S.114 S.109 S.135" source="S.16" target="S.12" xmi.id="S.5">
     <GXML:DefaultGraphCell.attributes>
      <GXML:HashtableStrings keys="lineBegin endsize editable linewidth lineEnd beginSize" values="0 18 false 1.0 0 18" xmi.id="S.229">
       <GXML:HashtableStrings.value>
        <UML:Association href="../SaleSystemApplication.xml|S.152" xml:link="simple" xmlns:UML="http://lci/xml"/>
       </GXML:HashtableStrings.value>
      </GXML:HashtableStrings>
     </GXML:DefaultGraphCell.attributes>
     <GXML:DefaultMutableTreeNode.userObject>
      <UML:Association href="../SaleSystemApplication.xml|S.152" xml:link="simple" xmlns:UML="http://lci/xml"/>
     </GXML:DefaultMutableTreeNode.userObject>
    </GXML:SpecialEdge>
    <GXML:SpecialEdge allowsChildren="true" children="S.124" isRouted="true" labels="S.117 S.119 S.134 S.110" source="S.16" target="S.25" xmi.id="S.6">
     <GXML:DefaultGraphCell.attributes>
      <GXML:HashtableStrings keys="lineBegin endsize editable linewidth lineEnd beginSize" values="0 18 false 1.0 0 18" xmi.id="S.230">
       <GXML:HashtableStrings.value>
        <UML:Association href="../SaleSystemApplication.xml|S.173" xml:link="simple" xmlns:UML="http://lci/xml"/>
       </GXML:HashtableStrings.value>
      </GXML:HashtableStrings>
     </GXML:DefaultGraphCell.attributes>
     <GXML:DefaultMutableTreeNode.userObject>
      <UML:Association href="../SaleSystemApplication.xml|S.173" xml:link="simple" xmlns:UML="http://lci/xml"/>
     </GXML:DefaultMutableTreeNode.userObject>
    </GXML:SpecialEdge>
    <GXML:SpecialEdge allowsChildren="true" children="S.143" isRouted="false" labels="S.121 S.120 S.100 S.101" source="S.16" target="S.23" xmi.id="S.7">
     <GXML:DefaultGraphCell.attributes>
      <GXML:HashtableStrings keys="lineBegin endsize editable linewidth lineEnd beginSize" values="0 18 false 1.0 4 18" xmi.id="S.231">
       <GXML:HashtableStrings.value>
        <UML:Association href="../SaleSystemApplication.xml|S.201" xml:link="simple" xmlns:UML="http://lci/xml"/>
       </GXML:HashtableStrings.value>
      </GXML:HashtableStrings>
     </GXML:DefaultGraphCell.attributes>
     <GXML:DefaultMutableTreeNode.userObject>
      <UML:Association href="../SaleSystemApplication.xml|S.201" xml:link="simple" xmlns:UML="http://lci/xml"/>
     </GXML:DefaultMutableTreeNode.userObject>
    </GXML:SpecialEdge>
    <GXML:SpecialEdge allowsChildren="true" children="S.129" isRouted="false" labels="S.140 S.112 S.136 S.133" source="S.14" target="S.28" xmi.id="S.9">
     <GXML:DefaultGraphCell.attributes>
      <GXML:HashtableStrings keys="lineBegin endsize editable linewidth beginSize lineEnd" values="0 18 false 1.0 18 4" xmi.id="S.232">
       <GXML:HashtableStrings.value>
        <UML:Association href="../SaleSystemApplication.xml|S.317" xml:link="simple" xmlns:UML="http://lci/xml"/>
       </GXML:HashtableStrings.value>
      </GXML:HashtableStrings>
     </GXML:DefaultGraphCell.attributes>
     <GXML:DefaultMutableTreeNode.userObject>
      <UML:Association href="../SaleSystemApplication.xml|S.317" xml:link="simple" xmlns:UML="http://lci/xml"/>
     </GXML:DefaultMutableTreeNode.userObject>
    </GXML:SpecialEdge>
    <GXML:SpecialEdge allowsChildren="true" children="S.107" isRouted="false" labels="S.142 S.104 S.125 S.128" source="S.14" target="S.16" xmi.id="S.8">
     <GXML:DefaultGraphCell.attributes>
      <GXML:HashtableStrings keys="lineBegin endsize editable linewidth lineEnd beginSize" values="4 18 false 1.0 0 18" xmi.id="S.233">
       <GXML:HashtableStrings.value>
        <UML:Association href="../SaleSystemApplication.xml|S.310" xml:link="simple" xmlns:UML="http://lci/xml"/>
       </GXML:HashtableStrings.value>
      </GXML:HashtableStrings>
     </GXML:DefaultGraphCell.attributes>
     <GXML:DefaultMutableTreeNode.userObject>
      <UML:Association href="../SaleSystemApplication.xml|S.310" xml:link="simple" xmlns:UML="http://lci/xml"/>
     </GXML:DefaultMutableTreeNode.userObject>
    </GXML:SpecialEdge>
    <GXML:SpecialEdge allowsChildren="true" children="S.138" isRouted="false" labels="S.122 S.137 S.106 S.116" source="S.21" target="S.28" xmi.id="S.4">
     <GXML:DefaultGraphCell.attributes>
      <GXML:HashtableStrings keys="lineBegin endsize editable linewidth beginSize lineEnd" values="0 18 false 1.0 18 4" xmi.id="S.234">
       <GXML:HashtableStrings.value>
        <UML:Association href="../SaleSystemApplication.xml|S.267" xml:link="simple" xmlns:UML="http://lci/xml"/>
       </GXML:HashtableStrings.value>
      </GXML:HashtableStrings>
     </GXML:DefaultGraphCell.attributes>
     <GXML:DefaultMutableTreeNode.userObject>
      <UML:Association href="../SaleSystemApplication.xml|S.267" xml:link="simple" xmlns:UML="http://lci/xml"/>
     </GXML:DefaultMutableTreeNode.userObject>
    </GXML:SpecialEdge>
    <GXML:SpecialEdge allowsChildren="true" children="S.130" isRouted="false" labels="S.141 S.98 S.131 S.102" source="S.25" target="S.23" xmi.id="S.2">
     <GXML:DefaultGraphCell.attributes>
      <GXML:HashtableStrings keys="lineBegin endsize editable linewidth lineEnd beginSize" values="0 18 false 1.0 0 18" xmi.id="S.235">
       <GXML:HashtableStrings.value>
        <UML:Association href="../SaleSystemApplication.xml|S.289" xml:link="simple" xmlns:UML="http://lci/xml"/>
       </GXML:HashtableStrings.value>
      </GXML:HashtableStrings>
     </GXML:DefaultGraphCell.attributes>
     <GXML:DefaultMutableTreeNode.userObject>
      <UML:Association href="../SaleSystemApplication.xml|S.289" xml:link="simple" xmlns:UML="http://lci/xml"/>
     </GXML:DefaultMutableTreeNode.userObject>
    </GXML:SpecialEdge>
   </GXML:ClassDiagram.flat>
   <GXML:ClassDiagram.classViews>
    <GXML:ClassCell xmi.idref="S.99"/>
    <GXML:ClassCell xmi.idref="S.132"/>
    <GXML:ClassCell xmi.idref="S.105"/>
    <GXML:ClassCell xmi.idref="S.126"/>
    <GXML:ClassCell xmi.idref="S.139"/>
    <GXML:ClassCell xmi.idref="S.108"/>
    <GXML:ClassCell xmi.idref="S.111"/>
   </GXML:ClassDiagram.classViews>
  </GXML:ClassDiagram>
 </XMI.content>
</XMI>
