<?xml version="1.0" encoding="UTF-8" standalone="no"?>
<XMI xmlns:UML="//org.omg/UML/1.3" xmi.version="1.1">
 <XMI.header>
  <XMI.documentation>
   <XMI.exporter>ocle 2.0</XMI.exporter>
   <XMI.exporterVersion>1.0</XMI.exporterVersion>
  </XMI.documentation>
  <XMI.metamodel xmi.name="UML" xmi.version="1.3"/>
 </XMI.header>
 <XMI.content>
  <UML:Model isAbstract="false" isLeaf="true" isRoot="true" isSpecification="false" isTemplate="false" name="SaleSystemApplication" visibility="public" xmi.id="S.1" xmlns:UML="http://lci/xml">
   <UML:Namespace.ownedElement>
    <UML:Stereotype baseClass="AssociationEnd" isAbstract="false" isLeaf="false" isRoot="false" isSpecification="false" isTemplate="false" name="global" namespace="S.1" visibility="package" xmi.id="S.2"/>
    <UML:Stereotype baseClass="Abstraction" isAbstract="false" isLeaf="false" isRoot="false" isSpecification="false" isTemplate="false" name="file" namespace="S.1" visibility="package" xmi.id="S.3"/>
    <UML:Stereotype baseClass="Package" isAbstract="false" isLeaf="false" isRoot="false" isSpecification="false" isTemplate="false" name="facade" namespace="S.1" visibility="package" xmi.id="S.4"/>
    <UML:DataType instance="S.6 S.7" isAbstract="false" isLeaf="false" isRoot="false" isSpecification="false" isTemplate="false" name="undefined" namespace="S.1" visibility="package" xmi.id="S.5"/>
    <UML:Stereotype baseClass="Package" isAbstract="false" isLeaf="false" isRoot="false" isSpecification="false" isTemplate="false" name="systemModel" namespace="S.1" visibility="package" xmi.id="S.8"/>
    <UML:Stereotype baseClass="Package" isAbstract="false" isLeaf="false" isRoot="false" isSpecification="false" isTemplate="false" name="framework" namespace="S.1" visibility="package" xmi.id="S.9"/>
    <UML:Stereotype baseClass="Classifier" isAbstract="false" isLeaf="false" isRoot="false" isSpecification="false" isTemplate="false" name="enumeration" namespace="S.1" visibility="package" xmi.id="S.10"/>
    <UML:Stereotype baseClass="AssociationEnd" isAbstract="false" isLeaf="false" isRoot="false" isSpecification="false" isTemplate="false" name="association" namespace="S.1" visibility="package" xmi.id="S.11"/>
    <UML:Stereotype baseClass="Constraint" isAbstract="false" isLeaf="false" isRoot="false" isSpecification="false" isTemplate="false" name="precondition" namespace="S.1" visibility="package" xmi.id="S.12"/>
    <UML:Stereotype baseClass="Constraint" isAbstract="false" isLeaf="false" isRoot="false" isSpecification="false" isTemplate="false" name="invariant" namespace="S.1" visibility="package" xmi.id="S.13"/>
    <UML:Stereotype baseClass="Abstraction" isAbstract="false" isLeaf="false" isRoot="false" isSpecification="false" isTemplate="false" name="executable" namespace="S.1" visibility="package" xmi.id="S.14"/>
    <UML:Stereotype baseClass="Package" isAbstract="false" isLeaf="false" isRoot="false" isSpecification="false" isTemplate="false" name="profile" namespace="S.1" visibility="package" xmi.id="S.15"/>
    <UML:DataType instance="S.17 S.18 S.19 S.20 S.21" isAbstract="false" isLeaf="false" isRoot="false" isSpecification="false" isTemplate="false" name="Integer" namespace="S.1" visibility="package" xmi.id="S.16"/>
    <UML:Stereotype baseClass="Class" isAbstract="false" isLeaf="false" isRoot="false" isSpecification="false" isTemplate="false" name="powertype" namespace="S.1" visibility="package" xmi.id="S.22"/>
    <UML:Stereotype baseClass="Abstraction" isAbstract="false" isLeaf="false" isRoot="false" isSpecification="false" isTemplate="false" name="document" namespace="S.1" visibility="package" xmi.id="S.23"/>
    <UML:Stereotype baseClass="Abstraction" isAbstract="false" isLeaf="false" isRoot="false" isSpecification="false" isTemplate="false" name="trace" namespace="S.1" visibility="package" xmi.id="S.24"/>
    <UML:Stereotype baseClass="AssociationEnd" isAbstract="false" isLeaf="false" isRoot="false" isSpecification="false" isTemplate="false" name="self" namespace="S.1" visibility="package" xmi.id="S.25"/>
    <UML:Stereotype baseClass="AssociationEnd" isAbstract="false" isLeaf="false" isRoot="false" isSpecification="false" isTemplate="false" name="local" namespace="S.1" visibility="package" xmi.id="S.26"/>
    <UML:Stereotype baseClass="Permission" isAbstract="false" isLeaf="false" isRoot="false" isSpecification="false" isTemplate="false" name="import" namespace="S.1" visibility="package" xmi.id="S.27"/>
    <UML:Stereotype baseClass="AssociationEnd" isAbstract="false" isLeaf="false" isRoot="false" isSpecification="false" isTemplate="false" name="parameter" namespace="S.1" visibility="package" xmi.id="S.28"/>
    <UML:Stereotype baseClass="Comment" isAbstract="false" isLeaf="false" isRoot="false" isSpecification="false" isTemplate="false" name="requirement" namespace="S.1" visibility="package" xmi.id="S.29"/>
    <UML:Stereotype baseClass="Comment" isAbstract="false" isLeaf="false" isRoot="false" isSpecification="false" isTemplate="false" name="responsibility" namespace="S.1" visibility="package" xmi.id="S.30"/>
    <UML:Stereotype baseClass="BehavioralFeature CallEvent" isAbstract="false" isLeaf="false" isRoot="false" isSpecification="false" isTemplate="false" name="destroy" namespace="S.1" visibility="package" xmi.id="S.31"/>
    <UML:Stereotype baseClass="Class Generalization" isAbstract="false" isLeaf="false" isRoot="false" isSpecification="false" isTemplate="false" name="implementation" namespace="S.1" visibility="package" xmi.id="S.32"/>
    <UML:Stereotype baseClass="Usage" isAbstract="false" isLeaf="false" isRoot="false" isSpecification="false" isTemplate="false" name="call" namespace="S.1" visibility="package" xmi.id="S.33"/>
    <UML:Stereotype baseClass="Package" isAbstract="false" isLeaf="false" isRoot="false" isSpecification="false" isTemplate="false" name="appliedProfile" namespace="S.1" visibility="package" xmi.id="S.34"/>
    <UML:Stereotype baseClass="Class" isAbstract="false" isLeaf="false" isRoot="false" isSpecification="false" isTemplate="false" name="type" namespace="S.1" visibility="package" xmi.id="S.35"/>
    <UML:Stereotype baseClass="Class" isAbstract="false" isLeaf="false" isRoot="false" isSpecification="false" isTemplate="false" name="focus" namespace="S.1" visibility="package" xmi.id="S.36"/>
    <UML:DataType instance="S.38 S.39 S.40 S.41" isAbstract="false" isLeaf="false" isRoot="false" isSpecification="false" isTemplate="false" name="Real" namespace="S.1" visibility="package" xmi.id="S.37"/>
    <UML:Stereotype baseClass="Usage" isAbstract="false" isLeaf="false" isRoot="false" isSpecification="false" isTemplate="false" name="send" namespace="S.1" visibility="package" xmi.id="S.42"/>
    <UML:Stereotype baseClass="Classifier" isAbstract="false" isLeaf="false" isRoot="false" isSpecification="false" isTemplate="false" name="process" namespace="S.1" visibility="package" xmi.id="S.43"/>
    <UML:Stereotype baseClass="Permission" isAbstract="false" isLeaf="false" isRoot="false" isSpecification="false" isTemplate="false" name="access" namespace="S.1" visibility="package" xmi.id="S.44"/>
    <UML:Stereotype baseClass="BehavioralFeature CallEvent Usage" isAbstract="false" isLeaf="false" isRoot="false" isSpecification="false" isTemplate="false" name="create" namespace="S.1" visibility="package" xmi.id="S.45"/>
    <UML:Stereotype baseClass="Abstraction" isAbstract="false" isLeaf="false" isRoot="false" isSpecification="false" isTemplate="false" name="refine" namespace="S.1" visibility="package" xmi.id="S.46"/>
    <UML:Stereotype baseClass="Abstraction" isAbstract="false" isLeaf="false" isRoot="false" isSpecification="false" isTemplate="false" name="source" namespace="S.1" visibility="package" xmi.id="S.47"/>
    <UML:DataType isAbstract="false" isLeaf="false" isRoot="false" isSpecification="false" isTemplate="false" name="UnlimitedInteger" namespace="S.1" visibility="package" xmi.id="S.48"/>
    <UML:Stereotype baseClass="Abstraction" isAbstract="false" isLeaf="false" isRoot="false" isSpecification="false" isTemplate="false" name="table" namespace="S.1" visibility="package" xmi.id="S.49"/>
    <UML:Stereotype baseClass="Package" isAbstract="false" isLeaf="false" isRoot="false" isSpecification="false" isTemplate="false" name="stub" namespace="S.1" visibility="package" xmi.id="S.50"/>
    <UML:Stereotype baseClass="Abstraction" isAbstract="false" isLeaf="false" isRoot="false" isSpecification="false" isTemplate="false" name="library" namespace="S.1" visibility="package" xmi.id="S.51"/>
    <UML:Stereotype baseClass="Abstraction" isAbstract="false" isLeaf="false" isRoot="false" isSpecification="false" isTemplate="false" name="realize" namespace="S.1" visibility="package" xmi.id="S.52"/>
    <UML:Stereotype baseClass="Abstraction" isAbstract="false" isLeaf="false" isRoot="false" isSpecification="false" isTemplate="false" name="derive" namespace="S.1" visibility="package" xmi.id="S.53"/>
    <UML:Stereotype baseClass="Flow" isAbstract="false" isLeaf="false" isRoot="false" isSpecification="false" isTemplate="false" name="copy" namespace="S.1" visibility="package" xmi.id="S.54"/>
    <UML:Stereotype baseClass="Class" isAbstract="false" isLeaf="false" isRoot="false" isSpecification="false" isTemplate="false" name="auxiliary" namespace="S.1" visibility="package" xmi.id="S.55"/>
    <UML:Stereotype baseClass="Flow" isAbstract="false" isLeaf="false" isRoot="false" isSpecification="false" isTemplate="false" name="become" namespace="S.1" visibility="package" xmi.id="S.56"/>
    <UML:Stereotype baseClass="ObjectFlowState" isAbstract="false" isLeaf="false" isRoot="false" isSpecification="false" isTemplate="false" name="signalflow" namespace="S.1" visibility="package" xmi.id="S.57"/>
    <UML:Stereotype baseClass="Usage" isAbstract="false" isLeaf="false" isRoot="false" isSpecification="false" isTemplate="false" name="instantiate" namespace="S.1" visibility="package" xmi.id="S.58"/>
    <UML:Stereotype baseClass="Constraint" isAbstract="false" isLeaf="false" isRoot="false" isSpecification="false" isTemplate="false" name="stateInvariant" namespace="S.1" visibility="package" xmi.id="S.59"/>
    <UML:Stereotype baseClass="Constraint" isAbstract="false" isLeaf="false" isRoot="false" isSpecification="false" isTemplate="false" name="postcondition" namespace="S.1" visibility="package" xmi.id="S.60"/>
    <UML:Stereotype baseClass="Classifier" isAbstract="false" isLeaf="false" isRoot="false" isSpecification="false" isTemplate="false" name="utility" namespace="S.1" visibility="package" xmi.id="S.61"/>
    <UML:Stereotype baseClass="Classifier" isAbstract="false" isLeaf="false" isRoot="false" isSpecification="false" isTemplate="false" name="thread" namespace="S.1" visibility="package" xmi.id="S.62"/>
    <UML:DataType instance="S.64 S.65 S.66 S.67 S.68 S.69 S.70 S.71 S.72 S.73" isAbstract="false" isLeaf="false" isRoot="false" isSpecification="false" isTemplate="false" name="String" namespace="S.1" visibility="package" xmi.id="S.63"/>
    <UML:Stereotype baseClass="Package" isAbstract="false" isLeaf="false" isRoot="false" isSpecification="false" isTemplate="false" name="modelLibrary" namespace="S.1" visibility="package" xmi.id="S.74"/>
    <UML:Stereotype baseClass="Package" isAbstract="false" isLeaf="false" isRoot="false" isSpecification="false" isTemplate="false" name="metamodel" namespace="S.1" visibility="package" xmi.id="S.75"/>
    <UML:Stereotype baseClass="Class" isAbstract="false" isLeaf="false" isRoot="false" isSpecification="false" isTemplate="false" name="metaclass" namespace="S.1" visibility="package" xmi.id="S.76"/>
    <UML:Stereotype baseClass="Package" isAbstract="false" isLeaf="false" isRoot="false" isSpecification="false" isTemplate="false" name="topLevel" namespace="S.1" visibility="package" xmi.id="S.77"/>
    <UML:DataType isAbstract="false" isLeaf="false" isRoot="false" isSpecification="false" isTemplate="false" name="Boolean" namespace="S.1" visibility="package" xmi.id="S.78"/>
    <UML:Stereotype baseClass="Permission" isAbstract="false" isLeaf="false" isRoot="false" isSpecification="false" isTemplate="false" name="friend" namespace="S.1" visibility="package" xmi.id="S.79"/>
    <UML:Stereotype baseClass="Classifier" isAbstract="false" isLeaf="false" isRoot="false" isSpecification="false" isTemplate="false" name="DTDChoice" namespace="S.1" visibility="public" xmi.id="S.80"/>
    <UML:Stereotype baseClass="Classifier" isAbstract="false" isLeaf="false" isRoot="false" isSpecification="false" isTemplate="false" name="DTDSequence" namespace="S.1" visibility="public" xmi.id="S.81"/>
    <UML:Stereotype baseClass="Classifier" isAbstract="false" isLeaf="false" isRoot="false" isSpecification="false" isTemplate="false" name="DTDMixed" namespace="S.1" visibility="public" xmi.id="S.82"/>
    <UML:Stereotype baseClass="Classifier" isAbstract="false" isLeaf="false" isRoot="false" isSpecification="false" isTemplate="false" name="DTDAny" namespace="S.1" visibility="public" xmi.id="S.83"/>
    <UML:Stereotype baseClass="Classifier" isAbstract="false" isLeaf="false" isRoot="false" isSpecification="false" isTemplate="false" name="DTDAnyElement" namespace="S.1" visibility="public" xmi.id="S.84"/>
    <UML:Stereotype baseClass="Classifier" isAbstract="false" isLeaf="false" isRoot="false" isSpecification="false" isTemplate="false" name="DTDEmptyElement" namespace="S.1" visibility="public" xmi.id="S.85"/>
    <UML:Stereotype baseClass="Classifier" isAbstract="false" isLeaf="false" isRoot="false" isSpecification="false" isTemplate="false" name="DTDElement" namespace="S.1" visibility="public" xmi.id="S.86"/>
    <UML:Stereotype baseClass="Classifier" isAbstract="false" isLeaf="false" isRoot="false" isSpecification="false" isTemplate="false" name="DTDUndefinedElement" namespace="S.1" visibility="public" xmi.id="S.87"/>
    <UML:Stereotype baseClass="Attribute" isAbstract="false" isLeaf="false" isRoot="false" isSpecification="false" isTemplate="false" name="DTDUndefinedAttribute" namespace="S.1" visibility="public" xmi.id="S.88"/>
    <UML:Stereotype baseClass="Association" isAbstract="false" isLeaf="false" isRoot="false" isSpecification="false" isTemplate="false" name="DTDUndefinedAssociation" namespace="S.1" visibility="public" xmi.id="S.89"/>
    <UML:Stereotype baseClass="Association" isAbstract="false" isLeaf="false" isRoot="false" isSpecification="false" isTemplate="false" name="DTDInvalidAssociation" namespace="S.1" visibility="public" xmi.id="S.90"/>
    <UML:Stereotype baseClass="Attribute" isAbstract="false" isLeaf="false" isRoot="false" isSpecification="false" isTemplate="false" name="CDATA" namespace="S.1" visibility="public" xmi.id="S.91"/>
    <UML:Stereotype baseClass="Attribute" isAbstract="false" isLeaf="false" isRoot="false" isSpecification="false" isTemplate="false" name="ID" namespace="S.1" visibility="public" xmi.id="S.92"/>
    <UML:Stereotype baseClass="Attribute" isAbstract="false" isLeaf="false" isRoot="false" isSpecification="false" isTemplate="false" name="IDREF" namespace="S.1" visibility="public" xmi.id="S.93"/>
    <UML:Stereotype baseClass="Attribute" isAbstract="false" isLeaf="false" isRoot="false" isSpecification="false" isTemplate="false" name="IDREFS" namespace="S.1" visibility="public" xmi.id="S.94"/>
    <UML:Stereotype baseClass="Attribute" isAbstract="false" isLeaf="false" isRoot="false" isSpecification="false" isTemplate="false" name="NMTOKEN" namespace="S.1" visibility="public" xmi.id="S.95"/>
    <UML:Stereotype baseClass="Attribute" isAbstract="false" isLeaf="false" isRoot="false" isSpecification="false" isTemplate="false" name="NMTOKENS" namespace="S.1" visibility="public" xmi.id="S.96"/>
    <UML:Stereotype baseClass="Attribute" isAbstract="false" isLeaf="false" isRoot="false" isSpecification="false" isTemplate="false" name="ENTITY" namespace="S.1" visibility="public" xmi.id="S.97"/>
    <UML:Stereotype baseClass="Attribute" isAbstract="false" isLeaf="false" isRoot="false" isSpecification="false" isTemplate="false" name="ENTITIES" namespace="S.1" visibility="public" xmi.id="S.98"/>
    <UML:Stereotype baseClass="Attribute" isAbstract="false" isLeaf="false" isRoot="false" isSpecification="false" isTemplate="false" name="NOTATION" namespace="S.1" visibility="public" xmi.id="S.99"/>
    <UML:Stereotype baseClass="Attribute" isAbstract="false" isLeaf="false" isRoot="false" isSpecification="false" isTemplate="false" name="REQUIRED" namespace="S.1" visibility="public" xmi.id="S.100"/>
    <UML:Stereotype baseClass="Attribute" isAbstract="false" isLeaf="false" isRoot="false" isSpecification="false" isTemplate="false" name="IMPLIED" namespace="S.1" visibility="public" xmi.id="S.101"/>
    <UML:Stereotype baseClass="Attribute" isAbstract="false" isLeaf="false" isRoot="false" isSpecification="false" isTemplate="false" name="FIXED" namespace="S.1" visibility="public" xmi.id="S.102"/>
    <UML:Stereotype baseClass="AttributeLink" isAbstract="false" isLeaf="false" isRoot="false" isSpecification="false" isTemplate="false" name="XMLMissingAttribute" namespace="S.1" visibility="public" xmi.id="S.103"/>
    <UML:Stereotype baseClass="AttributeLink" isAbstract="false" isLeaf="false" isRoot="false" isSpecification="false" isTemplate="false" name="XMLUnexpectedAttribute" namespace="S.1" visibility="public" xmi.id="S.104"/>
    <UML:Stereotype baseClass="Object" isAbstract="false" isLeaf="false" isRoot="false" isSpecification="false" isTemplate="false" name="XMLMissingElement" namespace="S.1" visibility="public" xmi.id="S.105"/>
    <UML:Stereotype baseClass="Object" isAbstract="false" isLeaf="false" isRoot="false" isSpecification="false" isTemplate="false" name="XMLUnexpectedElement" namespace="S.1" visibility="public" xmi.id="S.106"/>
    <UML:Stereotype baseClass="Link" isAbstract="false" isLeaf="false" isRoot="false" isSpecification="false" isTemplate="false" name="XMLMissingLink" namespace="S.1" visibility="public" xmi.id="S.107"/>
    <UML:Stereotype baseClass="Link" isAbstract="false" isLeaf="false" isRoot="false" isSpecification="false" isTemplate="false" name="XMLUnexpectedLink" namespace="S.1" visibility="public" xmi.id="S.108"/>
    <UML:Stereotype baseClass="Link" isAbstract="false" isLeaf="false" isRoot="false" isSpecification="false" isTemplate="false" name="XMLInvalidLink" namespace="S.1" visibility="public" xmi.id="S.109"/>
    <UML:Stereotype baseClass="Collaboration" isAbstract="false" isLeaf="false" isRoot="false" isSpecification="false" isTemplate="false" name="XMLObjectsCollaboration" namespace="S.1" visibility="public" xmi.id="S.110"/>
    <UML:TagDefinition isSpecification="false" isTemplate="false" name="sequence" namespace="S.1" tagType="Integer" visibility="public" xmi.id="S.111">
     <UML:TagDefinition.multiplicity>
      <UML:Multiplicity xmi.id="S.112">
       <UML:Multiplicity.range>
        <UML:MultiplicityRange lower="1" multiplicity="S.112" upper="1" xmi.id="S.113"/>
       </UML:Multiplicity.range>
      </UML:Multiplicity>
     </UML:TagDefinition.multiplicity>
    </UML:TagDefinition>
    <UML:TagDefinition isSpecification="false" isTemplate="false" name="choice" namespace="S.1" tagType="Integer" visibility="public" xmi.id="S.114">
     <UML:TagDefinition.multiplicity>
      <UML:Multiplicity xmi.id="S.115">
       <UML:Multiplicity.range>
        <UML:MultiplicityRange lower="1" multiplicity="S.115" upper="1" xmi.id="S.116"/>
       </UML:Multiplicity.range>
      </UML:Multiplicity>
     </UML:TagDefinition.multiplicity>
    </UML:TagDefinition>
    <UML:TagDefinition isSpecification="false" isTemplate="false" name="mixed" namespace="S.1" tagType="Integer" visibility="public" xmi.id="S.117">
     <UML:TagDefinition.multiplicity>
      <UML:Multiplicity xmi.id="S.118">
       <UML:Multiplicity.range>
        <UML:MultiplicityRange lower="1" multiplicity="S.118" upper="1" xmi.id="S.119"/>
       </UML:Multiplicity.range>
      </UML:Multiplicity>
     </UML:TagDefinition.multiplicity>
    </UML:TagDefinition>
    <UML:TagDefinition isSpecification="false" isTemplate="false" name="any" namespace="S.1" tagType="Integer" visibility="public" xmi.id="S.120">
     <UML:TagDefinition.multiplicity>
      <UML:Multiplicity xmi.id="S.121">
       <UML:Multiplicity.range>
        <UML:MultiplicityRange lower="1" multiplicity="S.121" upper="1" xmi.id="S.122"/>
       </UML:Multiplicity.range>
      </UML:Multiplicity>
     </UML:TagDefinition.multiplicity>
    </UML:TagDefinition>
    <UML:Class isAbstract="false" isActive="true" isLeaf="false" isRoot="false" isSpecification="false" isTemplate="false" name="SaleSystem" namespace="S.1" visibility="public" xmi.id="S.123">
     <UML:Classifier.feature>
      <UML:Operation concurrency="concurrent" isAbstract="false" isLeaf="false" isQuery="false" isRoot="false" isSpecification="false" isTemplate="false" name="handleNewSale" owner="S.123" ownerScope="instance" visibility="public" xmi.id="S.124">
       <UML:BehavioralFeature.parameter>
        <UML:Parameter behavioralFeature="S.124" isSpecification="false" isTemplate="false" kind="in" name="sale" type="S.126" visibility="private" xmi.id="S.125"/>
       </UML:BehavioralFeature.parameter>
      </UML:Operation>
      <UML:Operation concurrency="concurrent" isAbstract="false" isLeaf="false" isQuery="false" isRoot="false" isSpecification="false" isTemplate="false" name="handleCreateNewProduct" owner="S.123" ownerScope="instance" visibility="public" xmi.id="S.127">
       <UML:BehavioralFeature.parameter>
        <UML:Parameter behavioralFeature="S.127" isSpecification="false" isTemplate="false" kind="in" name="bCode" type="S.63" visibility="private" xmi.id="S.128"/>
        <UML:Parameter behavioralFeature="S.127" isSpecification="false" isTemplate="false" kind="in" name="name" type="S.63" visibility="private" xmi.id="S.129"/>
        <UML:Parameter behavioralFeature="S.127" isSpecification="false" isTemplate="false" kind="in" name="price" type="S.37" visibility="private" xmi.id="S.130"/>
       </UML:BehavioralFeature.parameter>
      </UML:Operation>
      <UML:Operation concurrency="concurrent" isAbstract="false" isLeaf="false" isQuery="false" isRoot="false" isSpecification="false" isTemplate="false" name="handleUpdateProduct" owner="S.123" ownerScope="instance" visibility="public" xmi.id="S.131">
       <UML:BehavioralFeature.parameter>
        <UML:Parameter behavioralFeature="S.131" isSpecification="false" isTemplate="false" kind="in" name="bCode" type="S.63" visibility="private" xmi.id="S.132"/>
        <UML:Parameter behavioralFeature="S.131" isSpecification="false" isTemplate="false" kind="in" name="producft" type="S.134" visibility="private" xmi.id="S.133"/>
       </UML:BehavioralFeature.parameter>
      </UML:Operation>
      <UML:Operation concurrency="concurrent" isAbstract="false" isLeaf="false" isQuery="false" isRoot="false" isSpecification="false" isTemplate="false" name="handleDeleteProduct" owner="S.123" ownerScope="instance" visibility="public" xmi.id="S.135">
       <UML:BehavioralFeature.parameter>
        <UML:Parameter behavioralFeature="S.135" isSpecification="false" isTemplate="false" kind="in" name="bCode" type="S.63" visibility="private" xmi.id="S.136"/>
       </UML:BehavioralFeature.parameter>
      </UML:Operation>
     </UML:Classifier.feature>
    </UML:Class>
    <UML:Class isAbstract="false" isActive="true" isLeaf="false" isRoot="false" isSpecification="false" isTemplate="false" name="Administrator" namespace="S.1" visibility="public" xmi.id="S.137">
     <UML:Classifier.feature>
      <UML:Attribute changeability="changeable" isSpecification="false" isTemplate="false" name="name" ordering="unordered" owner="S.137" ownerScope="instance" targetScope="instance" type="S.63" visibility="private" xmi.id="S.138">
       <UML:Attribute.initialValue>
        <UML:Expression body="" xmi.id="S.139"/>
       </UML:Attribute.initialValue>
       <UML:StructuralFeature.multiplicity>
        <UML:Multiplicity xmi.id="S.140">
         <UML:Multiplicity.range>
          <UML:MultiplicityRange lower="1" multiplicity="S.140" upper="1" xmi.id="S.141"/>
         </UML:Multiplicity.range>
        </UML:Multiplicity>
       </UML:StructuralFeature.multiplicity>
      </UML:Attribute>
      <UML:Operation concurrency="concurrent" isAbstract="false" isLeaf="false" isQuery="false" isRoot="false" isSpecification="false" isTemplate="false" name="createNewProduct" owner="S.137" ownerScope="instance" visibility="public" xmi.id="S.142">
       <UML:BehavioralFeature.parameter>
        <UML:Parameter behavioralFeature="S.142" isSpecification="false" isTemplate="false" kind="in" name="bCode" type="S.63" visibility="private" xmi.id="S.143"/>
        <UML:Parameter behavioralFeature="S.142" isSpecification="false" isTemplate="false" kind="in" name="name" type="S.63" visibility="private" xmi.id="S.144"/>
        <UML:Parameter behavioralFeature="S.142" isSpecification="false" isTemplate="false" kind="in" name="price" type="S.37" visibility="private" xmi.id="S.145"/>
       </UML:BehavioralFeature.parameter>
      </UML:Operation>
      <UML:Operation concurrency="concurrent" isAbstract="false" isLeaf="false" isQuery="false" isRoot="false" isSpecification="false" isTemplate="false" name="deleteProduct" owner="S.137" ownerScope="instance" visibility="public" xmi.id="S.146">
       <UML:BehavioralFeature.parameter>
        <UML:Parameter behavioralFeature="S.146" isSpecification="false" isTemplate="false" kind="in" name="barCode" type="S.63" visibility="private" xmi.id="S.147"/>
       </UML:BehavioralFeature.parameter>
      </UML:Operation>
      <UML:Operation concurrency="concurrent" isAbstract="false" isLeaf="false" isQuery="false" isRoot="false" isSpecification="false" isTemplate="false" name="updateProduct" owner="S.137" ownerScope="instance" visibility="public" xmi.id="S.148">
       <UML:BehavioralFeature.parameter>
        <UML:Parameter behavioralFeature="S.148" isSpecification="false" isTemplate="false" kind="in" name="barCode" type="S.63" visibility="private" xmi.id="S.149"/>
        <UML:Parameter behavioralFeature="S.148" isSpecification="false" isTemplate="false" kind="in" name="name" type="S.63" visibility="private" xmi.id="S.150"/>
        <UML:Parameter behavioralFeature="S.148" isSpecification="false" isTemplate="false" kind="in" name="price" type="S.37" visibility="private" xmi.id="S.151"/>
       </UML:BehavioralFeature.parameter>
      </UML:Operation>
     </UML:Classifier.feature>
    </UML:Class>
    <UML:Association isAbstract="false" isLeaf="false" isRoot="false" isSpecification="false" isTemplate="false" name="A_Administrator_SaleSystem" namespace="S.1" visibility="private" xmi.id="S.152">
     <UML:Association.connection>
      <UML:AssociationEnd aggregation="none" association="S.152" changeability="changeable" isNavigable="true" isSpecification="false" isTemplate="false" name="administrator" ordering="unordered" targetScope="instance" type="S.137" visibility="private" xmi.id="S.153">
       <UML:AssociationEnd.multiplicity>
        <UML:Multiplicity xmi.id="S.154">
         <UML:Multiplicity.range>
          <UML:MultiplicityRange lower="1" multiplicity="S.154" upper="1" xmi.id="S.155"/>
         </UML:Multiplicity.range>
        </UML:Multiplicity>
       </UML:AssociationEnd.multiplicity>
      </UML:AssociationEnd>
      <UML:AssociationEnd aggregation="none" association="S.152" changeability="changeable" isNavigable="true" isSpecification="false" isTemplate="false" name="job" ordering="unordered" targetScope="instance" type="S.123" visibility="private" xmi.id="S.156">
       <UML:AssociationEnd.multiplicity>
        <UML:Multiplicity xmi.id="S.157">
         <UML:Multiplicity.range>
          <UML:MultiplicityRange lower="0" multiplicity="S.157" upper="1" xmi.id="S.158"/>
         </UML:Multiplicity.range>
        </UML:Multiplicity>
       </UML:AssociationEnd.multiplicity>
      </UML:AssociationEnd>
     </UML:Association.connection>
    </UML:Association>
    <UML:Class instance="S.160" isAbstract="false" isActive="true" isLeaf="false" isRoot="false" isSpecification="false" isTemplate="false" name="SaleAgent" namespace="S.1" visibility="public" xmi.id="S.159">
     <UML:Classifier.feature>
      <UML:Attribute attributeLink="S.162" changeability="changeable" isSpecification="false" isTemplate="false" name="id" ordering="unordered" owner="S.159" ownerScope="instance" targetScope="instance" type="S.16" visibility="private" xmi.id="S.161">
       <UML:Attribute.initialValue>
        <UML:Expression body="" xmi.id="S.163"/>
       </UML:Attribute.initialValue>
       <UML:StructuralFeature.multiplicity>
        <UML:Multiplicity xmi.id="S.164">
         <UML:Multiplicity.range>
          <UML:MultiplicityRange lower="1" multiplicity="S.164" upper="1" xmi.id="S.165"/>
         </UML:Multiplicity.range>
        </UML:Multiplicity>
       </UML:StructuralFeature.multiplicity>
      </UML:Attribute>
      <UML:Attribute attributeLink="S.167" changeability="changeable" isSpecification="false" isTemplate="false" name="name" ordering="unordered" owner="S.159" ownerScope="instance" targetScope="instance" type="S.63" visibility="private" xmi.id="S.166">
       <UML:Attribute.initialValue>
        <UML:Expression body="" xmi.id="S.168"/>
       </UML:Attribute.initialValue>
       <UML:StructuralFeature.multiplicity>
        <UML:Multiplicity xmi.id="S.169">
         <UML:Multiplicity.range>
          <UML:MultiplicityRange lower="1" multiplicity="S.169" upper="1" xmi.id="S.170"/>
         </UML:Multiplicity.range>
        </UML:Multiplicity>
       </UML:StructuralFeature.multiplicity>
      </UML:Attribute>
      <UML:Operation concurrency="concurrent" isAbstract="false" isLeaf="false" isQuery="false" isRoot="false" isSpecification="false" isTemplate="false" name="makeSale" owner="S.159" ownerScope="instance" visibility="public" xmi.id="S.171">
       <UML:BehavioralFeature.parameter>
        <UML:Parameter behavioralFeature="S.171" isSpecification="false" isTemplate="false" kind="in" name="sale" type="S.126" visibility="private" xmi.id="S.172"/>
       </UML:BehavioralFeature.parameter>
      </UML:Operation>
     </UML:Classifier.feature>
    </UML:Class>
    <UML:Association isAbstract="false" isLeaf="false" isRoot="false" isSpecification="false" isTemplate="false" name="A_SaleSystem_SaleAgent" namespace="S.1" visibility="public" xmi.id="S.173">
     <UML:Association.connection>
      <UML:AssociationEnd aggregation="none" association="S.173" changeability="changeable" isNavigable="true" isSpecification="false" isTemplate="false" name="job" ordering="unordered" targetScope="instance" type="S.123" visibility="private" xmi.id="S.174">
       <UML:AssociationEnd.multiplicity>
        <UML:Multiplicity xmi.id="S.175">
         <UML:Multiplicity.range>
          <UML:MultiplicityRange lower="0" multiplicity="S.175" upper="1" xmi.id="S.176"/>
         </UML:Multiplicity.range>
        </UML:Multiplicity>
       </UML:AssociationEnd.multiplicity>
      </UML:AssociationEnd>
      <UML:AssociationEnd aggregation="none" association="S.173" changeability="changeable" isNavigable="true" isSpecification="false" isTemplate="false" name="saleAgents" ordering="unordered" targetScope="instance" type="S.159" visibility="private" xmi.id="S.177">
       <UML:AssociationEnd.multiplicity>
        <UML:Multiplicity xmi.id="S.178">
         <UML:Multiplicity.range>
          <UML:MultiplicityRange lower="0" multiplicity="S.178" upper="-1" xmi.id="S.179"/>
         </UML:Multiplicity.range>
        </UML:Multiplicity>
       </UML:AssociationEnd.multiplicity>
      </UML:AssociationEnd>
     </UML:Association.connection>
    </UML:Association>
    <UML:Class instance="S.180 S.181" isAbstract="false" isActive="true" isLeaf="false" isRoot="false" isSpecification="false" isTemplate="false" name="Sale" namespace="S.1" visibility="public" xmi.id="S.126">
     <UML:Classifier.feature>
      <UML:Attribute attributeLink="S.183 S.184" changeability="changeable" isSpecification="false" isTemplate="false" name="saleId" ordering="unordered" owner="S.126" ownerScope="instance" targetScope="instance" type="S.63" visibility="public" xmi.id="S.182">
       <UML:Attribute.initialValue>
        <UML:Expression body="" xmi.id="S.185"/>
       </UML:Attribute.initialValue>
       <UML:StructuralFeature.multiplicity>
        <UML:Multiplicity xmi.id="S.186">
         <UML:Multiplicity.range>
          <UML:MultiplicityRange lower="1" multiplicity="S.186" upper="1" xmi.id="S.187"/>
         </UML:Multiplicity.range>
        </UML:Multiplicity>
       </UML:StructuralFeature.multiplicity>
      </UML:Attribute>
      <UML:Attribute attributeLink="S.189 S.190" changeability="changeable" isSpecification="false" isTemplate="false" name="saleDate" ordering="unordered" owner="S.126" ownerScope="instance" targetScope="instance" type="S.192" visibility="private" xmi.id="S.188">
       <UML:Attribute.initialValue>
        <UML:Expression body="" xmi.id="S.191"/>
       </UML:Attribute.initialValue>
       <UML:StructuralFeature.multiplicity>
        <UML:Multiplicity xmi.id="S.193">
         <UML:Multiplicity.range>
          <UML:MultiplicityRange lower="1" multiplicity="S.193" upper="1" xmi.id="S.194"/>
         </UML:Multiplicity.range>
        </UML:Multiplicity>
       </UML:StructuralFeature.multiplicity>
      </UML:Attribute>
      <UML:Attribute attributeLink="S.196 S.197" changeability="changeable" isSpecification="false" isTemplate="false" name="saleAgentId" ordering="unordered" owner="S.126" ownerScope="instance" targetScope="instance" type="S.5" visibility="private" xmi.id="S.195">
       <UML:Attribute.initialValue>
        <UML:Expression body="" xmi.id="S.198"/>
       </UML:Attribute.initialValue>
       <UML:StructuralFeature.multiplicity>
        <UML:Multiplicity xmi.id="S.199">
         <UML:Multiplicity.range>
          <UML:MultiplicityRange lower="1" multiplicity="S.199" upper="1" xmi.id="S.200"/>
         </UML:Multiplicity.range>
        </UML:Multiplicity>
       </UML:StructuralFeature.multiplicity>
      </UML:Attribute>
     </UML:Classifier.feature>
    </UML:Class>
    <UML:Association isAbstract="false" isLeaf="false" isRoot="false" isSpecification="false" isTemplate="false" name="A_SaleSystem_Sale" namespace="S.1" visibility="private" xmi.id="S.201">
     <UML:Association.connection>
      <UML:AssociationEnd aggregation="none" association="S.201" changeability="changeable" isNavigable="false" isSpecification="false" isTemplate="false" name="saleSystem" ordering="unordered" targetScope="instance" type="S.123" visibility="private" xmi.id="S.202">
       <UML:AssociationEnd.multiplicity>
        <UML:Multiplicity xmi.id="S.203">
         <UML:Multiplicity.range>
          <UML:MultiplicityRange lower="1" multiplicity="S.203" upper="1" xmi.id="S.204"/>
         </UML:Multiplicity.range>
        </UML:Multiplicity>
       </UML:AssociationEnd.multiplicity>
      </UML:AssociationEnd>
      <UML:AssociationEnd aggregation="none" association="S.201" changeability="changeable" isNavigable="true" isSpecification="false" isTemplate="false" name="log" ordering="unordered" targetScope="instance" type="S.126" visibility="private" xmi.id="S.205">
       <UML:AssociationEnd.multiplicity>
        <UML:Multiplicity xmi.id="S.206">
         <UML:Multiplicity.range>
          <UML:MultiplicityRange lower="0" multiplicity="S.206" upper="-1" xmi.id="S.207"/>
         </UML:Multiplicity.range>
        </UML:Multiplicity>
       </UML:AssociationEnd.multiplicity>
      </UML:AssociationEnd>
     </UML:Association.connection>
    </UML:Association>
    <UML:Class instance="S.209 S.210 S.211 S.212" isAbstract="false" isActive="true" isLeaf="false" isRoot="false" isSpecification="false" isTemplate="false" name="SaleItem" namespace="S.1" visibility="public" xmi.id="S.208">
     <UML:Classifier.feature>
      <UML:Attribute attributeLink="S.214 S.215 S.216 S.217" changeability="changeable" isSpecification="false" isTemplate="false" name="quantitySold" ordering="unordered" owner="S.208" ownerScope="instance" targetScope="instance" type="S.16" visibility="private" xmi.id="S.213">
       <UML:Attribute.initialValue>
        <UML:Expression body="" xmi.id="S.218"/>
       </UML:Attribute.initialValue>
       <UML:StructuralFeature.multiplicity>
        <UML:Multiplicity xmi.id="S.219">
         <UML:Multiplicity.range>
          <UML:MultiplicityRange lower="1" multiplicity="S.219" upper="1" xmi.id="S.220"/>
         </UML:Multiplicity.range>
        </UML:Multiplicity>
       </UML:StructuralFeature.multiplicity>
      </UML:Attribute>
      <UML:Operation concurrency="concurrent" isAbstract="false" isLeaf="false" isQuery="false" isRoot="false" isSpecification="false" isTemplate="false" name="SaleItem" owner="S.208" ownerScope="instance" visibility="public" xmi.id="S.221">
       <UML:BehavioralFeature.parameter>
        <UML:Parameter behavioralFeature="S.221" isSpecification="false" isTemplate="false" kind="in" name="quantity" type="S.16" visibility="private" xmi.id="S.222"/>
        <UML:Parameter behavioralFeature="S.221" isSpecification="false" isTemplate="false" kind="in" name="product" type="S.134" visibility="private" xmi.id="S.223"/>
       </UML:BehavioralFeature.parameter>
      </UML:Operation>
     </UML:Classifier.feature>
    </UML:Class>
    <UML:Association isAbstract="false" isLeaf="false" isRoot="false" isSpecification="false" isTemplate="false" link="S.225 S.226 S.227 S.228" name="A_Sale_SaleItem" namespace="S.1" visibility="public" xmi.id="S.224">
     <UML:Association.connection>
      <UML:AssociationEnd aggregation="composite" association="S.224" changeability="changeable" isNavigable="false" isSpecification="false" isTemplate="false" linkEnd="S.232 S.233 S.234 S.235" name="sale" ordering="unordered" targetScope="instance" type="S.126" visibility="public" xmi.id="S.229">
       <UML:AssociationEnd.multiplicity>
        <UML:Multiplicity xmi.id="S.230">
         <UML:Multiplicity.range>
          <UML:MultiplicityRange lower="1" multiplicity="S.230" upper="1" xmi.id="S.231"/>
         </UML:Multiplicity.range>
        </UML:Multiplicity>
       </UML:AssociationEnd.multiplicity>
      </UML:AssociationEnd>
      <UML:AssociationEnd aggregation="none" association="S.224" changeability="changeable" isNavigable="true" isSpecification="false" isTemplate="false" linkEnd="S.239 S.240 S.241 S.242" name="items" ordering="unordered" targetScope="instance" type="S.208" visibility="private" xmi.id="S.236">
       <UML:AssociationEnd.multiplicity>
        <UML:Multiplicity xmi.id="S.237">
         <UML:Multiplicity.range>
          <UML:MultiplicityRange lower="1" multiplicity="S.237" upper="-1" xmi.id="S.238"/>
         </UML:Multiplicity.range>
        </UML:Multiplicity>
       </UML:AssociationEnd.multiplicity>
      </UML:AssociationEnd>
     </UML:Association.connection>
    </UML:Association>
    <UML:Class instance="S.243 S.244 S.245" isAbstract="false" isActive="true" isLeaf="false" isRoot="false" isSpecification="false" isTemplate="false" name="Product" namespace="S.1" visibility="public" xmi.id="S.134">
     <UML:Classifier.feature>
      <UML:Attribute attributeLink="S.247 S.248 S.249" changeability="changeable" isSpecification="false" isTemplate="false" name="barCode" ordering="unordered" owner="S.134" ownerScope="instance" targetScope="instance" type="S.63" visibility="private" xmi.id="S.246">
       <UML:Attribute.initialValue>
        <UML:Expression body="" xmi.id="S.250"/>
       </UML:Attribute.initialValue>
       <UML:StructuralFeature.multiplicity>
        <UML:Multiplicity xmi.id="S.251">
         <UML:Multiplicity.range>
          <UML:MultiplicityRange lower="1" multiplicity="S.251" upper="1" xmi.id="S.252"/>
         </UML:Multiplicity.range>
        </UML:Multiplicity>
       </UML:StructuralFeature.multiplicity>
      </UML:Attribute>
      <UML:Attribute attributeLink="S.254 S.255 S.256" changeability="changeable" isSpecification="false" isTemplate="false" name="name" ordering="unordered" owner="S.134" ownerScope="instance" targetScope="instance" type="S.63" visibility="private" xmi.id="S.253">
       <UML:Attribute.initialValue>
        <UML:Expression body="" xmi.id="S.257"/>
       </UML:Attribute.initialValue>
       <UML:StructuralFeature.multiplicity>
        <UML:Multiplicity xmi.id="S.258">
         <UML:Multiplicity.range>
          <UML:MultiplicityRange lower="1" multiplicity="S.258" upper="1" xmi.id="S.259"/>
         </UML:Multiplicity.range>
        </UML:Multiplicity>
       </UML:StructuralFeature.multiplicity>
      </UML:Attribute>
      <UML:Attribute attributeLink="S.261 S.262 S.263" changeability="changeable" isSpecification="false" isTemplate="false" name="price" ordering="unordered" owner="S.134" ownerScope="instance" targetScope="instance" type="S.37" visibility="private" xmi.id="S.260">
       <UML:Attribute.initialValue>
        <UML:Expression body="" xmi.id="S.264"/>
       </UML:Attribute.initialValue>
       <UML:StructuralFeature.multiplicity>
        <UML:Multiplicity xmi.id="S.265">
         <UML:Multiplicity.range>
          <UML:MultiplicityRange lower="1" multiplicity="S.265" upper="1" xmi.id="S.266"/>
         </UML:Multiplicity.range>
        </UML:Multiplicity>
       </UML:StructuralFeature.multiplicity>
      </UML:Attribute>
     </UML:Classifier.feature>
    </UML:Class>
    <UML:Association isAbstract="false" isLeaf="false" isRoot="false" isSpecification="false" isTemplate="false" link="S.268 S.269 S.270 S.271" name="A_SaleItem_Product" namespace="S.1" visibility="public" xmi.id="S.267">
     <UML:Association.connection>
      <UML:AssociationEnd aggregation="none" association="S.267" changeability="changeable" isNavigable="false" isSpecification="false" isTemplate="false" linkEnd="S.275 S.276 S.277 S.278" name="saleItem" ordering="unordered" targetScope="instance" type="S.208" visibility="public" xmi.id="S.272">
       <UML:AssociationEnd.multiplicity>
        <UML:Multiplicity xmi.id="S.273">
         <UML:Multiplicity.range>
          <UML:MultiplicityRange lower="1" multiplicity="S.273" upper="1" xmi.id="S.274"/>
         </UML:Multiplicity.range>
        </UML:Multiplicity>
       </UML:AssociationEnd.multiplicity>
      </UML:AssociationEnd>
      <UML:AssociationEnd aggregation="none" association="S.267" changeability="changeable" isNavigable="true" isSpecification="false" isTemplate="false" linkEnd="S.282 S.283 S.284 S.285" name="product" ordering="unordered" targetScope="instance" type="S.134" visibility="private" xmi.id="S.279">
       <UML:AssociationEnd.multiplicity>
        <UML:Multiplicity xmi.id="S.280">
         <UML:Multiplicity.range>
          <UML:MultiplicityRange lower="1" multiplicity="S.280" upper="1" xmi.id="S.281"/>
         </UML:Multiplicity.range>
        </UML:Multiplicity>
       </UML:AssociationEnd.multiplicity>
      </UML:AssociationEnd>
     </UML:Association.connection>
    </UML:Association>
    <UML:DataType instance="S.286 S.287 S.288" isAbstract="false" isLeaf="false" isRoot="false" isSpecification="false" isTemplate="false" name="DateTime" namespace="S.1" visibility="public" xmi.id="S.192"/>
    <UML:Association isAbstract="false" isLeaf="false" isRoot="false" isSpecification="false" isTemplate="false" link="S.290 S.291" name="A_SaleAgent_Sale" namespace="S.1" visibility="public" xmi.id="S.289">
     <UML:Association.connection>
      <UML:AssociationEnd aggregation="none" association="S.289" changeability="changeable" isNavigable="true" isSpecification="false" isTemplate="false" linkEnd="S.295 S.296" name="saleAgent" ordering="unordered" targetScope="instance" type="S.159" visibility="private" xmi.id="S.292">
       <UML:AssociationEnd.multiplicity>
        <UML:Multiplicity xmi.id="S.293">
         <UML:Multiplicity.range>
          <UML:MultiplicityRange lower="1" multiplicity="S.293" upper="1" xmi.id="S.294"/>
         </UML:Multiplicity.range>
        </UML:Multiplicity>
       </UML:AssociationEnd.multiplicity>
      </UML:AssociationEnd>
      <UML:AssociationEnd aggregation="none" association="S.289" changeability="changeable" isNavigable="true" isSpecification="false" isTemplate="false" linkEnd="S.300 S.301" name="sales" ordering="unordered" targetScope="instance" type="S.126" visibility="private" xmi.id="S.297">
       <UML:AssociationEnd.multiplicity>
        <UML:Multiplicity xmi.id="S.298">
         <UML:Multiplicity.range>
          <UML:MultiplicityRange lower="0" multiplicity="S.298" upper="-1" xmi.id="S.299"/>
         </UML:Multiplicity.range>
        </UML:Multiplicity>
       </UML:AssociationEnd.multiplicity>
      </UML:AssociationEnd>
     </UML:Association.connection>
    </UML:Association>
    <UML:Class instance="S.303" isAbstract="false" isActive="true" isLeaf="false" isRoot="false" isSpecification="false" isTemplate="false" name="Stock" namespace="S.1" visibility="public" xmi.id="S.302">
     <UML:Classifier.feature>
      <UML:Operation concurrency="concurrent" isAbstract="false" isLeaf="false" isQuery="false" isRoot="false" isSpecification="false" isTemplate="false" name="addProduct" owner="S.302" ownerScope="instance" visibility="public" xmi.id="S.304">
       <UML:BehavioralFeature.parameter>
        <UML:Parameter behavioralFeature="S.304" isSpecification="false" isTemplate="false" kind="in" name="p" type="S.134" visibility="private" xmi.id="S.305"/>
       </UML:BehavioralFeature.parameter>
      </UML:Operation>
      <UML:Operation concurrency="concurrent" isAbstract="false" isLeaf="false" isQuery="false" isRoot="false" isSpecification="false" isTemplate="false" name="deleteProduct" owner="S.302" ownerScope="instance" visibility="public" xmi.id="S.306">
       <UML:BehavioralFeature.parameter>
        <UML:Parameter behavioralFeature="S.306" isSpecification="false" isTemplate="false" kind="in" name="p" type="S.134" visibility="private" xmi.id="S.307"/>
       </UML:BehavioralFeature.parameter>
      </UML:Operation>
      <UML:Operation concurrency="concurrent" isAbstract="false" isLeaf="false" isQuery="false" isRoot="false" isSpecification="false" isTemplate="false" name="updateProduct" owner="S.302" ownerScope="instance" visibility="public" xmi.id="S.308">
       <UML:BehavioralFeature.parameter>
        <UML:Parameter behavioralFeature="S.308" isSpecification="false" isTemplate="false" kind="in" name="p" type="S.134" visibility="private" xmi.id="S.309"/>
       </UML:BehavioralFeature.parameter>
      </UML:Operation>
     </UML:Classifier.feature>
    </UML:Class>
    <UML:Association isAbstract="false" isLeaf="false" isRoot="false" isSpecification="false" isTemplate="false" name="A_SaleSystem_ProductRepository" namespace="S.1" visibility="public" xmi.id="S.310">
     <UML:Association.connection>
      <UML:AssociationEnd aggregation="none" association="S.310" changeability="changeable" isNavigable="false" isSpecification="false" isTemplate="false" name="saleSystem" ordering="unordered" targetScope="instance" type="S.123" visibility="public" xmi.id="S.311">
       <UML:AssociationEnd.multiplicity>
        <UML:Multiplicity xmi.id="S.312">
         <UML:Multiplicity.range>
          <UML:MultiplicityRange lower="1" multiplicity="S.312" upper="1" xmi.id="S.313"/>
         </UML:Multiplicity.range>
        </UML:Multiplicity>
       </UML:AssociationEnd.multiplicity>
      </UML:AssociationEnd>
      <UML:AssociationEnd aggregation="none" association="S.310" changeability="changeable" isNavigable="true" isSpecification="false" isTemplate="false" name="stock" ordering="unordered" targetScope="instance" type="S.302" visibility="private" xmi.id="S.314">
       <UML:AssociationEnd.multiplicity>
        <UML:Multiplicity xmi.id="S.315">
         <UML:Multiplicity.range>
          <UML:MultiplicityRange lower="1" multiplicity="S.315" upper="1" xmi.id="S.316"/>
         </UML:Multiplicity.range>
        </UML:Multiplicity>
       </UML:AssociationEnd.multiplicity>
      </UML:AssociationEnd>
     </UML:Association.connection>
    </UML:Association>
    <UML:Association isAbstract="false" isLeaf="false" isRoot="false" isSpecification="false" isTemplate="false" link="S.318 S.319 S.320" name="A_ProductRepository_Product" namespace="S.1" visibility="public" xmi.id="S.317">
     <UML:Association.connection>
      <UML:AssociationEnd aggregation="none" association="S.317" changeability="changeable" isNavigable="false" isSpecification="false" isTemplate="false" linkEnd="S.324 S.325 S.326" name="productRepository" ordering="unordered" targetScope="instance" type="S.302" visibility="public" xmi.id="S.321">
       <UML:AssociationEnd.multiplicity>
        <UML:Multiplicity xmi.id="S.322">
         <UML:Multiplicity.range>
          <UML:MultiplicityRange lower="1" multiplicity="S.322" upper="1" xmi.id="S.323"/>
         </UML:Multiplicity.range>
        </UML:Multiplicity>
       </UML:AssociationEnd.multiplicity>
      </UML:AssociationEnd>
      <UML:AssociationEnd aggregation="none" association="S.317" changeability="changeable" isNavigable="true" isSpecification="false" isTemplate="false" linkEnd="S.330 S.331 S.332" name="products" ordering="unordered" targetScope="instance" type="S.134" visibility="private" xmi.id="S.327">
       <UML:AssociationEnd.multiplicity>
        <UML:Multiplicity xmi.id="S.328">
         <UML:Multiplicity.range>
          <UML:MultiplicityRange lower="0" multiplicity="S.328" upper="-1" xmi.id="S.329"/>
         </UML:Multiplicity.range>
        </UML:Multiplicity>
       </UML:AssociationEnd.multiplicity>
      </UML:AssociationEnd>
     </UML:Association.connection>
    </UML:Association>
    <UML:Collaboration isAbstract="false" isLeaf="false" isRoot="false" isSpecification="false" isTemplate="false" name="Collaboration" namespace="S.1" visibility="public" xmi.id="S.333">
     <UML:Namespace.ownedElement>
      <UML:Object classifier="S.134" isSpecification="false" isTemplate="false" linkEnd="S.282 S.324" name="p1" namespace="S.333" visibility="public" xmi.id="S.243">
       <UML:Instance.slot>
        <UML:AttributeLink attribute="S.246" instance="S.243" isSpecification="false" isTemplate="false" name="barCode" value="S.65" visibility="private" xmi.id="S.247"/>
        <UML:AttributeLink attribute="S.253" instance="S.243" isSpecification="false" isTemplate="false" name="name" value="S.66" visibility="private" xmi.id="S.254"/>
        <UML:AttributeLink attribute="S.260" instance="S.243" isSpecification="false" isTemplate="false" name="price" value="S.39" visibility="private" xmi.id="S.261"/>
       </UML:Instance.slot>
      </UML:Object>
      <UML:Object classifier="S.208" isSpecification="false" isTemplate="false" linkEnd="S.275 S.232" name="saleItem1" namespace="S.333" visibility="public" xmi.id="S.209">
       <UML:Instance.slot>
        <UML:AttributeLink attribute="S.213" instance="S.209" isSpecification="false" isTemplate="false" name="quantitySold" value="S.18" visibility="private" xmi.id="S.214"/>
       </UML:Instance.slot>
      </UML:Object>
      <UML:Link association="S.267" isSpecification="false" isTemplate="false" name="A_saleItem1_p1" namespace="S.333" visibility="public" xmi.id="S.268">
       <UML:Link.connection>
        <UML:LinkEnd associationEnd="S.272" instance="S.209" isSpecification="false" isTemplate="false" link="S.268" name="saleItem" visibility="private" xmi.id="S.275"/>
        <UML:LinkEnd associationEnd="S.279" instance="S.243" isSpecification="false" isTemplate="false" link="S.268" name="product" visibility="private" xmi.id="S.282"/>
       </UML:Link.connection>
      </UML:Link>
      <UML:Object classifier="S.134" isSpecification="false" isTemplate="false" linkEnd="S.276 S.284 S.325" name="p2" namespace="S.333" visibility="public" xmi.id="S.244">
       <UML:Instance.slot>
        <UML:AttributeLink attribute="S.246" instance="S.244" isSpecification="false" isTemplate="false" name="barCode" value="S.67" visibility="private" xmi.id="S.248"/>
        <UML:AttributeLink attribute="S.253" instance="S.244" isSpecification="false" isTemplate="false" name="name" value="S.68" visibility="private" xmi.id="S.255"/>
        <UML:AttributeLink attribute="S.260" instance="S.244" isSpecification="false" isTemplate="false" name="price" value="S.40" visibility="private" xmi.id="S.262"/>
       </UML:Instance.slot>
      </UML:Object>
      <UML:Object classifier="S.208" isSpecification="false" isTemplate="false" linkEnd="S.283 S.240" name="saleItem2" namespace="S.333" visibility="public" xmi.id="S.210">
       <UML:Instance.slot>
        <UML:AttributeLink attribute="S.213" instance="S.210" isSpecification="false" isTemplate="false" name="quantitySold" value="S.19" visibility="private" xmi.id="S.215"/>
       </UML:Instance.slot>
      </UML:Object>
      <UML:Link association="S.267" isSpecification="false" isTemplate="false" name="A_p2_saleItem2" namespace="S.333" visibility="public" xmi.id="S.269">
       <UML:Link.connection>
        <UML:LinkEnd associationEnd="S.272" instance="S.244" isSpecification="false" isTemplate="false" link="S.269" name="saleItem" visibility="private" xmi.id="S.276"/>
        <UML:LinkEnd associationEnd="S.279" instance="S.210" isSpecification="false" isTemplate="false" link="S.269" name="product" visibility="private" xmi.id="S.283"/>
       </UML:Link.connection>
      </UML:Link>
      <UML:Object classifier="S.126" isSpecification="false" isTemplate="false" linkEnd="S.239 S.233 S.300" name="sale1" namespace="S.333" visibility="public" xmi.id="S.180">
       <UML:Instance.slot>
        <UML:AttributeLink attribute="S.182" instance="S.180" isSpecification="false" isTemplate="false" name="saleId" value="S.69" visibility="private" xmi.id="S.183"/>
        <UML:AttributeLink attribute="S.188" instance="S.180" isSpecification="false" isTemplate="false" name="saleDate" value="S.287" visibility="private" xmi.id="S.189"/>
        <UML:AttributeLink attribute="S.195" instance="S.180" isSpecification="false" isTemplate="false" name="saleAgentId" value="S.7" visibility="private" xmi.id="S.196"/>
       </UML:Instance.slot>
      </UML:Object>
      <UML:Link association="S.224" isSpecification="false" isTemplate="false" name="A_saleItem1_sale1" namespace="S.333" visibility="public" xmi.id="S.225">
       <UML:Link.connection>
        <UML:LinkEnd associationEnd="S.229" instance="S.209" isSpecification="false" isTemplate="false" link="S.225" name="sale" visibility="private" xmi.id="S.232"/>
        <UML:LinkEnd associationEnd="S.236" instance="S.180" isSpecification="false" isTemplate="false" link="S.225" name="items" visibility="private" xmi.id="S.239"/>
       </UML:Link.connection>
      </UML:Link>
      <UML:Link association="S.224" isSpecification="false" isTemplate="false" name="A_sale1_saleItem2" namespace="S.333" visibility="public" xmi.id="S.226">
       <UML:Link.connection>
        <UML:LinkEnd associationEnd="S.229" instance="S.180" isSpecification="false" isTemplate="false" link="S.226" name="sale" visibility="private" xmi.id="S.233"/>
        <UML:LinkEnd associationEnd="S.236" instance="S.210" isSpecification="false" isTemplate="false" link="S.226" name="items" visibility="private" xmi.id="S.240"/>
       </UML:Link.connection>
      </UML:Link>
      <UML:Object classifier="S.159" isSpecification="false" isTemplate="false" linkEnd="S.295 S.296" name="saleAgent1" namespace="S.333" visibility="public" xmi.id="S.160">
       <UML:Instance.slot>
        <UML:AttributeLink attribute="S.161" instance="S.160" isSpecification="false" isTemplate="false" name="id" value="S.18" visibility="private" xmi.id="S.162"/>
        <UML:AttributeLink attribute="S.166" instance="S.160" isSpecification="false" isTemplate="false" name="name" value="S.70" visibility="private" xmi.id="S.167"/>
       </UML:Instance.slot>
      </UML:Object>
      <UML:Object classifier="S.126" isSpecification="false" isTemplate="false" linkEnd="S.301 S.234 S.235" name="sale2" namespace="S.333" visibility="public" xmi.id="S.181">
       <UML:Instance.slot>
        <UML:AttributeLink attribute="S.182" instance="S.181" isSpecification="false" isTemplate="false" name="saleId" value="S.71" visibility="private" xmi.id="S.184"/>
        <UML:AttributeLink attribute="S.188" instance="S.181" isSpecification="false" isTemplate="false" name="saleDate" value="S.288" visibility="private" xmi.id="S.190"/>
        <UML:AttributeLink attribute="S.195" instance="S.181" isSpecification="false" isTemplate="false" name="saleAgentId" value="S.7" visibility="private" xmi.id="S.197"/>
       </UML:Instance.slot>
      </UML:Object>
      <UML:Link association="S.289" isSpecification="false" isTemplate="false" name="A_saleAgent1_sale1" namespace="S.333" visibility="public" xmi.id="S.290">
       <UML:Link.connection>
        <UML:LinkEnd associationEnd="S.292" instance="S.160" isSpecification="false" isTemplate="false" link="S.290" name="saleAgent" visibility="private" xmi.id="S.295"/>
        <UML:LinkEnd associationEnd="S.297" instance="S.180" isSpecification="false" isTemplate="false" link="S.290" name="sales" visibility="private" xmi.id="S.300"/>
       </UML:Link.connection>
      </UML:Link>
      <UML:Link association="S.289" isSpecification="false" isTemplate="false" name="A_saleAgent1_sale2" namespace="S.333" visibility="public" xmi.id="S.291">
       <UML:Link.connection>
        <UML:LinkEnd associationEnd="S.292" instance="S.160" isSpecification="false" isTemplate="false" link="S.291" name="saleAgent" visibility="private" xmi.id="S.296"/>
        <UML:LinkEnd associationEnd="S.297" instance="S.181" isSpecification="false" isTemplate="false" link="S.291" name="sales" visibility="private" xmi.id="S.301"/>
       </UML:Link.connection>
      </UML:Link>
      <UML:Object classifier="S.208" isSpecification="false" isTemplate="false" linkEnd="S.277 S.241" name="saleItem3" namespace="S.333" visibility="public" xmi.id="S.211">
       <UML:Instance.slot>
        <UML:AttributeLink attribute="S.213" instance="S.211" isSpecification="false" isTemplate="false" name="quantitySold" value="S.20" visibility="private" xmi.id="S.216"/>
       </UML:Instance.slot>
      </UML:Object>
      <UML:Object classifier="S.208" isSpecification="false" isTemplate="false" linkEnd="S.278 S.242" name="saleItem4" namespace="S.333" visibility="public" xmi.id="S.212">
       <UML:Instance.slot>
        <UML:AttributeLink attribute="S.213" instance="S.212" isSpecification="false" isTemplate="false" name="quantitySold" value="S.21" visibility="private" xmi.id="S.217"/>
       </UML:Instance.slot>
      </UML:Object>
      <UML:Link association="S.267" isSpecification="false" isTemplate="false" name="A_saleItem3_p2" namespace="S.333" visibility="public" xmi.id="S.270">
       <UML:Link.connection>
        <UML:LinkEnd associationEnd="S.272" instance="S.211" isSpecification="false" isTemplate="false" link="S.270" name="saleItem" visibility="private" xmi.id="S.277"/>
        <UML:LinkEnd associationEnd="S.279" instance="S.244" isSpecification="false" isTemplate="false" link="S.270" name="product" visibility="private" xmi.id="S.284"/>
       </UML:Link.connection>
      </UML:Link>
      <UML:Object classifier="S.134" isSpecification="false" isTemplate="false" linkEnd="S.285 S.326" name="p3" namespace="S.333" visibility="public" xmi.id="S.245">
       <UML:Instance.slot>
        <UML:AttributeLink attribute="S.246" instance="S.245" isSpecification="false" isTemplate="false" name="barCode" value="S.72" visibility="private" xmi.id="S.249"/>
        <UML:AttributeLink attribute="S.253" instance="S.245" isSpecification="false" isTemplate="false" name="name" value="S.73" visibility="private" xmi.id="S.256"/>
        <UML:AttributeLink attribute="S.260" instance="S.245" isSpecification="false" isTemplate="false" name="price" value="S.41" visibility="private" xmi.id="S.263"/>
       </UML:Instance.slot>
      </UML:Object>
      <UML:Link association="S.267" isSpecification="false" isTemplate="false" name="A_saleItem4_p3" namespace="S.333" visibility="public" xmi.id="S.271">
       <UML:Link.connection>
        <UML:LinkEnd associationEnd="S.272" instance="S.212" isSpecification="false" isTemplate="false" link="S.271" name="saleItem" visibility="private" xmi.id="S.278"/>
        <UML:LinkEnd associationEnd="S.279" instance="S.245" isSpecification="false" isTemplate="false" link="S.271" name="product" visibility="private" xmi.id="S.285"/>
       </UML:Link.connection>
      </UML:Link>
      <UML:Link association="S.224" isSpecification="false" isTemplate="false" name="A_sale2_saleItem3" namespace="S.333" visibility="public" xmi.id="S.227">
       <UML:Link.connection>
        <UML:LinkEnd associationEnd="S.229" instance="S.181" isSpecification="false" isTemplate="false" link="S.227" name="sale" visibility="private" xmi.id="S.234"/>
        <UML:LinkEnd associationEnd="S.236" instance="S.211" isSpecification="false" isTemplate="false" link="S.227" name="items" visibility="private" xmi.id="S.241"/>
       </UML:Link.connection>
      </UML:Link>
      <UML:Link association="S.224" isSpecification="false" isTemplate="false" name="A_sale2_saleItem4" namespace="S.333" visibility="public" xmi.id="S.228">
       <UML:Link.connection>
        <UML:LinkEnd associationEnd="S.229" instance="S.181" isSpecification="false" isTemplate="false" link="S.228" name="sale" visibility="private" xmi.id="S.235"/>
        <UML:LinkEnd associationEnd="S.236" instance="S.212" isSpecification="false" isTemplate="false" link="S.228" name="items" visibility="private" xmi.id="S.242"/>
       </UML:Link.connection>
      </UML:Link>
      <UML:Object classifier="S.302" isSpecification="false" isTemplate="false" linkEnd="S.330 S.331 S.332" name="stock" namespace="S.333" visibility="public" xmi.id="S.303"/>
      <UML:Link association="S.317" isSpecification="false" isTemplate="false" name="A_p1_stock" namespace="S.333" visibility="public" xmi.id="S.318">
       <UML:Link.connection>
        <UML:LinkEnd associationEnd="S.321" instance="S.243" isSpecification="false" isTemplate="false" link="S.318" name="productRepository" visibility="private" xmi.id="S.324"/>
        <UML:LinkEnd associationEnd="S.327" instance="S.303" isSpecification="false" isTemplate="false" link="S.318" name="products" visibility="private" xmi.id="S.330"/>
       </UML:Link.connection>
      </UML:Link>
      <UML:Link association="S.317" isSpecification="false" isTemplate="false" name="A_p2_stock" namespace="S.333" visibility="public" xmi.id="S.319">
       <UML:Link.connection>
        <UML:LinkEnd associationEnd="S.321" instance="S.244" isSpecification="false" isTemplate="false" link="S.319" name="productRepository" visibility="private" xmi.id="S.325"/>
        <UML:LinkEnd associationEnd="S.327" instance="S.303" isSpecification="false" isTemplate="false" link="S.319" name="products" visibility="private" xmi.id="S.331"/>
       </UML:Link.connection>
      </UML:Link>
      <UML:Link association="S.317" isSpecification="false" isTemplate="false" name="A_p3_stock" namespace="S.333" visibility="public" xmi.id="S.320">
       <UML:Link.connection>
        <UML:LinkEnd associationEnd="S.321" instance="S.245" isSpecification="false" isTemplate="false" link="S.320" name="productRepository" visibility="private" xmi.id="S.326"/>
        <UML:LinkEnd associationEnd="S.327" instance="S.303" isSpecification="false" isTemplate="false" link="S.320" name="products" visibility="private" xmi.id="S.332"/>
       </UML:Link.connection>
      </UML:Link>
     </UML:Namespace.ownedElement>
    </UML:Collaboration>
    <UML:DataValue classifier="S.63" isSpecification="false" isTemplate="false" name="" namespace="S.1" visibility="public" xmi.id="S.64"/>
    <UML:DataValue classifier="S.37" isSpecification="false" isTemplate="false" name="" namespace="S.1" visibility="public" xmi.id="S.38"/>
    <UML:DataValue attributeLink="S.247" classifier="S.63" isSpecification="false" isTemplate="false" name="123" namespace="S.1" visibility="public" xmi.id="S.65"/>
    <UML:DataValue attributeLink="S.254" classifier="S.63" isSpecification="false" isTemplate="false" name="Lapte" namespace="S.1" visibility="public" xmi.id="S.66"/>
    <UML:DataValue attributeLink="S.261" classifier="S.37" isSpecification="false" isTemplate="false" name="3" namespace="S.1" visibility="public" xmi.id="S.39"/>
    <UML:DataValue classifier="S.16" isSpecification="false" isTemplate="false" name="" namespace="S.1" visibility="public" xmi.id="S.17"/>
    <UML:DataValue attributeLink="S.162 S.214" classifier="S.16" isSpecification="false" isTemplate="false" name="3" namespace="S.1" visibility="public" xmi.id="S.18"/>
    <UML:DataValue attributeLink="S.248" classifier="S.63" isSpecification="false" isTemplate="false" name="234" namespace="S.1" visibility="public" xmi.id="S.67"/>
    <UML:DataValue attributeLink="S.255" classifier="S.63" isSpecification="false" isTemplate="false" name="Paine" namespace="S.1" visibility="public" xmi.id="S.68"/>
    <UML:DataValue attributeLink="S.262" classifier="S.37" isSpecification="false" isTemplate="false" name="2" namespace="S.1" visibility="public" xmi.id="S.40"/>
    <UML:DataValue attributeLink="S.215" classifier="S.16" isSpecification="false" isTemplate="false" name="2" namespace="S.1" visibility="public" xmi.id="S.19"/>
    <UML:DataValue classifier="S.192" isSpecification="false" isTemplate="false" name="" namespace="S.1" visibility="public" xmi.id="S.286"/>
    <UML:DataValue classifier="S.5" isSpecification="false" isTemplate="false" name="" namespace="S.1" visibility="public" xmi.id="S.6"/>
    <UML:DataValue attributeLink="S.183" classifier="S.63" isSpecification="false" isTemplate="false" name="1" namespace="S.1" visibility="public" xmi.id="S.69"/>
    <UML:DataValue attributeLink="S.189" classifier="S.192" isSpecification="false" isTemplate="false" name="04/12/2013" namespace="S.1" visibility="public" xmi.id="S.287"/>
    <UML:DataValue attributeLink="S.197 S.196" classifier="S.5" isSpecification="false" isTemplate="false" name="3" namespace="S.1" visibility="public" xmi.id="S.7"/>
    <UML:DataValue attributeLink="S.167" classifier="S.63" isSpecification="false" isTemplate="false" name="Iulian" namespace="S.1" visibility="public" xmi.id="S.70"/>
    <UML:DataValue attributeLink="S.184" classifier="S.63" isSpecification="false" isTemplate="false" name="2" namespace="S.1" visibility="public" xmi.id="S.71"/>
    <UML:DataValue attributeLink="S.190" classifier="S.192" isSpecification="false" isTemplate="false" name="05/12/2013" namespace="S.1" visibility="public" xmi.id="S.288"/>
    <UML:DataValue attributeLink="S.216" classifier="S.16" isSpecification="false" isTemplate="false" name="5" namespace="S.1" visibility="public" xmi.id="S.20"/>
    <UML:DataValue attributeLink="S.217" classifier="S.16" isSpecification="false" isTemplate="false" name="20" namespace="S.1" visibility="public" xmi.id="S.21"/>
    <UML:DataValue attributeLink="S.249" classifier="S.63" isSpecification="false" isTemplate="false" name="345" namespace="S.1" visibility="public" xmi.id="S.72"/>
    <UML:DataValue attributeLink="S.256" classifier="S.63" isSpecification="false" isTemplate="false" name="Bere" namespace="S.1" visibility="public" xmi.id="S.73"/>
    <UML:DataValue attributeLink="S.263" classifier="S.37" isSpecification="false" isTemplate="false" name="5.5" namespace="S.1" visibility="public" xmi.id="S.41"/>
   </UML:Namespace.ownedElement>
  </UML:Model>
 </XMI.content>
</XMI>
